{"textures":{"0":"modelengine:entity/glare"},"elements":[{"from":[2.0,2.0,2.0],"to":[14.0,14.0,14.0],"faces":{"east":{"uv":[0.0,3.0,3.0,6.0],"tintindex":0,"rotation":0,"texture":"#0"},"south":{"uv":[3.0,0.0,6.0,3.0],"tintindex":0,"rotation":0,"texture":"#0"},"north":{"uv":[0.0,0.0,3.0,3.0],"tintindex":0,"rotation":0,"texture":"#0"},"west":{"uv":[3.0,3.0,6.0,6.0],"tintindex":0,"rotation":0,"texture":"#0"},"up":{"uv":[3.0,9.0,0.0,6.0],"tintindex":0,"rotation":0,"texture":"#0"},"down":{"uv":[9.0,0.0,6.0,3.0],"tintindex":0,"rotation":0,"texture":"#0"}}},{"from":[3.0,3.0,5.0],"to":[13.0,13.0,13.0],"faces":{"east":{"uv":[8.0,8.0,10.0,10.5],"tintindex":0,"rotation":0,"texture":"#0"},"south":{"uv":[8.0,5.5,10.5,8.0],"tintindex":0,"rotation":0,"texture":"#0"},"north":{"uv":[5.5,6.0,8.0,8.5],"tintindex":0,"rotation":0,"texture":"#0"},"west":{"uv":[3.0,8.5,5.0,11.0],"tintindex":0,"rotation":0,"texture":"#0"},"up":{"uv":[11.0,5.0,8.5,3.0],"tintindex":0,"rotation":0,"texture":"#0"},"down":{"uv":[7.5,8.5,5.0,10.5],"tintindex":0,"rotation":0,"texture":"#0"}}}]}