{"textures":{"0":"modelengine:entity/ostrich"},"elements":[{"from":[7.0,5.5979013,6.582882],"to":[8.0,11.5979,15.582882],"faces":{"east":{"uv":[5.0,2.0,7.25,3.5],"tintindex":0,"rotation":0,"texture":"#0"},"south":{"uv":[3.75,11.0,4.0,12.5],"tintindex":0,"rotation":0,"texture":"#0"},"north":{"uv":[3.5,11.0,3.75,12.5],"tintindex":0,"rotation":0,"texture":"#0"},"west":{"uv":[7.0,3.5,9.25,5.0],"tintindex":0,"rotation":0,"texture":"#0"},"up":{"uv":[2.25,13.0,2.0,10.75],"tintindex":0,"rotation":0,"texture":"#0"},"down":{"uv":[0.25,11.0,0.0,13.25],"tintindex":0,"rotation":0,"texture":"#0"}}}]}