{"textures":{"0":"modelengine:entity/ostrich"},"elements":[{"from":[8.25,5.5979013,6.582882],"to":[9.25,11.5979,15.582882],"faces":{"east":{"uv":[7.25,2.0,9.5,3.5],"tintindex":0,"rotation":0,"texture":"#0"},"south":{"uv":[4.25,11.0,4.5,12.5],"tintindex":0,"rotation":0,"texture":"#0"},"north":{"uv":[4.0,11.0,4.25,12.5],"tintindex":0,"rotation":0,"texture":"#0"},"west":{"uv":[0.0,7.5,2.25,9.0],"tintindex":0,"rotation":0,"texture":"#0"},"up":{"uv":[0.5,13.25,0.25,11.0],"tintindex":0,"rotation":0,"texture":"#0"},"down":{"uv":[0.75,11.0,0.5,13.25],"tintindex":0,"rotation":0,"texture":"#0"}}}]}