{"textures":{"0":"modelengine:entity/ostrich"},"elements":[{"from":[6.85,-0.9,4.2749996],"to":[9.15,5.9,4.325],"faces":{"east":{"uv":[11.0,2.5,11.25,4.25],"tintindex":0,"rotation":0,"texture":"#0"},"south":{"uv":[9.5,4.25,10.25,6.0],"tintindex":0,"rotation":0,"texture":"#0"},"north":{"uv":[9.5,1.75,10.25,3.5],"tintindex":0,"rotation":0,"texture":"#0"},"west":{"uv":[3.25,11.0,3.5,12.75],"tintindex":0,"rotation":0,"texture":"#0"},"up":{"uv":[12.0,3.5,11.25,3.25],"tintindex":0,"rotation":0,"texture":"#0"},"down":{"uv":[12.0,3.5,11.25,3.75],"tintindex":0,"rotation":0,"texture":"#0"}},"rotation":{"origin":[3.75,-2.6000004,11.5],"angle":22.5,"axis":"x"}}]}