{
	"credit": "Made with Blockbench",
	"textures": {
		"0": "block/oak_log",
		"1": "block/oak_planks",
		"2": "item/worldmodels/sign_bewarefallinganvils/sign",
		"particle": "block/oak_log"
	},
	"elements": [
		{
			"from": [7.5, 0, 0.5],
			"to": [8.5, 15, 1.5],
			"faces": {
				"north": {"uv": [0, 0, 1, 15], "texture": "#0"},
				"east": {"uv": [0, 0, 1, 15], "texture": "#0"},
				"south": {"uv": [0, 0, 1, 15], "texture": "#0"},
				"west": {"uv": [0, 0, 1, 15], "texture": "#0"},
				"up": {"uv": [0, 0, 1, 1], "texture": "#0"},
				"down": {"uv": [0, 0, 1, 1], "texture": "#0"}
			}
		},
		{
			"from": [6.5, 5, -0.5],
			"to": [8, 14, 16.5],
			"faces": {
				"north": {"uv": [0, 0, 1.5, 9], "texture": "#1"},
				"east": {"uv": [0, 0, 16, 9], "texture": "#1"},
				"south": {"uv": [0, 0, 1.5, 9], "texture": "#1"},
				"west": {"uv": [0, 0, 16, 9], "texture": "#1"},
				"up": {"uv": [0, 0, 1.5, 16], "texture": "#1"},
				"down": {"uv": [0, 0, 1.5, 16], "texture": "#1"}
			}
		},
		{
			"from": [6.5, 4.9, -0.6],
			"to": [7, 14.1, 16.6],
			"faces": {
				"north": {"uv": [0, 0, 16, 0.35294], "texture": "#2"},
				"east": {"uv": [0, 0, 16, 0.35294], "texture": "#2"},
				"south": {"uv": [0, 0, 16, 0.35294], "texture": "#2"},
				"west": {"uv": [0, 0, 16, 0.35294], "texture": "#2"},
				"up": {"uv": [0, 0, 16, 0.35294], "texture": "#2"},
				"down": {"uv": [0, 0, 16, 0.35294], "texture": "#2"}
			}
		},
		{
			"from": [6.49, 5, -0.5],
			"to": [6.49, 14, 16.5],
			"faces": {
				"north": {"uv": [0, 0, 0, 9], "texture": "#1"},
				"east": {"uv": [0, 0, 16, 9], "texture": "#1"},
				"south": {"uv": [0, 0, 0, 9], "texture": "#1"},
				"west": {"uv": [0, 0, 16, 16], "texture": "#2"},
				"up": {"uv": [0, 0, 0, 16], "texture": "#1"},
				"down": {"uv": [0, 0, 0, 16], "texture": "#1"}
			}
		},
		{
			"from": [7.5, 0, 14.5],
			"to": [8.5, 15, 15.5],
			"faces": {
				"north": {"uv": [0, 0, 1, 15], "texture": "#0"},
				"east": {"uv": [0, 0, 1, 15], "texture": "#0"},
				"south": {"uv": [0, 0, 1, 15], "texture": "#0"},
				"west": {"uv": [0, 0, 1, 15], "texture": "#0"},
				"up": {"uv": [0, 0, 1, 1], "texture": "#0"},
				"down": {"uv": [0, 0, 1, 1], "texture": "#0"}
			}
		}
	],
	"display": {
		"head": {
			"rotation": [0, -90, 0],
			"translation": [0, -19.75, 0],
			"scale": [3, 3, 3]
		}
	}
}