{"textures":{"0":"modelengine:entity/greet_hunter"},"elements":[{"from":[-0.07120037,6.436286,-10.460621],"to":[-0.07120037,11.817086,9.26898],"faces":{"east":{"uv":[4.5,2.25,7.25,3.0],"tintindex":0,"rotation":0,"texture":"#0"},"south":{"uv":[2.25,5.5,4.5,6.25],"tintindex":0,"rotation":0,"texture":"#0"},"north":{"uv":[0.0,5.5,2.25,6.25],"tintindex":0,"rotation":0,"texture":"#0"},"west":{"uv":[4.5,1.5,7.25,2.25],"tintindex":0,"rotation":0,"texture":"#0"},"up":{"uv":[2.25,2.75,0.0,0.0],"tintindex":0,"rotation":0,"texture":"#0"},"down":{"uv":[4.5,0.0,2.25,2.75],"tintindex":0,"rotation":0,"texture":"#0"}}},{"from":[-0.5195999,6.8846865,-10.909019],"to":[16.5196,12.265487,9.717381],"faces":{"east":{"uv":[11.25,0.0,14.0,0.75],"tintindex":0,"rotation":0,"texture":"#0"},"south":{"uv":[9.0,4.25,11.25,5.0],"tintindex":0,"rotation":0,"texture":"#0"},"north":{"uv":[9.0,2.75,11.25,3.5],"tintindex":0,"rotation":0,"texture":"#0"},"west":{"uv":[11.25,1.5,14.0,2.5],"tintindex":0,"rotation":0,"texture":"#0"},"up":{"uv":[13.5,5.75,11.25,3.0],"tintindex":0,"rotation":0,"texture":"#0"},"down":{"uv":[11.25,0.0,9.0,2.75],"tintindex":0,"rotation":0,"texture":"#0"}}},{"from":[-0.07120037,11.817086,-10.460621],"to":[16.071201,11.817086,9.26898],"faces":{"east":{"uv":[4.5,0.0,7.25,0.75],"tintindex":0,"rotation":0,"texture":"#0"},"south":{"uv":[2.25,5.5,4.5,6.25],"tintindex":0,"rotation":0,"texture":"#0"},"north":{"uv":[0.0,5.5,2.25,6.25],"tintindex":0,"rotation":0,"texture":"#0"},"west":{"uv":[4.5,1.5,7.25,2.25],"tintindex":0,"rotation":0,"texture":"#0"},"up":{"uv":[2.25,2.75,0.0,0.0],"tintindex":0,"rotation":0,"texture":"#0"},"down":{"uv":[2.25,2.75,0.0,0.0],"tintindex":0,"rotation":0,"texture":"#0"}}},{"from":[-0.07120037,6.436286,-10.460621],"to":[16.071201,11.817086,-10.460621],"faces":{"east":{"uv":[4.5,0.0,7.25,0.75],"tintindex":0,"rotation":0,"texture":"#0"},"south":{"uv":[2.25,5.5,4.5,6.25],"tintindex":0,"rotation":0,"texture":"#0"},"north":{"uv":[0.0,5.5,2.25,6.25],"tintindex":0,"rotation":0,"texture":"#0"},"west":{"uv":[4.5,1.5,7.25,2.25],"tintindex":0,"rotation":0,"texture":"#0"},"up":{"uv":[2.25,2.75,0.0,0.0],"tintindex":0,"rotation":0,"texture":"#0"},"down":{"uv":[4.5,0.0,2.25,2.75],"tintindex":0,"rotation":0,"texture":"#0"}}},{"from":[16.071201,6.436286,-10.460621],"to":[16.071201,11.817086,9.26898],"faces":{"east":{"uv":[4.5,0.0,7.25,0.75],"tintindex":0,"rotation":0,"texture":"#0"},"south":{"uv":[2.25,5.5,4.5,6.25],"tintindex":0,"rotation":0,"texture":"#0"},"north":{"uv":[0.0,5.5,2.25,6.25],"tintindex":0,"rotation":0,"texture":"#0"},"west":{"uv":[4.5,2.25,7.25,3.0],"tintindex":0,"rotation":0,"texture":"#0"},"up":{"uv":[2.25,2.75,0.0,0.0],"tintindex":0,"rotation":0,"texture":"#0"},"down":{"uv":[4.5,0.0,2.25,2.75],"tintindex":0,"rotation":0,"texture":"#0"}}},{"from":[-0.07120037,6.436286,9.26898],"to":[16.071201,11.817086,9.26898],"faces":{"east":{"uv":[4.5,0.0,7.25,0.75],"tintindex":0,"rotation":0,"texture":"#0"},"south":{"uv":[2.25,5.5,4.5,6.25],"tintindex":0,"rotation":0,"texture":"#0"},"north":{"uv":[0.0,5.5,2.25,6.25],"tintindex":0,"rotation":0,"texture":"#0"},"west":{"uv":[4.5,1.5,7.25,2.25],"tintindex":0,"rotation":0,"texture":"#0"},"up":{"uv":[2.25,2.75,0.0,0.0],"tintindex":0,"rotation":0,"texture":"#0"},"down":{"uv":[4.5,0.0,2.25,2.75],"tintindex":0,"rotation":0,"texture":"#0"}}}]}