{"textures":{"0":"modelengine:entity/rascal"},"elements":[{"from":[6.0976,-0.5487995,5.2743998],"to":[9.784,10.510401,10.3432],"faces":{"east":{"uv":[0.0,5.625,0.625,7.0],"tintindex":0,"rotation":0,"texture":"#0"},"south":{"uv":[3.375,6.125,3.875,7.5],"tintindex":0,"rotation":0,"texture":"#0"},"north":{"uv":[4.75,5.5,5.25,6.875],"tintindex":0,"rotation":0,"texture":"#0"},"west":{"uv":[0.625,5.625,1.25,7.0],"tintindex":0,"rotation":0,"texture":"#0"},"up":{"uv":[2.0,7.625,1.5,7.0],"tintindex":0,"rotation":0,"texture":"#0"},"down":{"uv":[2.5,7.0,2.0,7.625],"tintindex":0,"rotation":0,"texture":"#0"}}}]}