{"textures":{"0":"modelengine:entity/rascal"},"elements":[{"from":[1.2448001,1.4512,13.0704],"to":[12.225599,12.510401,18.4432],"faces":{"east":{"uv":[5.25,5.375,5.875,6.75],"tintindex":0,"rotation":0,"texture":"#0"},"south":{"uv":[0.0,4.25,1.375,5.625],"tintindex":0,"rotation":0,"texture":"#0"},"north":{"uv":[0.0,4.25,1.375,5.625],"tintindex":0,"rotation":0,"texture":"#0"},"west":{"uv":[2.75,5.5,3.375,6.875],"tintindex":0,"rotation":0,"texture":"#0"},"up":{"uv":[6.25,1.375,4.875,0.75],"tintindex":0,"rotation":0,"texture":"#0"},"down":{"uv":[4.75,5.5,3.375,6.125],"tintindex":0,"rotation":0,"texture":"#0"}}}]}