{
  "parent": "minecraft:block/cube_all",
  "textures": {
    "all": "minecraft:block/bedrock"
  },

  "overrides": 
  [
    {"predicate": {"custom_model_data":1}, "model": "custommodels/astronaut_helmet"},
    {"predicate": {"custom_model_data":2}, "model": "custommodels/ufo_buddy"},
    {"predicate": {"custom_model_data":3}, "model": "custommodels/hello_kitty_buddy"},
    {"predicate": {"custom_model_data":4}, "model": "custommodels/chip_hat"},
    {"predicate": {"custom_model_data":5}, "model": "custommodels/peter"},
    {"predicate": {"custom_model_data":6}, "model": "custommodels/fox_mask"},
    {"predicate": {"custom_model_data":7}, "model": "custommodels/pink_astronaut_helmet"},
    {"predicate": {"custom_model_data":8}, "model": "custommodels/pink_mushroom_hat"},
	{"predicate": {"custom_model_data":9}, "model": "custommodels/santa_hat"},
	{"predicate": {"custom_model_data":10}, "model": "custommodels/antlers"},
	{"predicate": {"custom_model_data":11}, "model": "custommodels/snowy_creeper_mask"}
  ]
  }