{
    "parent": "item/generated",
    "textures": {
        "layer0": "item/paper"
    },
    "overrides": [		
        { "predicate": { "custom_model_data": 1 }, "model": "custommodels/easter/nm_plushie_bunny_blue" },
        { "predicate": { "custom_model_data": 2 }, "model": "custommodels/easter/nm_plushie_bunny_brown" },
        { "predicate": { "custom_model_data": 3 }, "model": "custommodels/easter/nm_plushie_bunny_hopz" },
        { "predicate": { "custom_model_data": 4 }, "model": "custommodels/easter/nm_plushie_bunny_pink" },
        { "predicate": { "custom_model_data": 5 }, "model": "custommodels/easter/nm_plushie_bunny_white" },
        { "predicate": { "custom_model_data": 6 }, "model": "custommodels/easter/nm_plushie_bunny_yellow" },
        { "predicate": { "custom_model_data": 7 }, "model": "custommodels/easter/nm_plushie_chick_blue" },
        { "predicate": { "custom_model_data": 8 }, "model": "custommodels/easter/nm_plushie_chick_pink" },
        { "predicate": { "custom_model_data": 9 }, "model": "custommodels/easter/nm_plushie_chick_yellow" },
        { "predicate": { "custom_model_data": 10 }, "model": "custommodels/easter/nm_plushie_easter_bunny" },
        { "predicate": { "custom_model_data": 11 }, "model": "custommodels/easter/nm_plushie_mother_goose" }
    ]
}