{
    "parent": "item/generated",
    "textures": {
        "layer0": "item/potion_overlay",
        "layer1": "item/potion"
    },
	"overrides": [
		{ "predicate": { "custom_model_data": 1 }, "model": "custommodels/hot_chocolate"},
    { "predicate": { "custom_model_data": 2 }, "model": "custommodels/brewery/beer1"},
    { "predicate": { "custom_model_data": 3 }, "model": "custommodels/brewery/beer2"},
    { "predicate": { "custom_model_data": 4 }, "model": "custommodels/brewery/beer3"},
    { "predicate": { "custom_model_data": 5 }, "model": "custommodels/brewery/tequila1"},
    { "predicate": { "custom_model_data": 6 }, "model": "custommodels/brewery/tequila2"},
    { "predicate": { "custom_model_data": 7 }, "model": "custommodels/brewery/tequila3"},
    { "predicate": { "custom_model_data": 8 }, "model": "custommodels/brewery/vodka1"},
    { "predicate": { "custom_model_data": 9 }, "model": "custommodels/brewery/vodka2"},
    { "predicate": { "custom_model_data": 10 }, "model": "custommodels/brewery/vodka3"},
    { "predicate": { "custom_model_data": 11 }, "model": "custommodels/brewery/whiskey1"},
    { "predicate": { "custom_model_data": 12 }, "model": "custommodels/brewery/whiskey2"},
    { "predicate": { "custom_model_data": 13 }, "model": "custommodels/brewery/whiskey3"},
    { "predicate": { "custom_model_data": 14 }, "model": "custommodels/brewery/coffee1"},
    { "predicate": { "custom_model_data": 15 }, "model": "custommodels/brewery/coffee2"},
    { "predicate": { "custom_model_data": 16 }, "model": "custommodels/brewery/coffee3"},
    { "predicate": { "custom_model_data": 17 }, "model": "custommodels/brewery/darkbeer1"},
    { "predicate": { "custom_model_data": 18 }, "model": "custommodels/brewery/darkbeer2"},
    { "predicate": { "custom_model_data": 19 }, "model": "custommodels/brewery/darkbeer3"},
    { "predicate": { "custom_model_data": 20 }, "model": "custommodels/brewery/gin1"},
    { "predicate": { "custom_model_data": 21 }, "model": "custommodels/brewery/gin2"},
    { "predicate": { "custom_model_data": 22 }, "model": "custommodels/brewery/gin3"},
    { "predicate": { "custom_model_data": 23 }, "model": "custommodels/brewery/mushroomvodka1"},
    { "predicate": { "custom_model_data": 24 }, "model": "custommodels/brewery/mushroomvodka2"},
    { "predicate": { "custom_model_data": 25 }, "model": "custommodels/brewery/mushroomvodka3"},
    { "predicate": { "custom_model_data": 26 }, "model": "custommodels/brewery/wine"},
    { "predicate": { "custom_model_data": 27 }, "model": "custommodels/brewery/absinthe1"},
    { "predicate": { "custom_model_data": 28 }, "model": "custommodels/brewery/absinthe2"},
    { "predicate": { "custom_model_data": 29 }, "model": "custommodels/brewery/absinthe3"},
    { "predicate": { "custom_model_data": 30 }, "model": "custommodels/brewery/agavebrew"},
    { "predicate": { "custom_model_data": 31 }, "model": "custommodels/brewery/appleliquor1"},
    { "predicate": { "custom_model_data": 32 }, "model": "custommodels/brewery/appleliquor2"},
    { "predicate": { "custom_model_data": 33 }, "model": "custommodels/brewery/appleliquor3"},
    { "predicate": { "custom_model_data": 34 }, "model": "custommodels/brewery/applemead1"},
    { "predicate": { "custom_model_data": 35 }, "model": "custommodels/brewery/applemead2"},
    { "predicate": { "custom_model_data": 36 }, "model": "custommodels/brewery/applemead3"},
    { "predicate": { "custom_model_data": 37 }, "model": "custommodels/brewery/mead1"},
    { "predicate": { "custom_model_data": 38 }, "model": "custommodels/brewery/mead2"},
    { "predicate": { "custom_model_data": 39 }, "model": "custommodels/brewery/mead3"},
    { "predicate": { "custom_model_data": 40 }, "model": "custommodels/brewery/milkywater"},
    { "predicate": { "custom_model_data": 41 }, "model": "custommodels/brewery/rum1"},
    { "predicate": { "custom_model_data": 42 }, "model": "custommodels/brewery/rum2"},
    { "predicate": { "custom_model_data": 43 }, "model": "custommodels/brewery/rum3"},
    { "predicate": { "custom_model_data": 44 }, "model": "custommodels/brewery/coke"},
    { "predicate": { "custom_model_data": 45 }, "model": "custommodels/brewery/fanta"},
    { "predicate": { "custom_model_data": 46 }, "model": "custommodels/brewery/bajablast"},
    { "predicate": { "custom_model_data": 47 }, "model": "custommodels/brewery/rootbeer"},
    { "predicate": { "custom_model_data": 48 }, "model": "custommodels/brewery/brainmartini"},
    { "predicate": { "custom_model_data": 49 }, "model": "custommodels/brewery/dragonale"}
	]
}