{
  "parent": "minecraft:item/handheld",
  "textures": {
    "layer0": "minecraft:item/stick"
  },

  "overrides": [
    {"predicate": {"custom_model_data":1}, "model": "custommodels/cherry_buddy"},
    {"predicate": {"custom_model_data":2}, "model": "custommodels/cherry_stick"},
    {"predicate": {"custom_model_data":3}, "model": "custommodels/snowy_creeper_buddy"},
	  {"predicate": {"custom_model_data":4}, "model": "custommodels/gift_pet_icon"},
    {"predicate": {"custom_model_data":5}, "model": "custommodels/pops/funko_eli"},
    {"predicate": {"custom_model_data":6}, "model": "custommodels/pops/funko_alex"},
    {"predicate": {"custom_model_data":7}, "model": "custommodels/pops/funko_fisher"},
    {"predicate": {"custom_model_data":8}, "model": "custommodels/pops/funko_nick"},
    {"predicate": {"custom_model_data":9}, "model": "custommodels/pops/funko_sol"},
    {"predicate": {"custom_model_data":10}, "model": "custommodels/pops/funko_paid2win"},
    {"predicate": {"custom_model_data":11}, "model": "custommodels/pops/funko_courtney"},
    {"predicate": {"custom_model_data":12}, "model": "custommodels/pops/funko_ampharia"},
    {"predicate": {"custom_model_data":13}, "model": "custommodels/pops/funko_azelius"},
    {"predicate": {"custom_model_data":14}, "model": "custommodels/pops/funko_purple_walri"},
    {"predicate": {"custom_model_data":15}, "model": "custommodels/pops/funko_wompcomp"}
  ]
}