{"textures":{"0":"modelengine:entity/greet_hunter"},"elements":[{"from":[1.7224002,6.064,1.1707997],"to":[14.277599,9.651199,13.726],"faces":{"east":{"uv":[7.25,0.5,9.0,1.0],"tintindex":0,"rotation":0,"texture":"#0"},"south":{"uv":[7.25,1.0,9.0,1.5],"tintindex":0,"rotation":0,"texture":"#0"},"north":{"uv":[7.25,0.0,9.0,0.5],"tintindex":0,"rotation":0,"texture":"#0"},"west":{"uv":[7.25,1.5,9.0,2.0],"tintindex":0,"rotation":0,"texture":"#0"},"up":{"uv":[1.75,8.75,0.0,7.0],"tintindex":0,"rotation":0,"texture":"#0"},"down":{"uv":[1.75,8.75,0.0,7.0],"tintindex":0,"rotation":0,"texture":"#0"}}}]}