{"textures":{"0":"modelengine:entity/greet_hunter"},"elements":[{"from":[5.454,3.8578863,6.06178],"to":[9.0412,9.687086,9.648979],"faces":{"east":{"uv":[7.5,7.5,8.0,8.25],"tintindex":0,"rotation":0,"texture":"#0"},"south":{"uv":[7.75,2.0,8.25,2.75],"tintindex":0,"rotation":0,"texture":"#0"},"north":{"uv":[7.0,7.5,7.5,8.25],"tintindex":0,"rotation":0,"texture":"#0"},"west":{"uv":[7.75,2.75,8.25,3.5],"tintindex":0,"rotation":0,"texture":"#0"},"up":{"uv":[8.25,6.0,7.75,5.5],"tintindex":0,"rotation":0,"texture":"#0"},"down":{"uv":[8.5,7.5,8.0,8.0],"tintindex":0,"rotation":0,"texture":"#0"}}}]}