{"textures":{"0":"modelengine:entity/greet_hunter"},"elements":[{"from":[-0.07120037,2.5754857,-8.18062],"to":[-0.07120037,9.749886,11.54898],"faces":{"east":{"uv":[4.5,3.5,7.25,4.5],"tintindex":0,"rotation":0,"texture":"#0"},"south":{"uv":[6.75,6.5,9.0,7.5],"tintindex":0,"rotation":0,"texture":"#0"},"north":{"uv":[4.5,6.5,6.75,7.5],"tintindex":0,"rotation":0,"texture":"#0"},"west":{"uv":[4.5,5.0,7.25,6.0],"tintindex":0,"rotation":0,"texture":"#0"},"up":{"uv":[2.25,5.5,0.0,2.75],"tintindex":0,"rotation":0,"texture":"#0"},"down":{"uv":[4.5,2.75,2.25,5.5],"tintindex":0,"rotation":0,"texture":"#0"}}},{"from":[-0.07120037,2.5754857,11.54898],"to":[16.071201,9.749886,11.54898],"faces":{"east":{"uv":[4.5,3.5,7.25,4.5],"tintindex":0,"rotation":0,"texture":"#0"},"south":{"uv":[6.75,6.5,9.0,7.5],"tintindex":0,"rotation":0,"texture":"#0"},"north":{"uv":[4.5,6.5,6.75,7.5],"tintindex":0,"rotation":0,"texture":"#0"},"west":{"uv":[4.5,4.75,7.25,6.0],"tintindex":0,"rotation":0,"texture":"#0"},"up":{"uv":[2.25,5.5,0.0,2.75],"tintindex":0,"rotation":0,"texture":"#0"},"down":{"uv":[4.5,2.75,2.25,5.5],"tintindex":0,"rotation":0,"texture":"#0"}}},{"from":[-0.07120037,2.5754857,-8.18062],"to":[16.071201,9.749886,-8.18062],"faces":{"east":{"uv":[4.5,3.5,7.25,4.5],"tintindex":0,"rotation":0,"texture":"#0"},"south":{"uv":[6.75,6.5,9.0,7.5],"tintindex":0,"rotation":0,"texture":"#0"},"north":{"uv":[4.5,6.5,6.75,7.5],"tintindex":0,"rotation":0,"texture":"#0"},"west":{"uv":[4.5,5.0,7.25,6.0],"tintindex":0,"rotation":0,"texture":"#0"},"up":{"uv":[2.25,5.5,0.0,2.75],"tintindex":0,"rotation":0,"texture":"#0"},"down":{"uv":[4.5,2.75,2.25,5.5],"tintindex":0,"rotation":0,"texture":"#0"}}},{"from":[-0.07120037,2.5754857,-8.18062],"to":[16.071201,2.5754857,11.54898],"faces":{"east":{"uv":[4.5,3.0,7.25,4.5],"tintindex":0,"rotation":0,"texture":"#0"},"south":{"uv":[6.75,6.0,9.0,7.5],"tintindex":0,"rotation":0,"texture":"#0"},"north":{"uv":[4.5,6.0,6.75,7.5],"tintindex":0,"rotation":0,"texture":"#0"},"west":{"uv":[4.5,4.5,7.25,6.0],"tintindex":0,"rotation":0,"texture":"#0"},"up":{"uv":[4.5,2.75,2.25,5.5],"tintindex":0,"rotation":0,"texture":"#0"},"down":{"uv":[4.5,2.75,2.25,5.5],"tintindex":0,"rotation":0,"texture":"#0"}}},{"from":[16.071201,2.5754857,-8.18062],"to":[16.071201,9.749886,11.54898],"faces":{"east":{"uv":[4.5,3.5,7.25,4.5],"tintindex":0,"rotation":0,"texture":"#0"},"south":{"uv":[6.75,6.5,9.0,7.5],"tintindex":0,"rotation":0,"texture":"#0"},"north":{"uv":[4.5,6.5,6.75,7.5],"tintindex":0,"rotation":0,"texture":"#0"},"west":{"uv":[4.5,5.0,7.25,6.0],"tintindex":0,"rotation":0,"texture":"#0"},"up":{"uv":[2.25,5.5,0.0,2.75],"tintindex":0,"rotation":0,"texture":"#0"},"down":{"uv":[4.5,2.75,2.25,5.5],"tintindex":0,"rotation":0,"texture":"#0"}}}]}