{
	"credit": "Made with Blockbench",
	"texture_size": [64, 64],
	"textures": {
		"2": "item/season_2/ankylosaurus_hat_egg",
		"particle": "item/season_2/ankylosaurus_hat_egg"
	},
	"elements": [
		{
			"from": [4.5, 2.73324, -1.07654],
			"to": [11.5, 6.73324, 4.92346],
			"rotation": {"angle": -22.5, "axis": "x", "origin": [8, 3.49238, 3.50522]},
			"faces": {
				"north": {"uv": [1.5, 6, 3.25, 7], "texture": "#2"},
				"east": {"uv": [0, 6, 1.5, 7], "texture": "#2"},
				"south": {"uv": [4.75, 6, 6.5, 7], "texture": "#2"},
				"west": {"uv": [3.25, 6, 4.75, 7], "texture": "#2"},
				"up": {"uv": [3.25, 6, 1.5, 4.5], "texture": "#2"},
				"down": {"uv": [5, 4.5, 3.25, 6], "texture": "#2"}
			}
		},
		{
			"from": [4.5, 1.73324, -1.07654],
			"to": [11.5, 2.73324, 0.92346],
			"rotation": {"angle": -22.5, "axis": "x", "origin": [8, 3.49238, 3.50522]},
			"faces": {
				"north": {"uv": [5.25, 4.75, 7, 5], "texture": "#2"},
				"east": {"uv": [5, 4.75, 5.25, 5], "texture": "#2"},
				"south": {"uv": [7.25, 4.75, 9, 5], "texture": "#2"},
				"west": {"uv": [7, 4.75, 7.25, 5], "texture": "#2"},
				"up": {"uv": [7, 4.75, 5.25, 4.5], "texture": "#2"},
				"down": {"uv": [8.75, 4.5, 7, 4.75], "texture": "#2"}
			}
		},
		{
			"from": [3.5, 0, 3.5],
			"to": [12.5, 9, 12.5],
			"rotation": {"angle": 0, "axis": "y", "origin": [0, 0, -3.5]},
			"faces": {
				"north": {"uv": [2.25, 2.25, 4.5, 4.5], "texture": "#2"},
				"east": {"uv": [0, 2.25, 2.25, 4.5], "texture": "#2"},
				"south": {"uv": [6.75, 2.25, 9, 4.5], "texture": "#2"},
				"west": {"uv": [4.5, 2.25, 6.75, 4.5], "texture": "#2"},
				"up": {"uv": [4.5, 2.25, 2.25, 0], "texture": "#2"},
				"down": {"uv": [6.75, 0, 4.5, 2.25], "texture": "#2"}
			}
		},
		{
			"from": [2.5, 6, 10.5],
			"to": [5.5, 9, 14.5],
			"rotation": {"angle": -45, "axis": "x", "origin": [8, 7.5, 11.5]},
			"faces": {
				"north": {"uv": [1, 8, 1.75, 8.75], "texture": "#2"},
				"east": {"uv": [0, 8, 1, 8.75], "texture": "#2"},
				"south": {"uv": [2.75, 8, 3.5, 8.75], "texture": "#2"},
				"west": {"uv": [1.75, 8, 2.75, 8.75], "texture": "#2"},
				"up": {"uv": [1.75, 8, 1, 7], "texture": "#2"},
				"down": {"uv": [2.5, 7, 1.75, 8], "texture": "#2"}
			}
		},
		{
			"from": [10.5, 6, 10.5],
			"to": [13.5, 9, 14.5],
			"rotation": {"angle": -45, "axis": "x", "origin": [8, 7.5, 11.5]},
			"faces": {
				"north": {"uv": [3.5, 8.75, 4.25, 9.5], "texture": "#2"},
				"east": {"uv": [2.5, 8.75, 3.5, 9.5], "texture": "#2"},
				"south": {"uv": [5.25, 8.75, 6, 9.5], "texture": "#2"},
				"west": {"uv": [4.25, 8.75, 5.25, 9.5], "texture": "#2"},
				"up": {"uv": [4.25, 8.75, 3.5, 7.75], "texture": "#2"},
				"down": {"uv": [5, 7.75, 4.25, 8.75], "texture": "#2"}
			}
		},
		{
			"from": [2.5, 1, 9.725],
			"to": [5.5, 4, 13.725],
			"rotation": {"angle": -45, "axis": "y", "origin": [4, 2.5, 10.725]},
			"faces": {
				"north": {"uv": [6.5, 7, 7.25, 7.75], "texture": "#2"},
				"east": {"uv": [5.5, 7, 6.5, 7.75], "texture": "#2"},
				"south": {"uv": [8.25, 7, 9, 7.75], "texture": "#2"},
				"west": {"uv": [7.25, 7, 8.25, 7.75], "texture": "#2"},
				"up": {"uv": [7.25, 7, 6.5, 6], "texture": "#2"},
				"down": {"uv": [8, 6, 7.25, 7], "texture": "#2"}
			}
		},
		{
			"from": [10.5, 1, 9.725],
			"to": [13.5, 4, 13.725],
			"rotation": {"angle": 45, "axis": "y", "origin": [12, 2.5, 10.725]},
			"faces": {
				"north": {"uv": [7.75, 1, 8.5, 1.75], "texture": "#2"},
				"east": {"uv": [6.75, 1, 7.75, 1.75], "texture": "#2"},
				"south": {"uv": [9.5, 1, 10.25, 1.75], "texture": "#2"},
				"west": {"uv": [8.5, 1, 9.5, 1.75], "texture": "#2"},
				"up": {"uv": [8.5, 1, 7.75, 0], "texture": "#2"},
				"down": {"uv": [9.25, 0, 8.5, 1], "texture": "#2"}
			}
		},
		{
			"name": "cube inverted",
			"from": [12.5, 9, 12.5],
			"to": [3.5, 0, 3.5],
			"rotation": {"angle": 0, "axis": "y", "origin": [0, 0, -3.5]},
			"faces": {
				"north": {"uv": [6.75, 4.5, 9, 2.25], "texture": "#2"},
				"east": {"uv": [4.5, 4.5, 6.75, 2.25], "texture": "#2"},
				"south": {"uv": [2.25, 4.5, 4.5, 2.25], "texture": "#2"},
				"west": {"uv": [0, 4.5, 2.25, 2.25], "texture": "#2"},
				"up": {"uv": [4.5, 0, 6.75, 2.25], "texture": "#2"},
				"down": {"uv": [2.25, 2.25, 4.5, 0], "texture": "#2"}
			}
		},
		{
			"name": "cube inverted",
			"from": [11.5, 2.73324, 0.92346],
			"to": [4.5, 1.73324, -1.07654],
			"rotation": {"angle": -22.5, "axis": "x", "origin": [8, 3.49238, 3.50522]},
			"faces": {
				"north": {"uv": [7.25, 5, 9, 4.75], "texture": "#2"},
				"east": {"uv": [7, 5, 7.25, 4.75], "texture": "#2"},
				"south": {"uv": [5.25, 5, 7, 4.75], "texture": "#2"},
				"west": {"uv": [5, 5, 5.25, 4.75], "texture": "#2"},
				"up": {"uv": [7, 4.5, 8.75, 4.75], "texture": "#2"},
				"down": {"uv": [5.25, 4.75, 7, 4.5], "texture": "#2"}
			}
		},
		{
			"from": [13, 9.8, 13],
			"to": [3, 3.8, 3],
			"rotation": {"angle": 0, "axis": "y", "origin": [9.5, 6.04, 8]},
			"faces": {
				"north": {"uv": [0.75, 0.75, 2, 0], "texture": "#2"},
				"east": {"uv": [0.75, 1.5, 2, 0.75], "texture": "#2"},
				"south": {"uv": [0.75, 0.75, 2, 0], "texture": "#2"},
				"west": {"uv": [0.75, 1.5, 2, 0.75], "texture": "#2"},
				"up": {"uv": [0, 0, 0, 0], "texture": "#2"},
				"down": {"uv": [1.25, 0.625, 0, 1.875], "texture": "#2"}
			}
		},
		{
			"from": [5.56075, 9.8, 5.54172],
			"to": [10.56075, 10.8, 10.54172],
			"rotation": {"angle": -22.5, "axis": "y", "origin": [8.06075, 10.3, 8.04172]},
			"faces": {
				"north": {"uv": [8.75, 10.75, 10, 11], "texture": "#2"},
				"east": {"uv": [8.75, 10.75, 10, 11], "texture": "#2"},
				"south": {"uv": [8.75, 10.75, 10, 11], "texture": "#2"},
				"west": {"uv": [8.75, 10.75, 10, 11], "texture": "#2"},
				"up": {"uv": [8.75, 9.75, 10, 11], "texture": "#2"},
				"down": {"uv": [8.75, 9.75, 10, 11], "texture": "#2"}
			}
		},
		{
			"from": [3, 3.8, 3],
			"to": [13, 9.8, 13],
			"rotation": {"angle": 0, "axis": "y", "origin": [9.5, 6.04, 8]},
			"faces": {
				"north": {"uv": [11.75, 9.75, 14.25, 11.25], "texture": "#2"},
				"east": {"uv": [11.75, 11.25, 14.25, 12.75], "texture": "#2"},
				"south": {"uv": [11.75, 9.75, 14.25, 11.25], "texture": "#2"},
				"west": {"uv": [11.75, 11.25, 14.25, 12.75], "texture": "#2"},
				"up": {"uv": [8.75, 11, 11.25, 13.5], "texture": "#2"},
				"down": {"uv": [0, 0, 0, 0], "texture": "#2"}
			}
		}
	],
	"display": {
		"thirdperson_righthand": {
			"rotation": [65, 135, 0],
			"translation": [-0.5, 3.5, 1.75],
			"scale": [0.5, 0.5, 0.5]
		},
		"thirdperson_lefthand": {
			"rotation": [65, 135, 0],
			"translation": [-0.5, 3.5, 1.75],
			"scale": [0.5, 0.5, 0.5]
		},
		"firstperson_righthand": {
			"rotation": [0, 121, 0],
			"translation": [0.25, 5, 0],
			"scale": [0.5, 0.5, 0.5]
		},
		"firstperson_lefthand": {
			"rotation": [0, 121, 0],
			"translation": [0.25, 5, 0],
			"scale": [0.5, 0.5, 0.5]
		},
		"ground": {
			"translation": [0, 3, 0],
			"scale": [0.35, 0.35, 0.35]
		},
		"gui": {
			"rotation": [30, 135, 1],
			"translation": [0.5, 2.25, 0],
			"scale": [0.8457, 0.8457, 0.8457]
		},
		"head": {
			"translation": [0, 6.75, 0],
			"scale": [1.83, 1.83, 1.83]
		},
		"fixed": {
			"translation": [0, 3, -4]
		}
	},
	"groups": [
		0,
		1,
		2,
		3,
		4,
		5,
		6,
		7,
		8,
		{
			"name": "egg",
			"origin": [8, 8, 8],
			"color": 0,
			"children": [9, 10, 11]
		}
	]
}