{
	"credit": "Made with Blockbench",
	"texture_size": [64, 64],
	"textures": {
		"0": "item/season_2/brachiosaurus_hat",
		"particle": "item/season_2/brachiosaurus_hat"
	},
	"elements": [
		{
			"from": [4, 0, 3.5],
			"to": [12, 10, 12.5],
			"rotation": {"angle": 0, "axis": "y", "origin": [8, 7, 7.5]},
			"faces": {
				"north": {"uv": [2.25, 7.25, 4.25, 9.75], "texture": "#0"},
				"east": {"uv": [0, 7.25, 2.25, 9.75], "texture": "#0"},
				"south": {"uv": [6.5, 7.25, 8.5, 9.75], "texture": "#0"},
				"west": {"uv": [4.25, 7.25, 6.5, 9.75], "texture": "#0"},
				"up": {"uv": [4.25, 7.25, 2.25, 5], "texture": "#0"},
				"down": {"uv": [6.25, 5, 4.25, 7.25], "texture": "#0"}
			}
		},
		{
			"from": [3, 6.75, -1.5],
			"to": [13, 15.75, 9.5],
			"rotation": {"angle": -22.5, "axis": "x", "origin": [8, 17.25, 2.75]},
			"faces": {
				"north": {"uv": [2.75, 2.75, 5.25, 5], "texture": "#0"},
				"east": {"uv": [0, 2.75, 2.75, 5], "texture": "#0"},
				"south": {"uv": [8, 2.75, 10.5, 5], "texture": "#0"},
				"west": {"uv": [5.25, 2.75, 8, 5], "texture": "#0"},
				"up": {"uv": [5.25, 2.75, 2.75, 0], "texture": "#0"},
				"down": {"uv": [7.75, 0, 5.25, 2.75], "texture": "#0"}
			}
		},
		{
			"from": [6.5, 15.75, -1.5],
			"to": [9.5, 20.75, 7.5],
			"rotation": {"angle": -22.5, "axis": "x", "origin": [8, 17.25, 2.75]},
			"faces": {
				"north": {"uv": [10.5, 5, 11.25, 6.25], "texture": "#0"},
				"east": {"uv": [8.25, 5, 10.5, 6.25], "texture": "#0"},
				"south": {"uv": [13.5, 5, 14.25, 6.25], "texture": "#0"},
				"west": {"uv": [11.25, 5, 13.5, 6.25], "texture": "#0"},
				"up": {"uv": [11.25, 5, 10.5, 2.75], "texture": "#0"},
				"down": {"uv": [12, 2.75, 11.25, 5], "texture": "#0"}
			}
		},
		{
			"from": [4, 6.75, -7.5],
			"to": [12, 12.75, -1.5],
			"rotation": {"angle": -22.5, "axis": "x", "origin": [8, 17.25, 2.75]},
			"faces": {
				"north": {"uv": [8.5, 9.75, 10.5, 11.25], "texture": "#0"},
				"east": {"uv": [7, 9.75, 8.5, 11.25], "texture": "#0"},
				"south": {"uv": [12, 9.75, 14, 11.25], "texture": "#0"},
				"west": {"uv": [10.5, 9.75, 12, 11.25], "texture": "#0"},
				"up": {"uv": [10.5, 9.75, 8.5, 8.25], "texture": "#0"},
				"down": {"uv": [12.5, 8.25, 10.5, 9.75], "texture": "#0"}
			}
		},
		{
			"name": "cube inverted",
			"from": [12, 10, 12.5],
			"to": [4, 0, 3.5],
			"rotation": {"angle": 0, "axis": "y", "origin": [8, 7, 7.5]},
			"faces": {
				"north": {"uv": [6.5, 9.75, 8.5, 7.25], "texture": "#0"},
				"east": {"uv": [4.25, 9.75, 6.5, 7.25], "texture": "#0"},
				"south": {"uv": [2.25, 9.75, 4.25, 7.25], "texture": "#0"},
				"west": {"uv": [0, 9.75, 2.25, 7.25], "texture": "#0"},
				"up": {"uv": [4.25, 5, 6.25, 7.25], "texture": "#0"},
				"down": {"uv": [2.25, 7.25, 4.25, 5], "texture": "#0"}
			}
		}
	],
	"display": {
		"thirdperson_righthand": {
			"rotation": [65, 135, 0],
			"translation": [-0.5, 3.5, 1.75],
			"scale": [0.5, 0.5, 0.5]
		},
		"thirdperson_lefthand": {
			"rotation": [65, 135, 0],
			"translation": [-0.5, 3.5, 1.75],
			"scale": [0.5, 0.5, 0.5]
		},
		"firstperson_righthand": {
			"rotation": [0, 121, 0],
			"translation": [0.25, 2.25, 0],
			"scale": [0.5, 0.5, 0.5]
		},
		"firstperson_lefthand": {
			"rotation": [0, 121, 0],
			"translation": [0.25, 2.25, 0],
			"scale": [0.5, 0.5, 0.5]
		},
		"ground": {
			"translation": [0, 3, 0],
			"scale": [0.35, 0.35, 0.35]
		},
		"gui": {
			"rotation": [30, 135, 1],
			"translation": [1.75, -0.75, 0],
			"scale": [0.71484, 0.71484, 0.71484]
		},
		"head": {
			"translation": [0, 7.25, 0.25],
			"scale": [1.85, 1.85, 1.85]
		},
		"fixed": {
			"translation": [0, -1.5, -3.25]
		}
	}
}