{
	"credit": "play.TheGroveMC.net",
	"textures": {
		"0": "item/season_2/dino_nugget",
		"particle": "item/season_2/dino_nugget"
	},
	"elements": [
		{
			"from": [5.8, -0.2, 7.8],
			"to": [10.2, 4.2, 7.9],
			"faces": {
				"north": {"uv": [0, 0, 16, 16], "texture": "#0"},
				"east": {"uv": [0, 0, 0, 4], "texture": "#0"},
				"south": {"uv": [16, 0, 0, 16], "texture": "#0"},
				"west": {"uv": [0, 0, 0, 4], "texture": "#0"},
				"up": {"uv": [0, 0, 4, 0], "texture": "#0"},
				"down": {"uv": [0, 0, 4, 0], "texture": "#0"}
			}
		}
	],
	"display": {
		"thirdperson_righthand": {
			"translation": [0, 7.25, 0]
		},
		"thirdperson_lefthand": {
			"rotation": [90, 90, 0],
			"translation": [0.5, -2, 19.5]
		},
		"firstperson_righthand": {
			"translation": [2.25, 14, 0],
			"scale": [2, 2, 2]
		},
		"firstperson_lefthand": {
			"translation": [0, -7.5, 0]
		},
		"ground": {
			"translation": [0, 6, 0]
		},
		"gui": {
			"rotation": [0, 180, 0],
			"translation": [0, 11.5, 0],
			"scale": [2, 2, 2]
		},
		"head": {
			"translation": [0, 14, 0]
		},
		"fixed": {
			"translation": [0, 11.5, 0.5],
			"scale": [2, 2, 2]
		}
	}
}