{"textures":{"0":"modelengine:entity/moobloom_white"},"elements":[{"from":[6.0,-4.0,6.0],"to":[10.0,8.0,10.0],"faces":{"east":{"uv":[0.5,5.75,1.0,7.25],"tintindex":0,"rotation":0,"texture":"#0"},"south":{"uv":[1.0,5.75,1.5,7.25],"tintindex":0,"rotation":0,"texture":"#0"},"north":{"uv":[0.0,5.75,0.5,7.25],"tintindex":0,"rotation":0,"texture":"#0"},"west":{"uv":[1.5,5.75,2.0,7.25],"tintindex":0,"rotation":0,"texture":"#0"},"up":{"uv":[7.0,8.0,6.5,7.5],"tintindex":0,"rotation":0,"texture":"#0"},"down":{"uv":[8.25,0.0,7.75,0.5],"tintindex":0,"rotation":0,"texture":"#0"}}}]}