{"textures":{"0":"modelengine:entity/moobloom_white"},"elements":[{"from":[6.0,-4.0,6.0],"to":[10.0,8.0,10.0],"faces":{"east":{"uv":[2.5,5.75,3.0,7.25],"tintindex":0,"rotation":0,"texture":"#0"},"south":{"uv":[6.0,4.0,6.5,5.5],"tintindex":0,"rotation":0,"texture":"#0"},"north":{"uv":[2.0,5.75,2.5,7.25],"tintindex":0,"rotation":0,"texture":"#0"},"west":{"uv":[6.0,5.5,6.5,7.0],"tintindex":0,"rotation":0,"texture":"#0"},"up":{"uv":[8.25,1.0,7.75,0.5],"tintindex":0,"rotation":0,"texture":"#0"},"down":{"uv":[8.25,1.0,7.75,1.5],"tintindex":0,"rotation":0,"texture":"#0"}}}]}