{"textures":{"0":"modelengine:entity/moobloom_white"},"elements":[{"from":[6.0,-4.0,7.0],"to":[10.0,8.0,11.0],"faces":{"east":{"uv":[6.25,1.5,6.75,3.0],"tintindex":0,"rotation":0,"texture":"#0"},"south":{"uv":[3.0,6.25,3.5,7.75],"tintindex":0,"rotation":0,"texture":"#0"},"north":{"uv":[6.25,0.0,6.75,1.5],"tintindex":0,"rotation":0,"texture":"#0"},"west":{"uv":[3.5,6.25,4.0,7.75],"tintindex":0,"rotation":0,"texture":"#0"},"up":{"uv":[8.25,2.0,7.75,1.5],"tintindex":0,"rotation":0,"texture":"#0"},"down":{"uv":[8.25,2.0,7.75,2.5],"tintindex":0,"rotation":0,"texture":"#0"}}}]}