{"textures":{"0":"modelengine:entity/monkey"},"elements":[{"from":[3.4,7.5,4.5],"to":[12.575,14.5,11.5],"faces":{"east":{"uv":[0.0,3.5,1.75,7.0],"tintindex":0,"rotation":0,"texture":"#0"},"south":{"uv":[5.75,3.5,8.0,7.0],"tintindex":0,"rotation":0,"texture":"#0"},"north":{"uv":[1.75,3.5,4.0,7.0],"tintindex":0,"rotation":0,"texture":"#0"},"west":{"uv":[4.0,3.5,5.75,7.0],"tintindex":0,"rotation":0,"texture":"#0"},"up":{"uv":[4.0,3.5,1.75,0.0],"tintindex":0,"rotation":0,"texture":"#0"},"down":{"uv":[6.25,0.0,4.0,3.5],"tintindex":0,"rotation":0,"texture":"#0"}}},{"from":[5.4,7.5,3.5],"to":[10.575,10.5,4.5],"faces":{"east":{"uv":[6.0,14.5,6.25,16.0],"tintindex":0,"rotation":0,"texture":"#0"},"south":{"uv":[7.75,14.5,9.0,16.0],"tintindex":0,"rotation":0,"texture":"#0"},"north":{"uv":[6.25,14.5,7.5,16.0],"tintindex":0,"rotation":0,"texture":"#0"},"west":{"uv":[7.5,14.5,7.75,16.0],"tintindex":0,"rotation":0,"texture":"#0"},"up":{"uv":[7.5,14.5,6.25,14.0],"tintindex":0,"rotation":0,"texture":"#0"},"down":{"uv":[8.75,14.0,7.5,14.5],"tintindex":0,"rotation":0,"texture":"#0"}}},{"from":[1.9000001,9.5,7.0],"to":[4.075,12.5,9.0],"faces":{"east":{"uv":[13.0,10.5,13.5,12.0],"tintindex":0,"rotation":0,"texture":"#0"},"south":{"uv":[14.5,10.5,15.0,12.0],"tintindex":0,"rotation":0,"texture":"#0"},"north":{"uv":[13.5,10.5,14.0,12.0],"tintindex":0,"rotation":0,"texture":"#0"},"west":{"uv":[14.0,10.5,14.5,12.0],"tintindex":0,"rotation":0,"texture":"#0"},"up":{"uv":[14.0,10.5,13.5,9.5],"tintindex":0,"rotation":0,"texture":"#0"},"down":{"uv":[14.5,9.5,14.0,10.5],"tintindex":0,"rotation":0,"texture":"#0"}}},{"from":[11.9,9.5,7.0],"to":[14.075,12.5,9.0],"faces":{"east":{"uv":[11.0,10.5,11.5,12.0],"tintindex":0,"rotation":0,"texture":"#0"},"south":{"uv":[12.5,10.5,13.0,12.0],"tintindex":0,"rotation":0,"texture":"#0"},"north":{"uv":[11.5,10.5,12.0,12.0],"tintindex":0,"rotation":0,"texture":"#0"},"west":{"uv":[12.0,10.5,12.5,12.0],"tintindex":0,"rotation":0,"texture":"#0"},"up":{"uv":[12.0,10.5,11.5,9.5],"tintindex":0,"rotation":0,"texture":"#0"},"down":{"uv":[12.5,9.5,12.0,10.5],"tintindex":0,"rotation":0,"texture":"#0"}}}]}