{"textures":{"0":"modelengine:entity/barnacle"},"elements":[{"from":[5.5,5.5,-15.0],"to":[10.5,5.5,9.0],"faces":{"east":{"uv":[4.75,1.125,7.75,1.75],"tintindex":0,"rotation":0,"texture":"#0"},"south":{"uv":[5.375,0.0,6.0,0.625],"tintindex":0,"rotation":0,"texture":"#0"},"north":{"uv":[4.75,0.0,5.375,0.625],"tintindex":0,"rotation":0,"texture":"#0"},"west":{"uv":[4.75,1.75,7.75,2.375],"tintindex":0,"rotation":0,"texture":"#0"},"up":{"uv":[1.25,5.375,0.625,2.375],"tintindex":0,"rotation":0,"texture":"#0"},"down":{"uv":[1.25,2.375,0.625,5.375],"tintindex":0,"rotation":0,"texture":"#0"}}},{"from":[5.5,5.5,9.0],"to":[10.5,10.5,9.0],"faces":{"east":{"uv":[4.75,1.125,7.75,1.75],"tintindex":0,"rotation":0,"texture":"#0"},"south":{"uv":[5.375,0.0,6.0,0.625],"tintindex":0,"rotation":0,"texture":"#0"},"north":{"uv":[6.0,0.0,5.375,0.625],"tintindex":0,"rotation":0,"texture":"#0"},"west":{"uv":[4.75,1.75,7.75,2.375],"tintindex":0,"rotation":0,"texture":"#0"},"up":{"uv":[0.625,5.375,0.0,2.375],"tintindex":0,"rotation":0,"texture":"#0"},"down":{"uv":[1.25,2.375,0.625,5.375],"tintindex":0,"rotation":0,"texture":"#0"}}},{"from":[10.5,5.5,-15.0],"to":[10.5,10.5,9.0],"faces":{"east":{"uv":[4.75,1.125,7.75,1.75],"tintindex":0,"rotation":0,"texture":"#0"},"south":{"uv":[5.375,0.0,6.0,0.625],"tintindex":0,"rotation":0,"texture":"#0"},"north":{"uv":[4.75,0.0,5.375,0.625],"tintindex":0,"rotation":0,"texture":"#0"},"west":{"uv":[7.75,1.125,4.75,1.75],"tintindex":0,"rotation":0,"texture":"#0"},"up":{"uv":[0.625,5.375,0.0,2.375],"tintindex":0,"rotation":0,"texture":"#0"},"down":{"uv":[1.25,2.375,0.625,5.375],"tintindex":0,"rotation":0,"texture":"#0"}}},{"from":[5.5,10.5,-15.0],"to":[10.5,10.5,9.0],"faces":{"east":{"uv":[4.75,1.125,7.75,1.75],"tintindex":0,"rotation":0,"texture":"#0"},"south":{"uv":[5.375,0.0,6.0,0.625],"tintindex":0,"rotation":0,"texture":"#0"},"north":{"uv":[4.75,0.0,5.375,0.625],"tintindex":0,"rotation":0,"texture":"#0"},"west":{"uv":[4.75,1.75,7.75,2.375],"tintindex":0,"rotation":0,"texture":"#0"},"up":{"uv":[0.625,5.375,0.0,2.375],"tintindex":0,"rotation":0,"texture":"#0"},"down":{"uv":[0.625,2.375,0.0,5.375],"tintindex":0,"rotation":0,"texture":"#0"}}},{"from":[5.5,5.5,-15.0],"to":[10.5,10.5,-15.0],"faces":{"east":{"uv":[4.75,1.125,7.75,1.75],"tintindex":0,"rotation":0,"texture":"#0"},"south":{"uv":[5.375,0.0,4.75,0.625],"tintindex":0,"rotation":0,"texture":"#0"},"north":{"uv":[4.75,0.0,5.375,0.625],"tintindex":0,"rotation":0,"texture":"#0"},"west":{"uv":[4.75,1.75,7.75,2.375],"tintindex":0,"rotation":0,"texture":"#0"},"up":{"uv":[0.625,5.375,0.0,2.375],"tintindex":0,"rotation":0,"texture":"#0"},"down":{"uv":[1.25,2.375,0.625,5.375],"tintindex":0,"rotation":0,"texture":"#0"}}}]}