{"textures":{"0":"modelengine:entity/meerkat"},"elements":[{"from":[7.033,7.008,6.0842066],"to":[9.101999,8.882999,7.9582067],"faces":{"east":{"uv":[8.5,7.5,9.0,8.0],"tintindex":0,"rotation":0,"texture":"#0"},"south":{"uv":[8.5,8.0,9.0,8.5],"tintindex":0,"rotation":0,"texture":"#0"},"north":{"uv":[7.25,8.5,7.75,9.0],"tintindex":0,"rotation":0,"texture":"#0"},"west":{"uv":[8.5,8.5,9.0,9.0],"tintindex":0,"rotation":0,"texture":"#0"},"up":{"uv":[9.25,0.5,8.75,0.0],"tintindex":0,"rotation":0,"texture":"#0"},"down":{"uv":[9.25,0.5,8.75,1.0],"tintindex":0,"rotation":0,"texture":"#0"}}}]}