{"textures":{"0":"modelengine:entity/meerkat"},"elements":[{"from":[6.794,6.358,6.7092066],"to":[8.988,9.157999,9.333206],"faces":{"east":{"uv":[5.0,7.0,5.75,7.75],"tintindex":0,"rotation":0,"texture":"#0"},"south":{"uv":[8.0,7.5,8.5,8.25],"tintindex":0,"rotation":0,"texture":"#0"},"north":{"uv":[3.75,8.0,4.25,8.75],"tintindex":0,"rotation":0,"texture":"#0"},"west":{"uv":[5.75,7.0,6.5,7.75],"tintindex":0,"rotation":0,"texture":"#0"},"up":{"uv":[0.5,9.0,0.0,8.25],"tintindex":0,"rotation":0,"texture":"#0"},"down":{"uv":[1.0,8.25,0.5,9.0],"tintindex":0,"rotation":0,"texture":"#0"}}}]}