{"textures":{"0":"modelengine:entity/meerkat"},"elements":[{"from":[6.9579997,6.608,6.7092066],"to":[9.151999,9.407999,9.333206],"faces":{"east":{"uv":[7.25,2.0,8.0,2.75],"tintindex":0,"rotation":0,"texture":"#0"},"south":{"uv":[8.25,6.25,8.75,7.0],"tintindex":0,"rotation":0,"texture":"#0"},"north":{"uv":[8.25,5.5,8.75,6.25],"tintindex":0,"rotation":0,"texture":"#0"},"west":{"uv":[7.25,2.75,8.0,3.5],"tintindex":0,"rotation":0,"texture":"#0"},"up":{"uv":[8.5,9.0,8.0,8.25],"tintindex":0,"rotation":0,"texture":"#0"},"down":{"uv":[9.0,3.5,8.5,4.25],"tintindex":0,"rotation":0,"texture":"#0"}}}]}