{"textures":{"0":"modelengine:entity/meerkat"},"elements":[{"from":[6.9809995,7.033,5.8342066],"to":[9.049999,8.882999,7.9582067],"faces":{"east":{"uv":[3.0,7.5,3.5,8.0],"tintindex":0,"rotation":0,"texture":"#0"},"south":{"uv":[8.5,1.25,9.0,1.75],"tintindex":0,"rotation":0,"texture":"#0"},"north":{"uv":[7.25,3.5,7.75,4.0],"tintindex":0,"rotation":0,"texture":"#0"},"west":{"uv":[5.75,8.5,6.25,9.0],"tintindex":0,"rotation":0,"texture":"#0"},"up":{"uv":[6.75,9.0,6.25,8.5],"tintindex":0,"rotation":0,"texture":"#0"},"down":{"uv":[7.25,8.5,6.75,9.0],"tintindex":0,"rotation":0,"texture":"#0"}}}]}