{"textures":{"0":"modelengine:entity/meerkat"},"elements":[{"from":[6.848,7.0407195,8.365059],"to":[9.151999,9.344719,17.069057],"faces":{"east":{"uv":[4.75,4.0,7.0,4.75],"tintindex":0,"rotation":0,"texture":"#0"},"south":{"uv":[7.0,4.75,7.75,5.5],"tintindex":0,"rotation":0,"texture":"#0"},"north":{"uv":[4.25,7.0,5.0,7.75],"tintindex":0,"rotation":0,"texture":"#0"},"west":{"uv":[4.75,4.75,7.0,5.5],"tintindex":0,"rotation":0,"texture":"#0"},"up":{"uv":[3.5,6.75,2.75,4.5],"tintindex":0,"rotation":0,"texture":"#0"},"down":{"uv":[0.75,5.25,0.0,7.5],"tintindex":0,"rotation":0,"texture":"#0"}}}]}