{"textures":{"0":"modelengine:entity/meerkat"},"elements":[{"from":[6.848,7.104367,6.7051377],"to":[9.151999,9.408367,15.409138],"faces":{"east":{"uv":[4.0,2.5,6.25,3.25],"tintindex":0,"rotation":0,"texture":"#0"},"south":{"uv":[7.0,4.0,7.75,4.75],"tintindex":0,"rotation":0,"texture":"#0"},"north":{"uv":[3.25,1.25,4.0,2.0],"tintindex":0,"rotation":0,"texture":"#0"},"west":{"uv":[4.0,3.25,6.25,4.0],"tintindex":0,"rotation":0,"texture":"#0"},"up":{"uv":[4.75,6.25,4.0,4.0],"tintindex":0,"rotation":0,"texture":"#0"},"down":{"uv":[2.75,4.5,2.0,6.75],"tintindex":0,"rotation":0,"texture":"#0"}}}]}