{"textures":{"0":"modelengine:entity/moobloom_white"},"elements":[{"from":[10.5,10.5,8.0],"to":[10.5,16.5,12.0],"faces":{"east":{"uv":[7.25,2.25,7.75,3.0],"tintindex":0,"rotation":0,"texture":"#0"},"west":{"uv":[2.5,7.25,3.0,8.0],"tintindex":0,"rotation":0,"texture":"#0"}},"rotation":{"origin":[8.0,6.0,7.0],"angle":45.0,"axis":"y"}},{"from":[9.5,10.5,-3.0],"to":[9.5,16.5,1.0],"faces":{"east":{"uv":[7.0,3.0,7.5,3.75],"tintindex":0,"rotation":0,"texture":"#0"},"west":{"uv":[6.0,7.0,6.5,7.75],"tintindex":0,"rotation":0,"texture":"#0"}},"rotation":{"origin":[8.0,6.0,7.0],"angle":45.0,"axis":"y"}},{"from":[2.5,10.5,5.0],"to":[2.5,16.5,9.0],"faces":{"east":{"uv":[0.0,7.25,0.5,8.0],"tintindex":0,"rotation":0,"texture":"#0"},"west":{"uv":[0.5,7.25,1.0,8.0],"tintindex":0,"rotation":0,"texture":"#0"}},"rotation":{"origin":[8.0,6.0,7.0],"angle":45.0,"axis":"y"}},{"from":[0.5,10.5,3.0],"to":[0.5,16.5,7.0],"faces":{"east":{"uv":[6.75,1.5,7.25,2.25],"tintindex":0,"rotation":0,"texture":"#0"},"west":{"uv":[6.75,2.25,7.25,3.0],"tintindex":0,"rotation":0,"texture":"#0"}},"rotation":{"origin":[8.0,6.0,7.0],"angle":-45.0,"axis":"y"}},{"from":[11.5,10.5,2.0],"to":[11.5,16.5,6.0],"faces":{"east":{"uv":[7.25,1.5,7.75,2.25],"tintindex":0,"rotation":0,"texture":"#0"},"west":{"uv":[2.0,7.25,2.5,8.0],"tintindex":0,"rotation":0,"texture":"#0"}},"rotation":{"origin":[8.0,6.0,7.0],"angle":-45.0,"axis":"y"}},{"from":[8.5,10.5,10.0],"to":[8.5,16.5,14.0],"faces":{"east":{"uv":[1.0,7.25,1.5,8.0],"tintindex":0,"rotation":0,"texture":"#0"},"west":{"uv":[1.5,7.25,2.0,8.0],"tintindex":0,"rotation":0,"texture":"#0"}},"rotation":{"origin":[8.0,6.0,7.0],"angle":-45.0,"axis":"y"}},{"from":[2.0,1.0,-2.0],"to":[14.0,11.0,16.0],"faces":{"east":{"uv":[3.0,0.0,5.25,1.25],"tintindex":0,"rotation":0,"texture":"#0"},"south":{"uv":[1.5,4.5,3.0,5.75],"tintindex":0,"rotation":0,"texture":"#0"},"north":{"uv":[0.0,4.5,1.5,5.75],"tintindex":0,"rotation":0,"texture":"#0"},"west":{"uv":[3.0,1.25,5.25,2.5],"tintindex":0,"rotation":0,"texture":"#0"},"up":{"uv":[1.5,2.25,0.0,0.0],"tintindex":0,"rotation":0,"texture":"#0"},"down":{"uv":[3.0,0.0,1.5,2.25],"tintindex":0,"rotation":0,"texture":"#0"}}}]}