{"textures":{"0":"modelengine:entity/moobloom_white"},"elements":[{"from":[6.0,0.0,10.0],"to":[10.0,1.0,16.0],"faces":{"east":{"uv":[7.5,5.25,8.25,5.375],"tintindex":0,"rotation":0,"texture":"#0"},"south":{"uv":[7.0,3.875,7.5,4.0],"tintindex":0,"rotation":0,"texture":"#0"},"north":{"uv":[7.0,3.75,7.5,3.875],"tintindex":0,"rotation":0,"texture":"#0"},"west":{"uv":[7.5,5.375,8.25,5.5],"tintindex":0,"rotation":0,"texture":"#0"},"up":{"uv":[7.75,6.25,7.25,5.5],"tintindex":0,"rotation":0,"texture":"#0"},"down":{"uv":[7.75,6.25,7.25,7.0],"tintindex":0,"rotation":0,"texture":"#0"}}},{"from":[2.0,1.0,-2.0],"to":[14.0,11.0,16.0],"faces":{"east":{"uv":[3.0,2.5,5.25,3.75],"tintindex":0,"rotation":0,"texture":"#0"},"south":{"uv":[4.5,5.0,6.0,6.25],"tintindex":0,"rotation":0,"texture":"#0"},"north":{"uv":[3.0,5.0,4.5,6.25],"tintindex":0,"rotation":0,"texture":"#0"},"west":{"uv":[3.0,3.75,5.25,5.0],"tintindex":0,"rotation":0,"texture":"#0"},"up":{"uv":[1.5,4.5,0.0,2.25],"tintindex":0,"rotation":0,"texture":"#0"},"down":{"uv":[3.0,2.25,1.5,4.5],"tintindex":0,"rotation":0,"texture":"#0"}}}]}