{"textures":{"0":"modelengine:entity/moobloom_white"},"elements":[{"from":[3.0,10.0,4.0],"to":[4.0,13.0,5.0],"faces":{"east":{"uv":[3.875,7.75,4.0,8.125],"tintindex":0,"rotation":0,"texture":"#0"},"south":{"uv":[4.0,7.75,4.125,8.125],"tintindex":0,"rotation":0,"texture":"#0"},"north":{"uv":[3.75,7.75,3.875,8.125],"tintindex":0,"rotation":0,"texture":"#0"},"west":{"uv":[4.125,7.75,4.25,8.125],"tintindex":0,"rotation":0,"texture":"#0"},"up":{"uv":[4.625,7.875,4.5,7.75],"tintindex":0,"rotation":0,"texture":"#0"},"down":{"uv":[4.75,7.75,4.625,7.875],"tintindex":0,"rotation":0,"texture":"#0"}}},{"from":[4.0,4.0,2.0],"to":[12.0,12.0,8.0],"faces":{"east":{"uv":[5.25,4.0,6.0,5.0],"tintindex":0,"rotation":0,"texture":"#0"},"south":{"uv":[5.25,1.0,6.25,2.0],"tintindex":0,"rotation":0,"texture":"#0"},"north":{"uv":[5.25,0.0,6.25,1.0],"tintindex":0,"rotation":0,"texture":"#0"},"west":{"uv":[6.25,3.0,7.0,4.0],"tintindex":0,"rotation":0,"texture":"#0"},"up":{"uv":[7.5,4.75,6.5,4.0],"tintindex":0,"rotation":0,"texture":"#0"},"down":{"uv":[7.5,4.75,6.5,5.5],"tintindex":0,"rotation":0,"texture":"#0"}}},{"from":[12.0,10.0,4.0],"to":[13.0,13.0,5.0],"faces":{"east":{"uv":[7.125,7.5,7.25,7.875],"tintindex":0,"rotation":0,"texture":"#0"},"south":{"uv":[3.5,7.75,3.625,8.125],"tintindex":0,"rotation":0,"texture":"#0"},"north":{"uv":[7.0,7.5,7.125,7.875],"tintindex":0,"rotation":0,"texture":"#0"},"west":{"uv":[3.625,7.75,3.75,8.125],"tintindex":0,"rotation":0,"texture":"#0"},"up":{"uv":[4.375,7.875,4.25,7.75],"tintindex":0,"rotation":0,"texture":"#0"},"down":{"uv":[4.5,7.75,4.375,7.875],"tintindex":0,"rotation":0,"texture":"#0"}}},{"from":[-1.5,10.5,7.0],"to":[-1.5,16.5,11.0],"faces":{"east":{"uv":[7.25,7.0,7.75,7.75],"tintindex":0,"rotation":0,"texture":"#0"},"west":{"uv":[7.5,3.0,8.0,3.75],"tintindex":0,"rotation":0,"texture":"#0"}},"rotation":{"origin":[8.0,5.0,17.0],"angle":-45.0,"axis":"y"}},{"from":[15.5,10.5,5.0],"to":[15.5,16.5,9.0],"faces":{"east":{"uv":[7.5,3.75,8.0,4.5],"tintindex":0,"rotation":0,"texture":"#0"},"west":{"uv":[7.5,4.5,8.0,5.25],"tintindex":0,"rotation":0,"texture":"#0"}},"rotation":{"origin":[8.0,5.0,17.0],"angle":45.0,"axis":"y"}}]}