{"textures":{"0":"modelengine:entity/moobloom_white"},"elements":[{"from":[6.0,-4.0,7.0],"to":[10.0,8.0,11.0],"faces":{"east":{"uv":[4.5,6.25,5.0,7.75],"tintindex":0,"rotation":0,"texture":"#0"},"south":{"uv":[5.0,6.25,5.5,7.75],"tintindex":0,"rotation":0,"texture":"#0"},"north":{"uv":[4.0,6.25,4.5,7.75],"tintindex":0,"rotation":0,"texture":"#0"},"west":{"uv":[5.5,6.25,6.0,7.75],"tintindex":0,"rotation":0,"texture":"#0"},"up":{"uv":[8.25,3.0,7.75,2.5],"tintindex":0,"rotation":0,"texture":"#0"},"down":{"uv":[3.5,7.75,3.0,8.25],"tintindex":0,"rotation":0,"texture":"#0"}}}]}