{"textures":{"0":"modelengine:entity/deer"},"elements":[{"from":[3.0,4.0,-2.0],"to":[13.0,13.0,18.0],"faces":{"east":{"uv":[0.0,13.75,5.0,16.0],"tintindex":0,"rotation":0,"texture":"#0"},"south":{"uv":[12.5,13.75,15.0,16.0],"tintindex":0,"rotation":0,"texture":"#0"},"north":{"uv":[5.0,13.75,7.5,16.0],"tintindex":0,"rotation":0,"texture":"#0"},"west":{"uv":[7.5,13.75,12.5,16.0],"tintindex":0,"rotation":0,"texture":"#0"},"up":{"uv":[7.5,13.75,5.0,8.75],"tintindex":0,"rotation":0,"texture":"#0"},"down":{"uv":[10.0,8.75,7.5,13.75],"tintindex":0,"rotation":0,"texture":"#0"}}},{"from":[6.0,10.0,18.0],"to":[10.0,15.0,20.0],"faces":{"east":{"uv":[10.0,12.5,10.5,13.75],"tintindex":0,"rotation":0,"texture":"#0"},"south":{"uv":[12.0,12.5,13.0,13.75],"tintindex":0,"rotation":0,"texture":"#0"},"north":{"uv":[10.5,12.5,11.5,13.75],"tintindex":0,"rotation":0,"texture":"#0"},"west":{"uv":[11.5,12.5,12.0,13.75],"tintindex":0,"rotation":0,"texture":"#0"},"up":{"uv":[11.5,12.5,10.5,12.0],"tintindex":0,"rotation":0,"texture":"#0"},"down":{"uv":[12.5,12.0,11.5,12.5],"tintindex":0,"rotation":0,"texture":"#0"}}}]}