{"textures":{"0":"modelengine:entity/deer"},"elements":[{"from":[15.048749,11.898239,3.7088547],"to":[15.048749,19.89824,11.708855],"faces":{"east":{"uv":[5.75,6.75,7.75,8.75],"tintindex":0,"rotation":0,"texture":"#0"},"west":{"uv":[7.75,6.75,5.75,8.75],"tintindex":0,"rotation":0,"texture":"#0"}}},{"from":[7.048749,6.898239,7.7088547],"to":[18.048748,18.89824,7.7088547],"faces":{"south":{"uv":[6.25,0.0,9.0,3.0],"tintindex":0,"rotation":0,"texture":"#0"},"north":{"uv":[6.25,3.0,9.0,6.0],"tintindex":0,"rotation":0,"texture":"#0"}}}]}