{"textures":{"0":"modelengine:entity/crab"},"elements":[{"from":[2.0,11.0,2.0],"to":[14.0,13.0,2.0],"faces":{"south":{"uv":[10.0,2.5,7.0,3.0],"tintindex":0,"rotation":0,"texture":"#0"},"north":{"uv":[7.0,2.5,10.0,3.0],"tintindex":0,"rotation":0,"texture":"#0"}}},{"from":[1.0,5.0,2.0],"to":[15.0,11.0,14.0],"faces":{"east":{"uv":[6.5,4.5,3.5,6.0],"tintindex":0,"rotation":0,"texture":"#0"},"south":{"uv":[3.5,1.5,7.0,3.0],"tintindex":0,"rotation":0,"texture":"#0"},"north":{"uv":[3.5,0.0,7.0,1.5],"tintindex":0,"rotation":0,"texture":"#0"},"west":{"uv":[3.5,4.5,6.5,6.0],"tintindex":0,"rotation":0,"texture":"#0"},"up":{"uv":[3.5,3.0,0.0,0.0],"tintindex":0,"rotation":0,"texture":"#0"},"down":{"uv":[3.5,3.0,0.0,6.0],"tintindex":0,"rotation":0,"texture":"#0"}}},{"from":[4.0,3.0,-1.25],"to":[12.0,8.0,-1.25],"faces":{"south":{"uv":[7.0,0.0,9.0,1.25],"tintindex":0,"rotation":0,"texture":"#0"},"north":{"uv":[7.0,0.0,9.0,1.25],"tintindex":0,"rotation":0,"texture":"#0"}},"rotation":{"origin":[8.0,1.0,8.0],"angle":22.5,"axis":"x"}}]}