{"textures":{"0":"modelengine:entity/crab"},"elements":[{"from":[0.0,5.0,9.75],"to":[8.5,8.75,9.75],"faces":{"east":{"uv":[0.0,8.5,1.5,9.5],"tintindex":0,"rotation":0,"texture":"#0"},"south":{"uv":[0.0,7.5,2.25,8.5],"tintindex":0,"rotation":0,"texture":"#0"},"north":{"uv":[2.25,7.5,0.0,8.5],"tintindex":0,"rotation":0,"texture":"#0"},"west":{"uv":[8.25,8.5,9.75,9.5],"tintindex":0,"rotation":0,"texture":"#0"},"up":{"uv":[6.75,7.5,4.5,6.0],"tintindex":0,"rotation":0,"texture":"#0"},"down":{"uv":[8.75,3.0,6.5,4.5],"tintindex":0,"rotation":0,"texture":"#0"}}},{"from":[0.0,5.0,4.25],"to":[8.5,8.75,4.25],"faces":{"east":{"uv":[0.0,8.5,1.5,9.5],"tintindex":0,"rotation":0,"texture":"#0"},"south":{"uv":[0.0,7.5,2.25,8.5],"tintindex":0,"rotation":0,"texture":"#0"},"north":{"uv":[2.25,7.5,0.0,8.5],"tintindex":0,"rotation":0,"texture":"#0"},"west":{"uv":[8.25,8.5,9.75,9.5],"tintindex":0,"rotation":0,"texture":"#0"},"up":{"uv":[6.75,7.5,4.5,6.0],"tintindex":0,"rotation":0,"texture":"#0"},"down":{"uv":[8.75,3.0,6.5,4.5],"tintindex":0,"rotation":0,"texture":"#0"}}},{"from":[8.5,5.0,4.25],"to":[8.5,8.75,9.75],"faces":{"east":{"uv":[0.0,8.5,1.5,9.5],"tintindex":0,"rotation":0,"texture":"#0"},"south":{"uv":[0.0,7.5,2.25,8.5],"tintindex":0,"rotation":0,"texture":"#0"},"north":{"uv":[2.25,7.5,0.0,8.5],"tintindex":0,"rotation":0,"texture":"#0"},"west":{"uv":[0.0,8.5,1.5,9.5],"tintindex":0,"rotation":0,"texture":"#0"},"up":{"uv":[6.75,7.5,4.5,6.0],"tintindex":0,"rotation":0,"texture":"#0"},"down":{"uv":[8.75,3.0,6.5,4.5],"tintindex":0,"rotation":0,"texture":"#0"}}},{"from":[0.0,5.0,4.25],"to":[8.5,5.0,9.75],"faces":{"east":{"uv":[0.0,8.5,1.5,9.5],"tintindex":0,"rotation":0,"texture":"#0"},"south":{"uv":[0.0,7.5,2.25,8.5],"tintindex":0,"rotation":0,"texture":"#0"},"north":{"uv":[2.25,7.5,0.0,8.5],"tintindex":0,"rotation":0,"texture":"#0"},"west":{"uv":[8.25,8.5,9.75,9.5],"tintindex":0,"rotation":0,"texture":"#0"},"up":{"uv":[8.75,3.0,6.5,4.5],"tintindex":0,"rotation":0,"texture":"#0"},"down":{"uv":[8.75,3.0,6.5,4.5],"tintindex":0,"rotation":0,"texture":"#0"}}},{"from":[0.0,5.0,4.25],"to":[0.0,8.75,9.75],"faces":{"east":{"uv":[8.25,8.5,9.75,9.5],"tintindex":0,"rotation":0,"texture":"#0"},"south":{"uv":[0.0,7.5,2.25,8.5],"tintindex":0,"rotation":0,"texture":"#0"},"north":{"uv":[2.25,7.5,0.0,8.5],"tintindex":0,"rotation":0,"texture":"#0"},"west":{"uv":[8.25,8.5,9.75,9.5],"tintindex":0,"rotation":0,"texture":"#0"},"up":{"uv":[6.75,7.5,4.5,6.0],"tintindex":0,"rotation":0,"texture":"#0"},"down":{"uv":[8.75,3.0,6.5,4.5],"tintindex":0,"rotation":0,"texture":"#0"}}}]}