{"textures":{"0":"modelengine:entity/crab"},"elements":[{"from":[11.75,-1.125,7.0],"to":[11.75,3.875,9.0],"faces":{"east":{"uv":[5.75,8.75,6.25,10.0],"tintindex":0,"rotation":0,"texture":"#0"},"west":{"uv":[5.25,8.75,5.75,10.0],"tintindex":0,"rotation":0,"texture":"#0"}},"rotation":{"origin":[1.0,4.0,8.0],"angle":22.5,"axis":"z"}},{"from":[8.0,8.0,7.0],"to":[11.0,8.0,9.0],"faces":{"up":{"uv":[10.25,5.75,9.5,5.25],"tintindex":0,"rotation":0,"texture":"#0"},"down":{"uv":[9.5,5.75,10.25,6.25],"tintindex":0,"rotation":0,"texture":"#0"}}}]}