{
	"credit": "Made with Blockbench",
	"texture_size": [32, 32],
	"textures": {
		"0": "item/pops/funko_alex",
		"particle": "item/pops/funko_alex"
	},
	"elements": [
		{
			"from": [6.5, 4.925, 4],
			"to": [7, 6.15, 7],
			"faces": {
				"north": {"uv": [5, 7, 5.5, 7.5], "texture": "#0"},
				"east": {"uv": [4, 6.5, 5.5, 7], "texture": "#0"},
				"south": {"uv": [5, 7, 5.5, 7.5], "texture": "#0"},
				"west": {"uv": [1.5, 5, 3.5, 6], "texture": "#0"},
				"up": {"uv": [5.25, 8, 4.75, 6.5], "texture": "#0"},
				"down": {"uv": [5, 6.5, 4.5, 8], "texture": "#0"}
			}
		},
		{
			"from": [7, 0, 4],
			"to": [11.25, 0.5, 8],
			"faces": {
				"north": {"uv": [4, 7.5, 6, 8], "texture": "#0"},
				"east": {"uv": [4, 7.25, 5.5, 7.75], "texture": "#0"},
				"south": {"uv": [4.25, 7.5, 6, 8], "texture": "#0"},
				"west": {"uv": [4, 7.5, 5, 8], "texture": "#0"},
				"up": {"uv": [5.25, 8, 4, 6.5], "texture": "#0"},
				"down": {"uv": [5.25, 6.25, 4, 8], "texture": "#0"}
			}
		},
		{
			"from": [7, 5.65, 4],
			"to": [11.25, 6.15, 8],
			"faces": {
				"north": {"uv": [4, 7.5, 6, 8], "texture": "#0"},
				"east": {"uv": [4, 7.5, 6, 8], "texture": "#0"},
				"south": {"uv": [4, 7.5, 6, 8], "texture": "#0"},
				"west": {"uv": [4, 7.5, 6, 8], "texture": "#0"},
				"up": {"uv": [3.5, 9.75, 0.25, 6.5], "texture": "#0"},
				"down": {"uv": [5.25, 6.25, 4, 8], "texture": "#0"}
			}
		},
		{
			"from": [10.4, 4.1, 3.5],
			"to": [11.75, 6.15, 4],
			"faces": {
				"north": {"uv": [0, 0, 0.97917, 1.625], "texture": "#0"},
				"east": {"uv": [4.5, 6.5, 5, 7.5], "texture": "#0"},
				"south": {"uv": [4.5, 6.5, 5, 7.5], "texture": "#0"},
				"west": {"uv": [4.25, 6.75, 4.75, 7.75], "texture": "#0"},
				"up": {"uv": [5, 7.5, 4.5, 7], "texture": "#0"},
				"down": {"uv": [10, 1, 9.5, 1.5], "texture": "#0"}
			}
		},
		{
			"from": [11.25, 0, 4],
			"to": [11.75, 6.15, 8],
			"faces": {
				"north": {"uv": [4.25, 6.25, 4.75, 8], "texture": "#0"},
				"east": {"uv": [9.75, 0, 13.25, 6], "texture": "#0"},
				"south": {"uv": [4.25, 6.25, 4.75, 8], "texture": "#0"},
				"west": {"uv": [4, 6.5, 4.75, 7.75], "texture": "#0"},
				"up": {"uv": [4.75, 7.5, 4.25, 6.75], "texture": "#0"},
				"down": {"uv": [4.75, 6.25, 4.25, 8], "texture": "#0"}
			}
		},
		{
			"from": [6.5, 0, 8],
			"to": [11.75, 6.15, 8.5],
			"faces": {
				"north": {"uv": [4, 6.25, 5.25, 8], "texture": "#0"},
				"east": {"uv": [4.75, 6.75, 5.25, 7.5], "texture": "#0"},
				"south": {"uv": [9.5, 0, 5.25, 6], "texture": "#0"},
				"west": {"uv": [4.25, 6.5, 5.25, 7.75], "texture": "#0"},
				"up": {"uv": [5.25, 6.75, 4.5, 6.5], "texture": "#0"},
				"down": {"uv": [5.25, 7, 4.5, 7.5], "texture": "#0"}
			}
		},
		{
			"from": [6.5, 0, 7],
			"to": [7, 6.15, 8],
			"faces": {
				"north": {"uv": [4.25, 6.25, 4.75, 8], "texture": "#0"},
				"east": {"uv": [4, 6.25, 4.5, 8], "texture": "#0"},
				"south": {"uv": [4.5, 6.25, 5, 8], "texture": "#0"},
				"west": {"uv": [4, 6, 4.9375, 0], "texture": "#0"},
				"up": {"uv": [5.25, 7, 4.75, 6.5], "texture": "#0"},
				"down": {"uv": [5.25, 6.25, 4.75, 6.75], "texture": "#0"}
			}
		},
		{
			"from": [10, 0, 3.5],
			"to": [11.75, 4.1, 4],
			"faces": {
				"north": {"uv": [0, 1.75, 1.5, 5.98333], "texture": "#0"},
				"east": {"uv": [4.5, 6.25, 5, 7.5], "texture": "#0"},
				"south": {"uv": [4, 6.25, 5, 7.75], "texture": "#0"},
				"west": {"uv": [4.25, 6.5, 4.75, 7.75], "texture": "#0"},
				"up": {"uv": [5, 7.5, 4, 7], "texture": "#0"},
				"down": {"uv": [5.25, 6.25, 4.25, 6.75], "texture": "#0"}
			}
		},
		{
			"from": [6.5, 4.925, 3.5],
			"to": [10.4, 6.15, 4],
			"faces": {
				"north": {"uv": [1, 0, 3.64583, 0.97917], "texture": "#0"},
				"east": {"uv": [4.5, 6.75, 5, 7.25], "texture": "#0"},
				"south": {"uv": [4, 6.25, 6, 6.75], "texture": "#0"},
				"west": {"uv": [4.75, 7.25, 5.25, 7.75], "texture": "#0"},
				"up": {"uv": [6, 6.75, 4, 6.25], "texture": "#0"},
				"down": {"uv": [6, 6.25, 4, 6.75], "texture": "#0"}
			}
		},
		{
			"from": [7, 0, 3.5],
			"to": [10, 1.5, 4],
			"faces": {
				"north": {"uv": [1.29167, 5.02083, 3.5, 6], "texture": "#0"},
				"east": {"uv": [4.5, 6.75, 5, 7.75], "texture": "#0"},
				"south": {"uv": [4, 6.25, 5.25, 7.25], "texture": "#0"},
				"west": {"uv": [4.5, 6.25, 5, 7.25], "texture": "#0"},
				"up": {"uv": [5.75, 6.75, 4.25, 6.25], "texture": "#0"},
				"down": {"uv": [6, 6.25, 4.5, 6.75], "texture": "#0"}
			}
		},
		{
			"from": [6.5, 0, 3.5],
			"to": [7, 1.5, 7],
			"faces": {
				"north": {"uv": [4.5, 6.5, 5, 7.5], "texture": "#0"},
				"east": {"uv": [4, 6.5, 6, 7.5], "texture": "#0"},
				"south": {"uv": [4.75, 6.5, 5.25, 7.5], "texture": "#0"},
				"west": {"uv": [1.25, 5, 3.25, 6], "texture": "#0"},
				"up": {"uv": [4.75, 7.5, 4.25, 6.25], "texture": "#0"},
				"down": {"uv": [5.25, 6.25, 4.75, 8], "texture": "#0"}
			}
		},
		{
			"from": [8, 1.25, 5.5],
			"to": [9.5, 2.75, 6.5],
			"faces": {
				"north": {"uv": [11, 12.75, 12.5, 14.25], "texture": "#0"},
				"east": {"uv": [10.25, 12.75, 11, 14.25], "texture": "#0"},
				"south": {"uv": [12.5, 13.25, 14, 14.75], "texture": "#0"},
				"west": {"uv": [12.25, 12.75, 13, 14.25], "texture": "#0"},
				"up": {"uv": [10.25, 13.5, 8.75, 12.75], "texture": "#0"},
				"down": {"uv": [10.25, 12.75, 8.75, 13.25], "texture": "#0"}
			}
		},
		{
			"from": [9.5, 1.25, 5.5],
			"to": [10, 2.75, 6.5],
			"faces": {
				"north": {"uv": [13.5, 1.5, 14, 3.25], "texture": "#0"},
				"east": {"uv": [13.5, 1.5, 14.5, 3.25], "texture": "#0"},
				"south": {"uv": [13.5, 1.5, 14, 3.25], "texture": "#0"},
				"west": {"uv": [13.5, 1.5, 14.5, 3.25], "texture": "#0"},
				"up": {"uv": [14, 0.75, 13.75, 0.25], "texture": "#0"},
				"down": {"uv": [14, 2.75, 13.5, 3.25], "texture": "#0"}
			}
		},
		{
			"from": [7.5, 1.25, 5.5],
			"to": [8, 2.75, 6.5],
			"faces": {
				"north": {"uv": [14.25, 1.5, 14.75, 3.25], "texture": "#0"},
				"east": {"uv": [13.75, 1.5, 14.75, 3.25], "texture": "#0"},
				"south": {"uv": [14.25, 1.5, 14.75, 3.25], "texture": "#0"},
				"west": {"uv": [13.75, 1.5, 14.75, 3.25], "texture": "#0"},
				"up": {"uv": [14.25, 1.25, 14, 0.75], "texture": "#0"},
				"down": {"uv": [14.75, 2.75, 14.25, 3.25], "texture": "#0"}
			}
		},
		{
			"from": [7.5, 2.75, 4.75],
			"to": [10, 5.25, 7.25],
			"faces": {
				"north": {"uv": [2.25, 13.75, 4.25, 15.75], "texture": "#0"},
				"east": {"uv": [0.25, 13.75, 2.25, 15.75], "texture": "#0"},
				"south": {"uv": [6.25, 13.75, 8.25, 15.75], "texture": "#0"},
				"west": {"uv": [4.25, 13.75, 6.25, 15.75], "texture": "#0"},
				"up": {"uv": [4.25, 13.75, 2.25, 11.75], "texture": "#0"},
				"down": {"uv": [6.25, 11.75, 4.25, 13.75], "texture": "#0"}
			}
		},
		{
			"from": [8, 0.25, 5.5],
			"to": [9.5, 1.25, 6.5],
			"faces": {
				"north": {"uv": [13.75, 11.75, 14.5, 12.25], "texture": "#0"},
				"east": {"uv": [14.25, 11.75, 14.75, 12.25], "texture": "#0"},
				"south": {"uv": [13.75, 11.75, 14.5, 12.25], "texture": "#0"},
				"west": {"uv": [13.75, 11.75, 14.25, 12.25], "texture": "#0"},
				"up": {"uv": [14.75, 11.75, 14, 11.25], "texture": "#0"},
				"down": {"uv": [14.75, 11.75, 14, 12.25], "texture": "#0"}
			}
		},
		{
			"name": "back",
			"from": [7.5, 2.75, 7.3],
			"to": [10, 5.25, 7.3],
			"faces": {
				"north": {"uv": [12.5, 7.25, 13.75, 8.5], "texture": "#0"},
				"east": {"uv": [0, 0, 0, 1.25], "texture": "#0"},
				"south": {"uv": [12.25, 9, 14, 10.75], "texture": "#0"},
				"west": {"uv": [0, 0, 0, 1.25], "texture": "#0"},
				"up": {"uv": [0, 0, 1.25, 0], "texture": "#0"},
				"down": {"uv": [0, 0, 1.25, 0], "texture": "#0"}
			}
		},
		{
			"name": "left",
			"from": [10.025, 2.85, 4.75],
			"to": [10.025, 5.35, 7.25],
			"rotation": {"angle": 0, "axis": "y", "origin": [11.75, 4, 7.275]},
			"faces": {
				"north": {"uv": [0, 0, 0, 1.25], "texture": "#0"},
				"east": {"uv": [6, 9, 8, 10.75], "texture": "#0"},
				"south": {"uv": [0, 0, 0, 1.25], "texture": "#0"},
				"west": {"uv": [14, 7, 15.75, 8.75], "texture": "#0"},
				"up": {"uv": [0, 0, 1.25, 0], "rotation": 270, "texture": "#0"},
				"down": {"uv": [0, 0, 1.25, 0], "rotation": 90, "texture": "#0"}
			}
		},
		{
			"name": "right",
			"from": [7.475, 2.85, 4.75],
			"to": [7.475, 5.35, 7.25],
			"rotation": {"angle": 0, "axis": "y", "origin": [11.75, 4, 7.275]},
			"faces": {
				"north": {"uv": [0, 0, 0, 1.25], "texture": "#0"},
				"east": {"uv": [14.5, 9, 15.75, 10.25], "texture": "#0"},
				"south": {"uv": [0, 0, 0, 1.25], "texture": "#0"},
				"west": {"uv": [10, 9, 11.75, 10.75], "texture": "#0"},
				"up": {"uv": [0, 0, 1.25, 0], "rotation": 270, "texture": "#0"},
				"down": {"uv": [0, 0, 1.25, 0], "rotation": 90, "texture": "#0"}
			}
		},
		{
			"name": "top",
			"from": [7.5, 5.275, 4.75],
			"to": [10, 5.275, 7.25],
			"rotation": {"angle": 0, "axis": "y", "origin": [7.475, 6, 6]},
			"faces": {
				"north": {"uv": [0, 0, 0, 1.25], "rotation": 90, "texture": "#0"},
				"east": {"uv": [0, 0, 1.25, 0], "texture": "#0"},
				"south": {"uv": [0, 0, 0, 1.25], "rotation": 270, "texture": "#0"},
				"west": {"uv": [0, 0, 1.25, 0], "rotation": 180, "texture": "#0"},
				"up": {"uv": [7.75, 7, 9.75, 9], "rotation": 270, "texture": "#0"},
				"down": {"uv": [11.75, 7, 13, 8.25], "rotation": 270, "texture": "#0"}
			}
		},
		{
			"name": "front",
			"from": [7.5, 2.75, 4.725],
			"to": [10, 5.25, 4.725],
			"faces": {
				"north": {"uv": [8, 8.75, 10, 10.75], "texture": "#0"},
				"east": {"uv": [0, 0, 0, 1.25], "texture": "#0"},
				"south": {"uv": [14.25, 9.5, 15.5, 10.75], "texture": "#0"},
				"west": {"uv": [0, 0, 0, 1.25], "texture": "#0"},
				"up": {"uv": [0, 0, 1.25, 0], "texture": "#0"},
				"down": {"uv": [0, 0, 1.25, 0], "texture": "#0"}
			}
		},
		{
			"name": "shirt",
			"from": [8, 1.25, 6.525],
			"to": [9.5, 2.75, 6.525],
			"faces": {
				"north": {"uv": [12, 7.75, 14, 9.5], "texture": "#0"},
				"east": {"uv": [12.25, 7.75, 13, 9.25], "texture": "#0"},
				"south": {"uv": [13, 12, 15.5, 15], "texture": "#0"},
				"west": {"uv": [12.25, 7.75, 13, 9.25], "texture": "#0"},
				"up": {"uv": [14, 9, 12.5, 8.25], "texture": "#0"},
				"down": {"uv": [8.5, 4, 7, 4.5], "texture": "#0"}
			}
		}
	],
	"gui_light": "front",
	"display": {
		"thirdperson_righthand": {
			"translation": [-1.25, 5.5, -1]
		},
		"thirdperson_lefthand": {
			"translation": [1.25, 5.5, -1]
		},
		"firstperson_righthand": {
			"rotation": [0, 147, 0],
			"translation": [0.75, 9, 0.5]
		},
		"firstperson_lefthand": {
			"rotation": [0, 165, 0],
			"translation": [-1.25, 9.25, 0]
		},
		"ground": {
			"translation": [-1, 5, 1.25]
		},
		"gui": {
			"rotation": [18, 142, 0],
			"translation": [3.25, 8, 0],
			"scale": [1.67, 1.67, 1.67]
		},
		"head": {
			"translation": [-1.25, 16.75, 2],
			"scale": [1.25, 1.25, 1.25]
		},
		"fixed": {
			"rotation": [-90, 0, 0],
			"translation": [-2, 4, -16.25],
			"scale": [2, 2, 2]
		}
	}
}