{
	"credit": "play.TheGroveMC.net",
	"texture_size": [64, 64],
	"textures": {
		"0": "item/season_2/saw_fish_sword",
		"particle": "item/season_2/saw_fish_sword"
	},
	"elements": [
		{
			"name": "head",
			"from": [3, 8, 8],
			"to": [13, 32, 8],
			"rotation": {"angle": 0, "axis": "y", "origin": [8, 1, 8]},
			"faces": {
				"north": {"uv": [0, 0, 2.5, 6], "texture": "#0"},
				"east": {"uv": [0, 0, 0, 6], "texture": "#0"},
				"south": {"uv": [2.5, 0, 5, 6], "texture": "#0"},
				"west": {"uv": [2.5, 0, 2.5, 6], "texture": "#0"},
				"up": {"uv": [2.5, 0, 0, 0], "texture": "#0"},
				"down": {"uv": [5, 0, 2.5, 0], "texture": "#0"}
			}
		},
		{
			"name": "head",
			"from": [6, 8, 7],
			"to": [10, 28, 9],
			"rotation": {"angle": 0, "axis": "y", "origin": [8, 1, 8]},
			"faces": {
				"north": {"uv": [5.5, 0.5, 6.5, 5.5], "texture": "#0"},
				"east": {"uv": [5, 0.5, 5.5, 5.5], "texture": "#0"},
				"south": {"uv": [7, 0.5, 8, 5.5], "texture": "#0"},
				"west": {"uv": [6.5, 0.5, 7, 5.5], "texture": "#0"},
				"up": {"uv": [6.5, 0.5, 5.5, 0], "texture": "#0"},
				"down": {"uv": [7.5, 0, 6.5, 0.5], "texture": "#0"}
			}
		},
		{
			"name": "head",
			"from": [5, 4, 7],
			"to": [11, 8, 9],
			"rotation": {"angle": 0, "axis": "y", "origin": [8, 1, 8]},
			"faces": {
				"north": {"uv": [5, 6, 6.5, 7], "texture": "#0"},
				"east": {"uv": [4.5, 6, 5, 7], "texture": "#0"},
				"south": {"uv": [7, 6, 8.5, 7], "texture": "#0"},
				"west": {"uv": [6.5, 6, 7, 7], "texture": "#0"},
				"up": {"uv": [6.5, 6, 5, 5.5], "texture": "#0"},
				"down": {"uv": [8, 5.5, 6.5, 6], "texture": "#0"}
			}
		},
		{
			"name": "head",
			"from": [7, -2, 7],
			"to": [9, 4, 9],
			"rotation": {"angle": 0, "axis": "y", "origin": [8, 1, 8]},
			"faces": {
				"north": {"uv": [0.5, 6.5, 1, 8], "texture": "#0"},
				"east": {"uv": [0, 6.5, 0.5, 8], "texture": "#0"},
				"south": {"uv": [1.5, 6.5, 2, 8], "texture": "#0"},
				"west": {"uv": [1, 6.5, 1.5, 8], "texture": "#0"},
				"up": {"uv": [1, 6.5, 0.5, 6], "texture": "#0"},
				"down": {"uv": [1.5, 6, 1, 6.5], "texture": "#0"}
			}
		}
	],
	"display": {
		"thirdperson_righthand": {
			"rotation": [22.99, 89.35, -20.53],
			"translation": [0, 5.25, 2]
		},
		"thirdperson_lefthand": {
			"rotation": [22.99, 89.35, -20.53],
			"translation": [0, 5.25, 2]
		},
		"firstperson_righthand": {
			"rotation": [-32.01, 85.82, 31.98],
			"translation": [2.75, -1.25, 0],
			"scale": [0.65234, 0.65234, 0.65234]
		},
		"firstperson_lefthand": {
			"rotation": [-32.01, 85.82, 31.98],
			"translation": [2.75, -1.25, 0],
			"scale": [0.65234, 0.65234, 0.65234]
		},
		"ground": {
			"rotation": [51.02, -29.37, 96.91],
			"scale": [0.68359, 0.68359, 0.68359]
		},
		"gui": {
			"rotation": [-175.31, 0.51, -137.78],
			"translation": [-2.75, -3, 0],
			"scale": [0.5625, 0.5625, 0.5625]
		},
		"fixed": {
			"translation": [0, -0.5, -1.75]
		}
	},
	"groups": [
		{
			"name": "group",
			"origin": [8, 8, 8],
			"color": 0,
			"children": [0, 1, 2, 3]
		}
	]
}