{"textures":{"0":"modelengine:entity/copper_golem_3"},"elements":[{"from":[5.670234,0.2607026,6.566797],"to":[7.6767187,8.859921,9.146563],"faces":{"east":{"uv":[4.5,5.0,5.25,7.25],"tintindex":0,"rotation":0,"texture":"#0"},"south":{"uv":[2.0,5.75,2.5,8.0],"tintindex":0,"rotation":0,"texture":"#0"},"north":{"uv":[1.5,5.25,2.0,7.5],"tintindex":0,"rotation":0,"texture":"#0"},"west":{"uv":[0.0,5.25,0.75,7.5],"tintindex":0,"rotation":0,"texture":"#0"},"up":{"uv":[0.5,8.25,0.0,7.5],"tintindex":0,"rotation":0,"texture":"#0"},"down":{"uv":[8.0,0.0,7.5,0.75],"tintindex":0,"rotation":0,"texture":"#0"}}}]}