{"textures":{"0":"modelengine:entity/barnacle"},"elements":[{"from":[5.5,5.5,-15.0],"to":[10.5,10.5,-15.0],"faces":{"east":{"uv":[7.75,1.125,10.75,1.75],"tintindex":0,"rotation":0,"texture":"#0"},"south":{"uv":[6.625,0.0,6.0,0.625],"tintindex":0,"rotation":0,"texture":"#0"},"north":{"uv":[6.0,0.0,6.625,0.625],"tintindex":0,"rotation":0,"texture":"#0"},"west":{"uv":[7.75,1.75,10.75,2.375],"tintindex":0,"rotation":0,"texture":"#0"},"up":{"uv":[3.125,5.375,2.5,2.375],"tintindex":0,"rotation":0,"texture":"#0"},"down":{"uv":[3.75,2.375,3.125,5.375],"tintindex":0,"rotation":0,"texture":"#0"}}},{"from":[5.5,10.5,-15.0],"to":[10.5,10.5,9.0],"faces":{"east":{"uv":[7.75,1.125,10.75,1.75],"tintindex":0,"rotation":0,"texture":"#0"},"south":{"uv":[6.625,0.0,7.25,0.625],"tintindex":0,"rotation":0,"texture":"#0"},"north":{"uv":[6.0,0.0,6.625,0.625],"tintindex":0,"rotation":0,"texture":"#0"},"west":{"uv":[7.75,1.75,10.75,2.375],"tintindex":0,"rotation":0,"texture":"#0"},"up":{"uv":[3.125,5.375,2.5,2.375],"tintindex":0,"rotation":0,"texture":"#0"},"down":{"uv":[3.125,2.375,2.5,5.375],"tintindex":0,"rotation":0,"texture":"#0"}}},{"from":[5.5,5.5,9.0],"to":[10.5,10.5,9.0],"faces":{"east":{"uv":[7.75,1.125,10.75,1.75],"tintindex":0,"rotation":0,"texture":"#0"},"south":{"uv":[6.625,0.0,7.25,0.625],"tintindex":0,"rotation":0,"texture":"#0"},"north":{"uv":[7.25,0.0,6.625,0.625],"tintindex":0,"rotation":0,"texture":"#0"},"west":{"uv":[7.75,1.75,10.75,2.375],"tintindex":0,"rotation":0,"texture":"#0"},"up":{"uv":[3.125,5.375,2.5,2.375],"tintindex":0,"rotation":0,"texture":"#0"},"down":{"uv":[3.75,2.375,3.125,5.375],"tintindex":0,"rotation":0,"texture":"#0"}}},{"from":[5.5,5.5,-15.0],"to":[10.5,5.5,9.0],"faces":{"east":{"uv":[7.75,1.125,10.75,1.75],"tintindex":0,"rotation":0,"texture":"#0"},"south":{"uv":[6.625,0.0,7.25,0.625],"tintindex":0,"rotation":0,"texture":"#0"},"north":{"uv":[6.0,0.0,6.625,0.625],"tintindex":0,"rotation":0,"texture":"#0"},"west":{"uv":[7.75,1.75,10.75,2.375],"tintindex":0,"rotation":0,"texture":"#0"},"up":{"uv":[3.75,5.375,3.125,2.375],"tintindex":0,"rotation":0,"texture":"#0"},"down":{"uv":[3.75,2.375,3.125,5.375],"tintindex":0,"rotation":0,"texture":"#0"}}},{"from":[10.5,5.5,-15.0],"to":[10.5,10.5,9.0],"faces":{"east":{"uv":[7.75,1.125,10.75,1.75],"tintindex":0,"rotation":0,"texture":"#0"},"south":{"uv":[6.625,0.0,7.25,0.625],"tintindex":0,"rotation":0,"texture":"#0"},"north":{"uv":[6.0,0.0,6.625,0.625],"tintindex":0,"rotation":0,"texture":"#0"},"west":{"uv":[10.75,1.125,7.75,1.75],"tintindex":0,"rotation":0,"texture":"#0"},"up":{"uv":[3.125,5.375,2.5,2.375],"tintindex":0,"rotation":0,"texture":"#0"},"down":{"uv":[3.75,2.375,3.125,5.375],"tintindex":0,"rotation":0,"texture":"#0"}}}]}