{"textures":{"0":"modelengine:entity/barnacle"},"elements":[{"from":[5.5,10.5,-15.0],"to":[10.5,10.5,9.0],"faces":{"east":{"uv":[5.0,3.625,8.0,4.25],"tintindex":0,"rotation":0,"texture":"#0"},"south":{"uv":[9.125,0.0,9.75,0.625],"tintindex":0,"rotation":0,"texture":"#0"},"north":{"uv":[8.5,0.0,9.125,0.625],"tintindex":0,"rotation":0,"texture":"#0"},"west":{"uv":[5.0,4.25,8.0,4.875],"tintindex":0,"rotation":0,"texture":"#0"},"up":{"uv":[4.375,5.375,3.75,2.375],"tintindex":0,"rotation":0,"texture":"#0"},"down":{"uv":[4.375,2.375,3.75,5.375],"tintindex":0,"rotation":0,"texture":"#0"}}},{"from":[5.5,5.5,9.0],"to":[10.5,10.5,9.0],"faces":{"east":{"uv":[5.0,3.625,8.0,4.25],"tintindex":0,"rotation":0,"texture":"#0"},"south":{"uv":[9.125,0.0,9.75,0.625],"tintindex":0,"rotation":0,"texture":"#0"},"north":{"uv":[9.75,0.0,9.125,0.625],"tintindex":0,"rotation":0,"texture":"#0"},"west":{"uv":[5.0,4.25,8.0,4.875],"tintindex":0,"rotation":0,"texture":"#0"},"up":{"uv":[4.375,5.375,3.75,2.375],"tintindex":0,"rotation":0,"texture":"#0"},"down":{"uv":[5.0,2.375,4.375,5.375],"tintindex":0,"rotation":0,"texture":"#0"}}},{"from":[5.5,5.5,-15.0],"to":[5.5,10.5,9.0],"faces":{"east":{"uv":[8.0,4.25,5.0,4.875],"tintindex":0,"rotation":0,"texture":"#0"},"south":{"uv":[9.125,0.0,9.75,0.625],"tintindex":0,"rotation":0,"texture":"#0"},"north":{"uv":[8.5,0.0,9.125,0.625],"tintindex":0,"rotation":0,"texture":"#0"},"west":{"uv":[5.0,4.25,8.0,4.875],"tintindex":0,"rotation":0,"texture":"#0"},"up":{"uv":[4.375,5.375,3.75,2.375],"tintindex":0,"rotation":0,"texture":"#0"},"down":{"uv":[5.0,2.375,4.375,5.375],"tintindex":0,"rotation":0,"texture":"#0"}}},{"from":[5.5,5.5,-15.0],"to":[10.5,5.5,9.0],"faces":{"east":{"uv":[5.0,3.625,8.0,4.25],"tintindex":0,"rotation":0,"texture":"#0"},"south":{"uv":[9.125,0.0,9.75,0.625],"tintindex":0,"rotation":0,"texture":"#0"},"north":{"uv":[8.5,0.0,9.125,0.625],"tintindex":0,"rotation":0,"texture":"#0"},"west":{"uv":[5.0,4.25,8.0,4.875],"tintindex":0,"rotation":0,"texture":"#0"},"up":{"uv":[5.0,5.375,4.375,2.375],"tintindex":0,"rotation":0,"texture":"#0"},"down":{"uv":[5.0,2.375,4.375,5.375],"tintindex":0,"rotation":0,"texture":"#0"}}},{"from":[5.5,5.5,-15.0],"to":[10.5,10.5,-15.0],"faces":{"east":{"uv":[5.0,3.625,8.0,4.25],"tintindex":0,"rotation":0,"texture":"#0"},"south":{"uv":[9.125,0.0,8.5,0.625],"tintindex":0,"rotation":0,"texture":"#0"},"north":{"uv":[8.5,0.0,9.125,0.625],"tintindex":0,"rotation":0,"texture":"#0"},"west":{"uv":[5.0,4.25,8.0,4.875],"tintindex":0,"rotation":0,"texture":"#0"},"up":{"uv":[4.375,5.375,3.75,2.375],"tintindex":0,"rotation":0,"texture":"#0"},"down":{"uv":[5.0,2.375,4.375,5.375],"tintindex":0,"rotation":0,"texture":"#0"}}}]}