{"textures":{"0":"modelengine:entity/deer"},"elements":[{"from":[5.0,16.9,3.6999998],"to":[11.0,22.9,9.7],"faces":{"east":{"uv":[0.25,1.5,1.75,3.0],"tintindex":0,"rotation":0,"texture":"#0"},"south":{"uv":[4.75,1.5,6.25,3.0],"tintindex":0,"rotation":0,"texture":"#0"},"north":{"uv":[1.75,1.5,3.25,3.0],"tintindex":0,"rotation":0,"texture":"#0"},"west":{"uv":[3.25,1.5,4.75,3.0],"tintindex":0,"rotation":0,"texture":"#0"},"up":{"uv":[3.25,1.5,1.75,0.0],"tintindex":0,"rotation":0,"texture":"#0"},"down":{"uv":[4.75,0.0,3.25,1.5],"tintindex":0,"rotation":0,"texture":"#0"}}},{"from":[2.0,18.9,6.7],"to":[5.0,20.9,7.7],"faces":{"east":{"uv":[3.0,13.25,3.25,13.75],"tintindex":0,"rotation":0,"texture":"#0"},"south":{"uv":[4.25,13.25,5.0,13.75],"tintindex":0,"rotation":0,"texture":"#0"},"north":{"uv":[3.25,13.25,4.0,13.75],"tintindex":0,"rotation":0,"texture":"#0"},"west":{"uv":[4.0,13.25,4.25,13.75],"tintindex":0,"rotation":0,"texture":"#0"},"up":{"uv":[4.0,13.25,3.25,13.0],"tintindex":0,"rotation":0,"texture":"#0"},"down":{"uv":[4.75,13.0,4.0,13.25],"tintindex":0,"rotation":0,"texture":"#0"}}},{"from":[11.0,18.9,6.7],"to":[14.0,20.9,7.7],"faces":{"east":{"uv":[3.0,12.5,3.25,13.0],"tintindex":0,"rotation":0,"texture":"#0"},"south":{"uv":[4.25,12.5,5.0,13.0],"tintindex":0,"rotation":0,"texture":"#0"},"north":{"uv":[3.25,12.5,4.0,13.0],"tintindex":0,"rotation":0,"texture":"#0"},"west":{"uv":[4.0,12.5,4.25,13.0],"tintindex":0,"rotation":0,"texture":"#0"},"up":{"uv":[4.0,12.5,3.25,12.25],"tintindex":0,"rotation":0,"texture":"#0"},"down":{"uv":[4.75,12.25,4.0,12.5],"tintindex":0,"rotation":0,"texture":"#0"}}},{"from":[6.0,16.9,0.6999998],"to":[10.0,19.9,3.6999998],"faces":{"east":{"uv":[0.0,7.75,0.75,8.5],"tintindex":0,"rotation":0,"texture":"#0"},"south":{"uv":[2.5,7.75,3.5,8.5],"tintindex":0,"rotation":0,"texture":"#0"},"north":{"uv":[0.75,7.75,1.75,8.5],"tintindex":0,"rotation":0,"texture":"#0"},"west":{"uv":[1.75,7.75,2.5,8.5],"tintindex":0,"rotation":0,"texture":"#0"},"up":{"uv":[1.75,7.75,0.75,7.0],"tintindex":0,"rotation":0,"texture":"#0"},"down":{"uv":[2.75,7.0,1.75,7.75],"tintindex":0,"rotation":0,"texture":"#0"}}},{"from":[5.5,6.8999996,3.6999998],"to":[10.5,16.9,9.7],"faces":{"east":{"uv":[0.25,4.5,1.75,7.0],"tintindex":0,"rotation":0,"texture":"#0"},"south":{"uv":[4.5,4.5,5.75,7.0],"tintindex":0,"rotation":0,"texture":"#0"},"north":{"uv":[1.75,4.5,3.0,7.0],"tintindex":0,"rotation":0,"texture":"#0"},"west":{"uv":[3.0,4.5,4.5,7.0],"tintindex":0,"rotation":0,"texture":"#0"},"up":{"uv":[3.0,4.5,1.75,3.0],"tintindex":0,"rotation":0,"texture":"#0"},"down":{"uv":[4.25,3.0,3.0,4.5],"tintindex":0,"rotation":0,"texture":"#0"}}}]}