{"textures":{"0":"modelengine:entity/deer"},"elements":[{"from":[6.5,-2.5,6.5],"to":[9.5,8.5,9.5],"faces":{"east":{"uv":[0.0,11.0,0.75,13.75],"tintindex":0,"rotation":0,"texture":"#0"},"south":{"uv":[2.25,11.0,3.0,13.75],"tintindex":0,"rotation":0,"texture":"#0"},"north":{"uv":[0.75,11.0,1.5,13.75],"tintindex":0,"rotation":0,"texture":"#0"},"west":{"uv":[1.5,11.0,2.25,13.75],"tintindex":0,"rotation":0,"texture":"#0"},"up":{"uv":[1.5,11.0,0.75,10.25],"tintindex":0,"rotation":0,"texture":"#0"},"down":{"uv":[2.25,10.25,1.5,11.0],"tintindex":0,"rotation":0,"texture":"#0"}}}]}