{"textures":{"0":"modelengine:entity/deer"},"elements":[{"from":[1.951251,11.898239,3.7088547],"to":[1.951251,19.89824,11.708855],"faces":{"east":{"uv":[5.75,6.75,7.75,8.75],"tintindex":0,"rotation":0,"texture":"#0"},"west":{"uv":[7.75,6.75,5.75,8.75],"tintindex":0,"rotation":0,"texture":"#0"}}},{"from":[-2.048749,6.898239,7.7088547],"to":[8.951251,18.89824,7.7088547],"faces":{"south":{"uv":[9.0,0.0,6.25,3.0],"tintindex":0,"rotation":0,"texture":"#0"},"north":{"uv":[6.25,0.0,9.0,3.0],"tintindex":0,"rotation":0,"texture":"#0"}}}]}