{"textures":{"0":"modelengine:entity/copper_golem_1"},"elements":[{"from":[6.206875,5.096953,6.280156],"to":[9.719844,8.53664,9.433203],"faces":{"east":{"uv":[7.0,5.25,7.75,6.0],"tintindex":0,"rotation":0,"texture":"#0"},"south":{"uv":[3.0,6.5,4.0,7.25],"tintindex":0,"rotation":0,"texture":"#0"},"north":{"uv":[6.5,1.5,7.5,2.25],"tintindex":0,"rotation":0,"texture":"#0"},"west":{"uv":[7.0,6.0,7.75,6.75],"tintindex":0,"rotation":0,"texture":"#0"},"up":{"uv":[7.0,7.5,6.0,6.75],"tintindex":0,"rotation":0,"texture":"#0"},"down":{"uv":[8.0,2.25,7.0,3.0],"tintindex":0,"rotation":0,"texture":"#0"}}}]}