{"textures":{"0":"modelengine:entity/armadillo"},"elements":[{"from":[1.0,1.0,3.75],"to":[15.0,14.0,7.75],"faces":{"east":{"uv":[1.75,9.375,2.25,11.0],"tintindex":0,"rotation":0,"texture":"#0"},"south":{"uv":[5.625,5.125,7.375,6.75],"tintindex":0,"rotation":0,"texture":"#0"},"north":{"uv":[5.625,3.5,7.375,5.125],"tintindex":0,"rotation":0,"texture":"#0"},"west":{"uv":[2.25,9.375,2.75,11.0],"tintindex":0,"rotation":0,"texture":"#0"},"up":{"uv":[1.75,9.5,0.0,9.0],"tintindex":0,"rotation":0,"texture":"#0"},"down":{"uv":[10.875,4.625,9.125,5.125],"tintindex":0,"rotation":0,"texture":"#0"}}},{"from":[0.75,0.75,8.0],"to":[15.25,14.25,12.25],"faces":{"east":{"uv":[9.25,5.125,9.75,6.875],"tintindex":0,"rotation":0,"texture":"#0"},"south":{"uv":[3.75,5.375,5.625,7.125],"tintindex":0,"rotation":0,"texture":"#0"},"north":{"uv":[3.75,3.625,5.625,5.375],"tintindex":0,"rotation":0,"texture":"#0"},"west":{"uv":[9.25,8.625,9.75,10.375],"tintindex":0,"rotation":0,"texture":"#0"},"up":{"uv":[11.0,4.125,9.125,3.625],"tintindex":0,"rotation":0,"texture":"#0"},"down":{"uv":[11.0,4.125,9.125,4.625],"tintindex":0,"rotation":0,"texture":"#0"}}},{"from":[1.0,1.0,7.75],"to":[15.0,14.0,11.75],"faces":{"east":{"uv":[2.75,9.375,3.25,11.0],"tintindex":0,"rotation":0,"texture":"#0"},"south":{"uv":[3.75,7.125,5.5,8.75],"tintindex":0,"rotation":0,"texture":"#0"},"north":{"uv":[5.625,6.75,7.375,8.375],"tintindex":0,"rotation":0,"texture":"#0"},"west":{"uv":[0.0,9.5,0.5,11.125],"tintindex":0,"rotation":0,"texture":"#0"},"up":{"uv":[11.0,7.375,9.25,6.875],"tintindex":0,"rotation":0,"texture":"#0"},"down":{"uv":[11.0,7.375,9.25,7.875],"tintindex":0,"rotation":0,"texture":"#0"}}},{"from":[0.75,0.75,3.75],"to":[15.25,14.25,8.0],"faces":{"east":{"uv":[4.25,8.75,4.75,10.5],"tintindex":0,"rotation":0,"texture":"#0"},"south":{"uv":[3.75,1.875,5.625,3.625],"tintindex":0,"rotation":0,"texture":"#0"},"north":{"uv":[1.875,3.75,3.75,5.5],"tintindex":0,"rotation":0,"texture":"#0"},"west":{"uv":[4.75,8.75,5.25,10.5],"tintindex":0,"rotation":0,"texture":"#0"},"up":{"uv":[3.625,9.375,1.75,8.875],"tintindex":0,"rotation":0,"texture":"#0"},"down":{"uv":[11.0,3.125,9.125,3.625],"tintindex":0,"rotation":0,"texture":"#0"}}}]}