{"textures":{"0":"modelengine:entity/armadillo"},"elements":[{"from":[0.75,0.75,7.5],"to":[15.25,14.25,12.75],"faces":{"east":{"uv":[7.5,1.25,8.125,3.0],"tintindex":0,"rotation":0,"texture":"#0"},"south":{"uv":[0.0,5.625,1.875,7.375],"tintindex":0,"rotation":0,"texture":"#0"},"north":{"uv":[1.875,5.5,3.75,7.25],"tintindex":0,"rotation":0,"texture":"#0"},"west":{"uv":[7.375,8.0,8.0,9.75],"tintindex":0,"rotation":0,"texture":"#0"},"up":{"uv":[9.25,7.375,7.375,6.75],"tintindex":0,"rotation":0,"texture":"#0"},"down":{"uv":[9.25,7.375,7.375,8.0],"tintindex":0,"rotation":0,"texture":"#0"}}},{"from":[1.0,1.0,7.0],"to":[15.0,14.0,12.0],"faces":{"east":{"uv":[6.75,8.375,7.375,10.0],"tintindex":0,"rotation":0,"texture":"#0"},"south":{"uv":[0.0,7.375,1.75,9.0],"tintindex":0,"rotation":0,"texture":"#0"},"north":{"uv":[1.875,7.25,3.625,8.875],"tintindex":0,"rotation":0,"texture":"#0"},"west":{"uv":[8.0,8.625,8.625,10.25],"tintindex":0,"rotation":0,"texture":"#0"},"up":{"uv":[9.75,8.625,8.0,8.0],"tintindex":0,"rotation":0,"texture":"#0"},"down":{"uv":[9.875,1.25,8.125,1.875],"tintindex":0,"rotation":0,"texture":"#0"}}}]}