{"textures":{"0":"modelengine:entity/armadillo"},"elements":[{"from":[0.75,0.75,3.25],"to":[15.25,14.25,8.5],"faces":{"east":{"uv":[5.5,8.375,6.125,10.125],"tintindex":0,"rotation":0,"texture":"#0"},"south":{"uv":[5.625,1.75,7.5,3.5],"tintindex":0,"rotation":0,"texture":"#0"},"north":{"uv":[5.625,0.0,7.5,1.75],"tintindex":0,"rotation":0,"texture":"#0"},"west":{"uv":[6.125,8.375,6.75,10.125],"tintindex":0,"rotation":0,"texture":"#0"},"up":{"uv":[9.375,0.625,7.5,0.0],"tintindex":0,"rotation":0,"texture":"#0"},"down":{"uv":[9.375,0.625,7.5,1.25],"tintindex":0,"rotation":0,"texture":"#0"}}},{"from":[1.0,1.0,3.5],"to":[15.0,14.0,8.5],"faces":{"east":{"uv":[8.625,8.625,9.25,10.25],"tintindex":0,"rotation":0,"texture":"#0"},"south":{"uv":[7.375,5.125,9.125,6.75],"tintindex":0,"rotation":0,"texture":"#0"},"north":{"uv":[7.375,3.5,9.125,5.125],"tintindex":0,"rotation":0,"texture":"#0"},"west":{"uv":[3.625,8.75,4.25,10.375],"tintindex":0,"rotation":0,"texture":"#0"},"up":{"uv":[9.875,2.5,8.125,1.875],"tintindex":0,"rotation":0,"texture":"#0"},"down":{"uv":[9.875,2.5,8.125,3.125],"tintindex":0,"rotation":0,"texture":"#0"}}}]}