{"textures":{"0":"modelengine:entity/armadillo"},"elements":[{"from":[9.0,10.0,6.0],"to":[11.0,15.0,6.0],"faces":{"south":{"uv":[5.25,9.375,5.5,10.0],"tintindex":0,"rotation":0,"texture":"#0"},"north":{"uv":[5.25,8.75,5.5,9.375],"tintindex":0,"rotation":0,"texture":"#0"}}},{"from":[6.5,6.0,1.0],"to":[10.5,10.0,8.0],"faces":{"east":{"uv":[9.375,0.0,10.25,0.5],"tintindex":0,"rotation":0,"texture":"#0"},"south":{"uv":[9.75,7.875,10.25,8.375],"tintindex":0,"rotation":0,"texture":"#0"},"north":{"uv":[7.375,9.75,7.875,10.25],"tintindex":0,"rotation":0,"texture":"#0"},"west":{"uv":[9.375,0.5,10.25,1.0],"tintindex":0,"rotation":0,"texture":"#0"},"up":{"uv":[1.0,10.375,0.5,9.5],"tintindex":0,"rotation":0,"texture":"#0"},"down":{"uv":[1.5,9.5,1.0,10.375],"tintindex":0,"rotation":0,"texture":"#0"}}},{"from":[6.0,10.0,6.0],"to":[8.0,15.0,6.0],"faces":{"south":{"uv":[9.75,8.375,10.0,9.0],"tintindex":0,"rotation":0,"texture":"#0"},"north":{"uv":[1.5,9.5,1.75,10.125],"tintindex":0,"rotation":0,"texture":"#0"}}},{"from":[6.5,6.0,0.0],"to":[10.5,8.0,1.0],"faces":{"east":{"uv":[5.5,7.125,5.625,7.375],"tintindex":0,"rotation":0,"texture":"#0"},"south":{"uv":[9.75,6.625,10.25,6.875],"tintindex":0,"rotation":0,"texture":"#0"},"north":{"uv":[9.375,1.0,9.875,1.25],"tintindex":0,"rotation":0,"texture":"#0"},"west":{"uv":[3.625,7.25,3.75,7.5],"tintindex":0,"rotation":0,"texture":"#0"},"up":{"uv":[8.0,3.125,7.5,3.0],"tintindex":0,"rotation":0,"texture":"#0"},"down":{"uv":[9.75,7.875,9.25,8.0],"tintindex":0,"rotation":0,"texture":"#0"}}}]}