{"textures":{"0":"modelengine:entity/armadillo"},"elements":[{"from":[6.5,5.0,7.0],"to":[9.5,8.0,10.0],"faces":{"east":{"uv":[9.75,10.125,10.125,10.5],"tintindex":0,"rotation":0,"texture":"#0"},"south":{"uv":[10.125,9.875,10.5,10.25],"tintindex":0,"rotation":0,"texture":"#0"},"north":{"uv":[10.125,9.5,10.5,9.875],"tintindex":0,"rotation":0,"texture":"#0"},"west":{"uv":[10.25,0.0,10.625,0.375],"tintindex":0,"rotation":0,"texture":"#0"},"up":{"uv":[10.625,0.75,10.25,0.375],"tintindex":0,"rotation":0,"texture":"#0"},"down":{"uv":[10.625,0.75,10.25,1.125],"tintindex":0,"rotation":0,"texture":"#0"}}}]}