{"textures":{"0":"modelengine:entity/copper_golem"},"elements":[{"from":[8.0,0.2607031,6.566797],"to":[10.293125,8.859922,9.146563],"faces":{"east":{"uv":[0.75,5.25,1.5,7.5],"tintindex":0,"rotation":0,"texture":"#0"},"south":{"uv":[6.0,0.0,6.5,2.25],"tintindex":0,"rotation":0,"texture":"#0"},"north":{"uv":[2.5,5.75,3.0,8.0],"tintindex":0,"rotation":0,"texture":"#0"},"west":{"uv":[5.25,5.0,6.0,7.25],"tintindex":0,"rotation":0,"texture":"#0"},"up":{"uv":[1.0,8.25,0.5,7.5],"tintindex":0,"rotation":0,"texture":"#0"},"down":{"uv":[8.0,0.75,7.5,1.5],"tintindex":0,"rotation":0,"texture":"#0"}}}]}