{"textures":{"0":"modelengine:entity/crab"},"elements":[{"from":[-2.0,8.0,10.0],"to":[7.0,13.0,10.0],"faces":{"east":{"uv":[2.25,7.5,3.75,8.75],"tintindex":0,"rotation":0,"texture":"#0"},"south":{"uv":[6.75,5.75,9.0,7.0],"tintindex":0,"rotation":0,"texture":"#0"},"north":{"uv":[9.0,5.75,6.75,7.0],"tintindex":0,"rotation":0,"texture":"#0"},"west":{"uv":[3.75,7.5,5.25,8.75],"tintindex":0,"rotation":0,"texture":"#0"},"up":{"uv":[2.25,7.5,0.0,6.0],"tintindex":0,"rotation":0,"texture":"#0"},"down":{"uv":[4.5,6.0,2.25,7.5],"tintindex":0,"rotation":0,"texture":"#0"}}},{"from":[7.0,8.0,4.0],"to":[7.0,13.0,10.0],"faces":{"east":{"uv":[2.25,7.5,3.75,8.75],"tintindex":0,"rotation":0,"texture":"#0"},"south":{"uv":[6.75,5.75,9.0,7.0],"tintindex":0,"rotation":0,"texture":"#0"},"north":{"uv":[9.0,5.75,6.75,7.0],"tintindex":0,"rotation":0,"texture":"#0"},"west":{"uv":[2.25,7.5,3.75,8.75],"tintindex":0,"rotation":0,"texture":"#0"},"up":{"uv":[2.25,7.5,0.0,6.0],"tintindex":0,"rotation":0,"texture":"#0"},"down":{"uv":[4.5,6.0,2.25,7.5],"tintindex":0,"rotation":0,"texture":"#0"}}},{"from":[-2.0,8.0,4.0],"to":[-2.0,13.0,10.0],"faces":{"east":{"uv":[3.75,7.5,5.25,8.75],"tintindex":0,"rotation":0,"texture":"#0"},"south":{"uv":[6.75,5.75,9.0,7.0],"tintindex":0,"rotation":0,"texture":"#0"},"north":{"uv":[9.0,5.75,6.75,7.0],"tintindex":0,"rotation":0,"texture":"#0"},"west":{"uv":[3.75,7.5,5.25,8.75],"tintindex":0,"rotation":0,"texture":"#0"},"up":{"uv":[2.25,7.5,0.0,6.0],"tintindex":0,"rotation":0,"texture":"#0"},"down":{"uv":[4.5,6.0,2.25,7.5],"tintindex":0,"rotation":0,"texture":"#0"}}},{"from":[-2.0,13.0,4.0],"to":[7.0,13.0,10.0],"faces":{"east":{"uv":[2.25,7.5,3.75,8.75],"tintindex":0,"rotation":0,"texture":"#0"},"south":{"uv":[6.75,5.75,9.0,7.0],"tintindex":0,"rotation":0,"texture":"#0"},"north":{"uv":[9.0,5.75,6.75,7.0],"tintindex":0,"rotation":0,"texture":"#0"},"west":{"uv":[3.75,7.5,5.25,8.75],"tintindex":0,"rotation":0,"texture":"#0"},"up":{"uv":[2.25,7.5,0.0,6.0],"tintindex":0,"rotation":0,"texture":"#0"},"down":{"uv":[2.25,7.5,0.0,6.0],"tintindex":0,"rotation":0,"texture":"#0"}}},{"from":[-2.0,8.0,4.0],"to":[7.0,13.0,4.0],"faces":{"east":{"uv":[2.25,7.5,3.75,8.75],"tintindex":0,"rotation":0,"texture":"#0"},"south":{"uv":[6.75,5.75,9.0,7.0],"tintindex":0,"rotation":0,"texture":"#0"},"north":{"uv":[9.0,5.75,6.75,7.0],"tintindex":0,"rotation":0,"texture":"#0"},"west":{"uv":[3.75,7.5,5.25,8.75],"tintindex":0,"rotation":0,"texture":"#0"},"up":{"uv":[2.25,7.5,0.0,6.0],"tintindex":0,"rotation":0,"texture":"#0"},"down":{"uv":[4.5,6.0,2.25,7.5],"tintindex":0,"rotation":0,"texture":"#0"}}}]}