{"textures":{"0":"modelengine:entity/crab"},"elements":[{"from":[5.0,8.0,7.0],"to":[8.0,8.0,9.0],"faces":{"up":{"uv":[10.25,5.75,9.5,5.25],"tintindex":0,"rotation":0,"texture":"#0"},"down":{"uv":[10.25,5.75,9.5,6.25],"tintindex":0,"rotation":0,"texture":"#0"}}},{"from":[4.25,-1.125,7.0],"to":[4.25,3.875,9.0],"faces":{"east":{"uv":[5.25,8.75,5.75,10.0],"tintindex":0,"rotation":0,"texture":"#0"},"west":{"uv":[5.75,8.75,6.25,10.0],"tintindex":0,"rotation":0,"texture":"#0"}},"rotation":{"origin":[15.0,4.0,3.0],"angle":-22.5,"axis":"z"}}]}