{"textures":{"0":"modelengine:entity/penguin"},"elements":[{"from":[2.0,-1.0,3.0],"to":[14.0,13.0,13.0],"faces":{"east":{"uv":[0.0,3.5,2.5,7.0],"tintindex":0,"rotation":0,"texture":"#0"},"south":{"uv":[3.0,0.0,6.0,3.5],"tintindex":0,"rotation":0,"texture":"#0"},"north":{"uv":[0.0,0.0,3.0,3.5],"tintindex":0,"rotation":0,"texture":"#0"},"west":{"uv":[2.5,3.5,5.0,7.0],"tintindex":0,"rotation":0,"texture":"#0"},"up":{"uv":[8.0,6.0,5.0,3.5],"tintindex":0,"rotation":0,"texture":"#0"},"down":{"uv":[9.0,0.0,6.0,2.5],"tintindex":0,"rotation":0,"texture":"#0"}}}]}