{"textures":{"0":"modelengine:entity/penguin"},"elements":[{"from":[9.0,6.0,7.0],"to":[12.0,9.0,8.0],"faces":{"east":{"uv":[7.5,2.5,7.75,3.25],"tintindex":0,"rotation":0,"texture":"#0"},"south":{"uv":[8.0,10.5,8.75,11.25],"tintindex":0,"rotation":0,"texture":"#0"},"north":{"uv":[8.0,10.5,8.75,11.25],"tintindex":0,"rotation":0,"texture":"#0"},"west":{"uv":[7.75,2.5,8.0,3.25],"tintindex":0,"rotation":0,"texture":"#0"},"up":{"uv":[1.5,11.0,0.75,10.75],"tintindex":0,"rotation":0,"texture":"#0"},"down":{"uv":[11.5,3.75,10.75,4.0],"tintindex":0,"rotation":0,"texture":"#0"}}},{"from":[4.0,6.0,7.0],"to":[7.0,9.0,8.0],"faces":{"east":{"uv":[10.75,4.5,11.0,5.25],"tintindex":0,"rotation":0,"texture":"#0"},"south":{"uv":[9.5,10.5,10.25,11.25],"tintindex":0,"rotation":0,"texture":"#0"},"north":{"uv":[9.5,10.5,10.25,11.25],"tintindex":0,"rotation":0,"texture":"#0"},"west":{"uv":[4.75,10.75,5.0,11.5],"tintindex":0,"rotation":0,"texture":"#0"},"up":{"uv":[5.75,11.0,5.0,10.75],"tintindex":0,"rotation":0,"texture":"#0"},"down":{"uv":[11.5,5.25,10.75,5.5],"tintindex":0,"rotation":0,"texture":"#0"}}}]}