{"textures":{"0":"modelengine:entity/penguin"},"elements":[{"from":[12.75,11.0,3.75],"to":[12.75,14.0,10.0],"faces":{"east":{"uv":[0.0,10.75,1.5,10.0],"tintindex":0,"rotation":180,"texture":"#0"},"west":{"uv":[0.0,10.0,1.5,10.75],"tintindex":0,"rotation":0,"texture":"#0"}}},{"from":[9.25,15.0,4.0],"to":[10.75,15.0,10.25],"faces":{"up":{"uv":[8.0,6.0,8.5,4.5],"tintindex":0,"rotation":0,"texture":"#0"},"down":{"uv":[8.5,6.0,8.0,4.5],"tintindex":0,"rotation":180,"texture":"#0"}},"rotation":{"origin":[8.0,10.0,8.0],"angle":-45.0,"axis":"z"}},{"from":[5.25,15.0,4.0],"to":[6.75,15.0,10.25],"faces":{"up":{"uv":[8.5,6.0,8.0,4.5],"tintindex":0,"rotation":0,"texture":"#0"},"down":{"uv":[8.0,6.0,8.5,4.5],"tintindex":0,"rotation":180,"texture":"#0"}},"rotation":{"origin":[8.0,10.0,8.0],"angle":45.0,"axis":"z"}},{"from":[3.5,8.0,4.0],"to":[12.5,13.0,12.0],"faces":{"east":{"uv":[9.0,0.0,11.0,1.25],"tintindex":0,"rotation":0,"texture":"#0"},"south":{"uv":[8.5,7.75,10.75,9.0],"tintindex":0,"rotation":0,"texture":"#0"},"north":{"uv":[8.5,6.5,10.75,7.75],"tintindex":0,"rotation":0,"texture":"#0"},"west":{"uv":[9.0,1.25,11.0,2.5],"tintindex":0,"rotation":0,"texture":"#0"},"up":{"uv":[10.25,4.5,8.0,2.5],"tintindex":0,"rotation":0,"texture":"#0"},"down":{"uv":[10.75,4.5,8.5,6.5],"tintindex":0,"rotation":0,"texture":"#0"}}},{"from":[3.25,4.5,-7.5],"to":[12.75,7.5,-7.5],"faces":{"south":{"uv":[9.75,9.0,7.25,9.75],"tintindex":0,"rotation":0,"texture":"#0"},"north":{"uv":[7.25,9.0,9.75,9.75],"tintindex":0,"rotation":0,"texture":"#0"}},"rotation":{"origin":[8.0,-8.0,8.0],"angle":45.0,"axis":"x"}},{"from":[3.25,11.0,3.75],"to":[3.25,14.0,10.0],"faces":{"east":{"uv":[0.0,10.75,1.5,10.0],"tintindex":0,"rotation":180,"texture":"#0"},"west":{"uv":[0.0,10.0,1.5,10.75],"tintindex":0,"rotation":0,"texture":"#0"}}},{"from":[3.25,11.0,3.75],"to":[12.75,14.0,3.75],"faces":{"south":{"uv":[9.75,9.0,7.25,9.75],"tintindex":0,"rotation":0,"texture":"#0"},"north":{"uv":[7.25,9.0,9.75,9.75],"tintindex":0,"rotation":0,"texture":"#0"}}},{"from":[10.75,14.549999,4.0],"to":[12.25,14.549999,10.25],"faces":{"up":{"uv":[3.0,11.5,3.5,10.0],"tintindex":0,"rotation":0,"texture":"#0"},"down":{"uv":[3.5,11.5,3.0,10.0],"tintindex":0,"rotation":180,"texture":"#0"}},"rotation":{"origin":[8.0,10.0,8.0],"angle":-22.5,"axis":"z"}},{"from":[3.25,3.0,-9.0],"to":[12.75,6.0,-9.0],"faces":{"south":{"uv":[9.75,9.0,7.25,9.75],"tintindex":0,"rotation":0,"texture":"#0"},"north":{"uv":[7.25,9.0,9.75,9.75],"tintindex":0,"rotation":0,"texture":"#0"}},"rotation":{"origin":[8.0,-8.0,8.0],"angle":45.0,"axis":"x"}},{"from":[3.75,14.549999,4.0],"to":[5.25,14.549999,10.25],"faces":{"up":{"uv":[3.5,11.5,3.0,10.0],"tintindex":0,"rotation":0,"texture":"#0"},"down":{"uv":[3.0,11.5,3.5,10.0],"tintindex":0,"rotation":180,"texture":"#0"}},"rotation":{"origin":[8.0,10.0,8.0],"angle":22.5,"axis":"z"}}]}