{"textures":{"0":"modelengine:entity/penguin"},"elements":[{"from":[7.5,7.0,6.0],"to":[8.5,8.0,8.0],"faces":{"east":{"uv":[10.75,7.5,11.25,7.75],"tintindex":0,"rotation":0,"texture":"#0"},"south":{"uv":[0.75,11.0,1.0,11.25],"tintindex":0,"rotation":0,"texture":"#0"},"north":{"uv":[11.0,0.5,11.25,0.75],"tintindex":0,"rotation":0,"texture":"#0"},"west":{"uv":[10.75,7.75,11.25,8.0],"tintindex":0,"rotation":0,"texture":"#0"},"up":{"uv":[11.0,8.5,10.75,8.0],"tintindex":0,"rotation":0,"texture":"#0"},"down":{"uv":[11.0,8.5,10.75,9.0],"tintindex":0,"rotation":0,"texture":"#0"}}}]}