{"textures":{"0":"modelengine:entity/penguin"},"elements":[{"from":[5.75,7.0,3.0],"to":[10.75,8.0,10.0],"faces":{"east":{"uv":[10.25,4.25,12.0,4.5],"tintindex":0,"rotation":0,"texture":"#0"},"south":{"uv":[10.75,3.5,12.0,3.75],"tintindex":0,"rotation":0,"texture":"#0"},"north":{"uv":[10.75,3.25,12.0,3.5],"tintindex":0,"rotation":0,"texture":"#0"},"west":{"uv":[10.75,2.5,12.5,2.75],"tintindex":0,"rotation":0,"texture":"#0"},"up":{"uv":[6.0,10.75,4.75,9.0],"tintindex":0,"rotation":0,"texture":"#0"},"down":{"uv":[7.25,9.0,6.0,10.75],"tintindex":0,"rotation":0,"texture":"#0"}}}]}