{"textures":{"0":"modelengine:entity/alligator"},"elements":[{"from":[11.0,8.833333,-3.5],"to":[11.0,10.833333,19.5],"faces":{"east":{"uv":[0.0,6.875,2.875,7.125],"tintindex":0,"rotation":0,"texture":"#0"},"west":{"uv":[2.875,6.875,5.75,7.125],"tintindex":0,"rotation":0,"texture":"#0"}}},{"from":[2.0,-0.16666698,-3.5],"to":[14.0,8.833333,19.5],"faces":{"east":{"uv":[0.0,2.875,2.875,4.0],"tintindex":0,"rotation":0,"texture":"#0"},"south":{"uv":[7.25,2.875,8.75,4.0],"tintindex":0,"rotation":0,"texture":"#0"},"north":{"uv":[2.875,2.875,4.375,4.0],"tintindex":0,"rotation":0,"texture":"#0"},"west":{"uv":[4.375,2.875,7.25,4.0],"tintindex":0,"rotation":0,"texture":"#0"},"up":{"uv":[4.375,2.875,2.875,0.0],"tintindex":0,"rotation":0,"texture":"#0"},"down":{"uv":[5.875,0.0,4.375,2.875],"tintindex":0,"rotation":0,"texture":"#0"}}},{"from":[5.0,8.833333,-3.5],"to":[5.0,10.833333,19.5],"faces":{"east":{"uv":[4.0,4.0,6.875,4.25],"tintindex":0,"rotation":0,"texture":"#0"},"west":{"uv":[6.875,4.0,9.75,4.25],"tintindex":0,"rotation":0,"texture":"#0"}}}]}