{"textures":{"0":"modelengine:entity/alligator"},"elements":[{"from":[7.75,3.5,7.25],"to":[11.75,9.5,11.25],"faces":{"east":{"uv":[0.0,1.75,0.5,2.5],"tintindex":0,"rotation":0,"texture":"#0"},"south":{"uv":[1.5,1.75,2.0,2.5],"tintindex":0,"rotation":0,"texture":"#0"},"north":{"uv":[0.5,1.75,1.0,2.5],"tintindex":0,"rotation":0,"texture":"#0"},"west":{"uv":[1.0,1.75,1.5,2.5],"tintindex":0,"rotation":0,"texture":"#0"},"up":{"uv":[1.0,1.75,0.5,1.25],"tintindex":0,"rotation":0,"texture":"#0"},"down":{"uv":[1.5,1.25,1.0,1.75],"tintindex":0,"rotation":0,"texture":"#0"}}},{"from":[7.75,3.5,4.25],"to":[12.75,3.5,9.25],"faces":{"up":{"uv":[6.5,2.75,5.875,2.125],"tintindex":0,"rotation":0,"texture":"#0"},"down":{"uv":[7.75,2.125,7.125,2.75],"tintindex":0,"rotation":0,"texture":"#0"}}}]}