{"textures":{"0":"modelengine:entity/alligator"},"elements":[{"from":[3.5,7.0,0.0],"to":[12.5,11.0,8.0],"faces":{"east":{"uv":[0.0,8.125,1.0,8.625],"tintindex":0,"rotation":0,"texture":"#0"},"south":{"uv":[3.125,8.125,4.25,8.625],"tintindex":0,"rotation":0,"texture":"#0"},"north":{"uv":[1.0,8.125,2.125,8.625],"tintindex":0,"rotation":0,"texture":"#0"},"west":{"uv":[2.125,8.125,3.125,8.625],"tintindex":0,"rotation":0,"texture":"#0"},"up":{"uv":[2.125,8.125,1.0,7.125],"tintindex":0,"rotation":0,"texture":"#0"},"down":{"uv":[3.25,7.125,2.125,8.125],"tintindex":0,"rotation":0,"texture":"#0"}}},{"from":[12.1,6.0,0.0],"to":[12.1,7.0,8.0],"faces":{"east":{"uv":[1.0,8.625,2.0,8.75],"tintindex":0,"rotation":0,"texture":"#0"},"west":{"uv":[1.0,8.625,2.0,8.75],"tintindex":0,"rotation":0,"texture":"#0"}}},{"from":[3.9,6.0,0.0],"to":[3.9,7.0,8.0],"faces":{"east":{"uv":[1.0,8.625,2.0,8.75],"tintindex":0,"rotation":0,"texture":"#0"},"west":{"uv":[1.0,8.625,2.0,8.75],"tintindex":0,"rotation":0,"texture":"#0"}}}]}