{"textures":{"0":"modelengine:entity/alligator"},"elements":[{"from":[5.0,11.666666,8.5],"to":[5.0,13.666666,21.5],"faces":{"east":{"uv":[4.0,5.0,5.625,5.25],"tintindex":0,"rotation":0,"texture":"#0"},"west":{"uv":[5.625,5.0,7.25,5.25],"tintindex":0,"rotation":0,"texture":"#0"}}},{"from":[3.0,3.6666665,8.5],"to":[13.0,11.666666,21.5],"faces":{"east":{"uv":[4.375,7.125,6.0,8.125],"tintindex":0,"rotation":0,"texture":"#0"},"south":{"uv":[8.875,7.125,10.125,8.125],"tintindex":0,"rotation":0,"texture":"#0"},"north":{"uv":[6.0,7.125,7.25,8.125],"tintindex":0,"rotation":0,"texture":"#0"},"west":{"uv":[7.25,7.125,8.875,8.125],"tintindex":0,"rotation":0,"texture":"#0"},"up":{"uv":[7.25,7.125,6.0,5.5],"tintindex":0,"rotation":0,"texture":"#0"},"down":{"uv":[8.5,5.5,7.25,7.125],"tintindex":0,"rotation":0,"texture":"#0"}}},{"from":[11.0,11.666666,8.5],"to":[11.0,13.666666,21.5],"faces":{"east":{"uv":[4.0,4.75,5.625,5.0],"tintindex":0,"rotation":0,"texture":"#0"},"west":{"uv":[5.625,4.75,7.25,5.0],"tintindex":0,"rotation":0,"texture":"#0"}}}]}