{
	"credit": "Made with Blockbench",
	"textures": {
		"0": "item/pipe/pipe",
		"particle": "item/pipe/pipe"
	},
	"elements": [
		{
			"from": [4.9, 4.9, 4.9],
			"to": [11.1, 11.1, 11.1],
			"faces": {
				"north": {"uv": [0, 0, 16, 16], "texture": "#0"},
				"east": {"uv": [0, 0, 16, 16], "texture": "#0"},
				"south": {"uv": [0, 0, 16, 16], "texture": "#0"},
				"west": {"uv": [0, 0, 16, 16], "texture": "#0"},
				"up": {"uv": [0, 0, 16, 16], "texture": "#0"},
				"down": {"uv": [0, 0, 16, 16], "texture": "#0"}
			}
		}
	]
}