{
	"credit": "Made with Blockbench",
	"textures": {
		"0": "item/pipe/pipe",
		"particle": "item/pipe/pipe"
	},
	"elements": [
		{
			"from": [6, 6, 0],
			"to": [10, 10, 5],
			"faces": {
				"north": {"uv": [0, 0, 16, 16], "texture": "#0"},
				"east": {"uv": [15, 0, 2, 16], "texture": "#0"},
				"south": {"uv": [0, 0, 15, 16], "texture": "#0"},
				"west": {"uv": [2, 0, 15, 16], "texture": "#0"},
				"up": {"uv": [14, 0, 1, 16], "rotation": 90, "texture": "#0"},
				"down": {"uv": [1, 0, 14, 16], "rotation": 90, "texture": "#0"}
			}
		}
	]
}