{"textures":{"0":"modelengine:entity/copper_golem"},"elements":[{"from":[3.4503903,5.153047,5.420234],"to":[11.262969,10.8858595,10.293125],"faces":{"east":{"uv":[2.0,4.25,3.25,5.75],"tintindex":0,"rotation":0,"texture":"#0"},"south":{"uv":[2.0,1.5,4.0,3.0],"tintindex":0,"rotation":0,"texture":"#0"},"north":{"uv":[2.0,0.0,4.0,1.5],"tintindex":0,"rotation":0,"texture":"#0"},"west":{"uv":[3.25,5.0,4.5,6.5],"tintindex":0,"rotation":0,"texture":"#0"},"up":{"uv":[6.0,3.75,4.0,2.5],"tintindex":0,"rotation":0,"texture":"#0"},"down":{"uv":[6.0,3.75,4.0,5.0],"tintindex":0,"rotation":0,"texture":"#0"}}}]}