{"textures":{"0":"modelengine:entity/alligator"},"elements":[{"from":[3.0,4.0,-0.5],"to":[13.0,12.0,8.5],"faces":{"east":{"uv":[5.875,1.125,7.0,2.125],"tintindex":0,"rotation":0,"texture":"#0"},"south":{"uv":[9.375,1.125,10.625,2.125],"tintindex":0,"rotation":0,"texture":"#0"},"north":{"uv":[7.0,1.125,8.25,2.125],"tintindex":0,"rotation":0,"texture":"#0"},"west":{"uv":[8.25,1.125,9.375,2.125],"tintindex":0,"rotation":0,"texture":"#0"},"up":{"uv":[8.25,1.125,7.0,0.0],"tintindex":0,"rotation":0,"texture":"#0"},"down":{"uv":[9.5,0.0,8.25,1.125],"tintindex":0,"rotation":0,"texture":"#0"}}}]}