{"textures":{"0":"modelengine:entity/alligator"},"elements":[{"from":[7.75,3.5,4.25],"to":[12.75,3.5,9.25],"faces":{"up":{"uv":[7.75,2.75,7.125,2.125],"tintindex":0,"rotation":0,"texture":"#0"},"down":{"uv":[7.75,2.125,7.125,2.75],"tintindex":0,"rotation":0,"texture":"#0"}}},{"from":[7.75,3.5,7.25],"to":[11.75,9.5,11.25],"faces":{"east":{"uv":[3.75,8.625,4.25,9.375],"tintindex":0,"rotation":0,"texture":"#0"},"south":{"uv":[5.25,8.625,5.75,9.375],"tintindex":0,"rotation":0,"texture":"#0"},"north":{"uv":[4.25,8.625,4.75,9.375],"tintindex":0,"rotation":0,"texture":"#0"},"west":{"uv":[4.75,8.625,5.25,9.375],"tintindex":0,"rotation":0,"texture":"#0"},"up":{"uv":[4.75,8.625,4.25,8.125],"tintindex":0,"rotation":0,"texture":"#0"},"down":{"uv":[5.25,8.125,4.75,8.625],"tintindex":0,"rotation":0,"texture":"#0"}}}]}