{"textures":{"0":"modelengine:entity/alligator"},"elements":[{"from":[4.9,9.0,0.0],"to":[4.9,10.0,8.0],"faces":{"east":{"uv":[0.0,8.75,1.0,8.875],"tintindex":0,"rotation":0,"texture":"#0"},"west":{"uv":[1.0,8.75,2.0,8.875],"tintindex":0,"rotation":0,"texture":"#0"}}},{"from":[4.0,7.0,0.0],"to":[12.0,9.0,8.0],"faces":{"east":{"uv":[7.0,5.25,8.0,5.5],"tintindex":0,"rotation":0,"texture":"#0"},"south":{"uv":[10.0,5.25,11.0,5.5],"tintindex":0,"rotation":0,"texture":"#0"},"north":{"uv":[8.0,5.25,9.0,5.5],"tintindex":0,"rotation":0,"texture":"#0"},"west":{"uv":[9.0,5.25,10.0,5.5],"tintindex":0,"rotation":0,"texture":"#0"},"up":{"uv":[9.0,5.25,8.0,4.25],"tintindex":0,"rotation":0,"texture":"#0"},"down":{"uv":[10.0,4.25,9.0,5.25],"tintindex":0,"rotation":0,"texture":"#0"}}},{"from":[11.1,9.0,0.0],"to":[11.1,10.0,8.0],"faces":{"east":{"uv":[0.0,8.75,1.0,8.875],"tintindex":0,"rotation":0,"texture":"#0"},"west":{"uv":[1.0,8.75,2.0,8.875],"tintindex":0,"rotation":0,"texture":"#0"}}}]}