{"textures":{"0":"modelengine:entity/alligator"},"elements":[{"from":[3.25,3.5,4.25],"to":[8.25,3.5,9.25],"faces":{"up":{"uv":[4.625,5.875,4.0,5.25],"tintindex":0,"rotation":0,"texture":"#0"},"down":{"uv":[7.75,2.125,7.125,2.75],"tintindex":0,"rotation":0,"texture":"#0"}}},{"from":[4.25,3.5,7.25],"to":[8.25,9.5,11.25],"faces":{"east":{"uv":[0.0,4.5,0.5,5.25],"tintindex":0,"rotation":0,"texture":"#0"},"south":{"uv":[1.5,4.5,2.0,5.25],"tintindex":0,"rotation":0,"texture":"#0"},"north":{"uv":[0.5,4.5,1.0,5.25],"tintindex":0,"rotation":0,"texture":"#0"},"west":{"uv":[1.0,4.5,1.5,5.25],"tintindex":0,"rotation":0,"texture":"#0"},"up":{"uv":[1.0,4.5,0.5,4.0],"tintindex":0,"rotation":0,"texture":"#0"},"down":{"uv":[1.5,4.0,1.0,4.5],"tintindex":0,"rotation":0,"texture":"#0"}}}]}