{"textures":{"0":"modelengine:entity/alligator"},"elements":[{"from":[5.0,4.5,8.0],"to":[11.0,11.5,24.0],"faces":{"east":{"uv":[0.0,6.0,2.0,6.875],"tintindex":0,"rotation":0,"texture":"#0"},"south":{"uv":[4.75,6.0,5.5,6.875],"tintindex":0,"rotation":0,"texture":"#0"},"north":{"uv":[2.0,6.0,2.75,6.875],"tintindex":0,"rotation":0,"texture":"#0"},"west":{"uv":[2.75,6.0,4.75,6.875],"tintindex":0,"rotation":0,"texture":"#0"},"up":{"uv":[2.75,6.0,2.0,4.0],"tintindex":0,"rotation":0,"texture":"#0"},"down":{"uv":[3.5,4.0,2.75,6.0],"tintindex":0,"rotation":0,"texture":"#0"}}},{"from":[10.0,11.5,8.0],"to":[10.0,13.5,24.0],"faces":{"east":{"uv":[4.0,4.25,6.0,4.5],"tintindex":0,"rotation":0,"texture":"#0"},"west":{"uv":[6.0,4.25,8.0,4.5],"tintindex":0,"rotation":0,"texture":"#0"}}},{"from":[6.0,11.5,8.0],"to":[6.0,13.5,24.0],"faces":{"east":{"uv":[5.25,8.125,7.25,8.375],"tintindex":0,"rotation":0,"texture":"#0"},"west":{"uv":[7.25,8.125,9.25,8.375],"tintindex":0,"rotation":0,"texture":"#0"}}}]}