{"textures":{"0":"modelengine:entity/meerkat"},"elements":[{"from":[6.794,6.486,5.831207],"to":[9.238,9.285999,9.455206],"faces":{"east":{"uv":[6.25,3.25,7.25,4.0],"tintindex":0,"rotation":0,"texture":"#0"},"south":{"uv":[1.5,7.5,2.25,8.25],"tintindex":0,"rotation":0,"texture":"#0"},"north":{"uv":[0.75,7.5,1.5,8.25],"tintindex":0,"rotation":0,"texture":"#0"},"west":{"uv":[3.5,6.25,4.5,7.0],"tintindex":0,"rotation":0,"texture":"#0"},"up":{"uv":[7.25,1.0,6.5,0.0],"tintindex":0,"rotation":0,"texture":"#0"},"down":{"uv":[1.5,6.5,0.75,7.5],"tintindex":0,"rotation":0,"texture":"#0"}}}]}