{"textures":{"0":"modelengine:entity/meerkat"},"elements":[{"from":[6.9579997,6.486,6.151207],"to":[9.401999,9.285999,9.775207],"faces":{"east":{"uv":[1.5,6.75,2.5,7.5],"tintindex":0,"rotation":0,"texture":"#0"},"south":{"uv":[5.75,7.75,6.5,8.5],"tintindex":0,"rotation":0,"texture":"#0"},"north":{"uv":[5.0,7.75,5.75,8.5],"tintindex":0,"rotation":0,"texture":"#0"},"west":{"uv":[2.5,6.75,3.5,7.5],"tintindex":0,"rotation":0,"texture":"#0"},"up":{"uv":[7.5,7.0,6.75,6.0],"tintindex":0,"rotation":0,"texture":"#0"},"down":{"uv":[4.25,7.0,3.5,8.0],"tintindex":0,"rotation":0,"texture":"#0"}}}]}