{"textures":{"0":"modelengine:entity/meerkat"},"elements":[{"from":[6.718,4.9855876,6.6679997],"to":[9.162,8.0855875,9.292],"faces":{"east":{"uv":[7.25,7.75,8.0,8.5],"tintindex":0,"rotation":0,"texture":"#0"},"south":{"uv":[8.0,0.0,8.75,0.75],"tintindex":0,"rotation":0,"texture":"#0"},"north":{"uv":[6.5,7.75,7.25,8.5],"tintindex":0,"rotation":0,"texture":"#0"},"west":{"uv":[8.0,2.0,8.75,2.75],"tintindex":0,"rotation":0,"texture":"#0"},"up":{"uv":[8.75,3.5,8.0,2.75],"tintindex":0,"rotation":0,"texture":"#0"},"down":{"uv":[3.75,8.0,3.0,8.75],"tintindex":0,"rotation":0,"texture":"#0"}}}]}