{"textures":{"0":"modelengine:entity/meerkat"},"elements":[{"from":[6.536,5.2605877,6.6679997],"to":[8.98,8.310587,9.292],"faces":{"east":{"uv":[7.5,5.5,8.25,6.25],"tintindex":0,"rotation":0,"texture":"#0"},"south":{"uv":[7.5,6.25,8.25,7.0],"tintindex":0,"rotation":0,"texture":"#0"},"north":{"uv":[2.25,7.5,3.0,8.25],"tintindex":0,"rotation":0,"texture":"#0"},"west":{"uv":[7.75,3.5,8.5,4.25],"tintindex":0,"rotation":0,"texture":"#0"},"up":{"uv":[5.0,8.5,4.25,7.75],"tintindex":0,"rotation":0,"texture":"#0"},"down":{"uv":[8.5,4.25,7.75,5.0],"tintindex":0,"rotation":0,"texture":"#0"}}}]}