{"textures":{"0":"modelengine:entity/meerkat"},"elements":[{"from":[6.08,3.6453133,2.346089],"to":[9.92,7.4853134,15.14609],"faces":{"east":{"uv":[0.0,0.0,3.25,1.0],"tintindex":0,"rotation":0,"texture":"#0"},"south":{"uv":[5.75,6.0,6.75,7.0],"tintindex":0,"rotation":0,"texture":"#0"},"north":{"uv":[4.75,6.0,5.75,7.0],"tintindex":0,"rotation":0,"texture":"#0"},"west":{"uv":[0.0,1.0,3.25,2.0],"tintindex":0,"rotation":0,"texture":"#0"},"up":{"uv":[1.0,5.25,0.0,2.0],"tintindex":0,"rotation":0,"texture":"#0"},"down":{"uv":[2.0,2.0,1.0,5.25],"tintindex":0,"rotation":0,"texture":"#0"}}}]}