{"textures":{"0":"modelengine:entity/meerkat"},"elements":[{"from":[6.836,5.7355876,6.948],"to":[8.955,8.8355875,9.572],"faces":{"east":{"uv":[6.5,7.0,7.25,7.75],"tintindex":0,"rotation":0,"texture":"#0"},"south":{"uv":[1.5,8.25,2.0,9.0],"tintindex":0,"rotation":0,"texture":"#0"},"north":{"uv":[1.0,8.25,1.5,9.0],"tintindex":0,"rotation":0,"texture":"#0"},"west":{"uv":[7.25,0.0,8.0,0.75],"tintindex":0,"rotation":0,"texture":"#0"},"up":{"uv":[2.5,9.0,2.0,8.25],"tintindex":0,"rotation":0,"texture":"#0"},"down":{"uv":[3.0,8.25,2.5,9.0],"tintindex":0,"rotation":0,"texture":"#0"}}}]}