{"textures":{"0":"modelengine:entity/meerkat"},"elements":[{"from":[7.008,5.258,6.4592066],"to":[9.127,8.382999,9.083206],"faces":{"east":{"uv":[7.25,7.0,8.0,7.75],"tintindex":0,"rotation":0,"texture":"#0"},"south":{"uv":[8.5,4.25,9.0,5.0],"tintindex":0,"rotation":0,"texture":"#0"},"north":{"uv":[4.25,8.5,4.75,9.25],"tintindex":0,"rotation":0,"texture":"#0"},"west":{"uv":[0.0,7.5,0.75,8.25],"tintindex":0,"rotation":0,"texture":"#0"},"up":{"uv":[5.25,9.25,4.75,8.5],"tintindex":0,"rotation":0,"texture":"#0"},"down":{"uv":[5.75,8.5,5.25,9.25],"tintindex":0,"rotation":0,"texture":"#0"}}}]}