{"textures":{"0":"modelengine:entity/meerkat"},"elements":[{"from":[2.7618232,6.162052,5.4232073],"to":[13.001823,8.402052,6.703207],"faces":{"east":{"uv":[4.5,6.25,4.75,6.75],"tintindex":0,"rotation":0,"texture":"#0"},"south":{"uv":[6.0,1.25,8.5,1.75],"tintindex":0,"rotation":0,"texture":"#0"},"north":{"uv":[4.75,5.5,7.25,6.0],"tintindex":0,"rotation":0,"texture":"#0"},"west":{"uv":[7.0,2.0,7.25,2.5],"tintindex":0,"rotation":0,"texture":"#0"},"up":{"uv":[9.0,1.25,6.5,1.0],"tintindex":0,"rotation":0,"texture":"#0"},"down":{"uv":[9.5,1.75,7.0,2.0],"tintindex":0,"rotation":0,"texture":"#0"}}},{"from":[5.94,4.9834123,0.9032068],"to":[10.059999,8.183413,3.1832066],"faces":{"east":{"uv":[3.5,4.5,4.0,5.25],"tintindex":0,"rotation":0,"texture":"#0"},"south":{"uv":[6.25,2.5,7.25,3.25],"tintindex":0,"rotation":0,"texture":"#0"},"north":{"uv":[6.0,1.75,7.0,2.5],"tintindex":0,"rotation":0,"texture":"#0"},"west":{"uv":[3.5,5.25,4.0,6.0],"tintindex":0,"rotation":0,"texture":"#0"},"up":{"uv":[8.75,5.5,7.75,5.0],"tintindex":0,"rotation":0,"texture":"#0"},"down":{"uv":[9.0,7.0,8.0,7.5],"tintindex":0,"rotation":0,"texture":"#0"}}},{"from":[4.16,4.663412,3.1832066],"to":[11.84,9.783413,8.303207],"faces":{"east":{"uv":[5.25,0.0,6.5,1.25],"tintindex":0,"rotation":0,"texture":"#0"},"south":{"uv":[3.25,0.0,5.25,1.25],"tintindex":0,"rotation":0,"texture":"#0"},"north":{"uv":[2.0,2.0,4.0,3.25],"tintindex":0,"rotation":0,"texture":"#0"},"west":{"uv":[0.75,5.25,2.0,6.5],"tintindex":0,"rotation":0,"texture":"#0"},"up":{"uv":[4.0,4.5,2.0,3.25],"tintindex":0,"rotation":0,"texture":"#0"},"down":{"uv":[6.0,1.25,4.0,2.5],"tintindex":0,"rotation":0,"texture":"#0"}}}]}