{
  "parent": "minecraft:item/generated",
  "textures": {
    "layer0": "minecraft:item/bowl"
  },

  "overrides": 
  [
    {"predicate": {"custom_model_data":1}, "model": "custommodels/astronaut_helmet"},
    {"predicate": {"custom_model_data":2}, "model": "custommodels/ufo_buddy"},
    {"predicate": {"custom_model_data":3}, "model": "custommodels/hello_kitty_buddy"},
    {"predicate": {"custom_model_data":4}, "model": "custommodels/chip_hat"},
    {"predicate": {"custom_model_data":5}, "model": "custommodels/peter"},
    {"predicate": {"custom_model_data":6}, "model": "custommodels/fox_mask"},
    {"predicate": {"custom_model_data":7}, "model": "custommodels/pink_astronaut_helmet"},
    {"predicate": {"custom_model_data":8}, "model": "custommodels/pink_mushroom_hat"},
	  {"predicate": {"custom_model_data":9}, "model": "custommodels/santa_hat"},
	  {"predicate": {"custom_model_data":10}, "model": "custommodels/antlers"},
	  {"predicate": {"custom_model_data":11}, "model": "custommodels/snowy_creeper_mask"},
    {"predicate": {"custom_model_data":12}, "model": "custommodels/season_2/ankylosaurus_hat"},
    {"predicate": {"custom_model_data":13}, "model": "custommodels/season_2/brachiosaurus_hat"},
    {"predicate": {"custom_model_data":14}, "model": "custommodels/season_2/parasaurolophus_hat"},
    {"predicate": {"custom_model_data":15}, "model": "custommodels/season_2/triceratops_hat"},
    {"predicate": {"custom_model_data":16}, "model": "custommodels/season_2/tyrannosaurus_rex_hat"},
    {"predicate": {"custom_model_data":17}, "model": "custommodels/season_2/ankylosaurus_hat_egg"},
    {"predicate": {"custom_model_data":18}, "model": "custommodels/season_2/brachiosaurus_hat_gummy"},
    {"predicate": {"custom_model_data":19}, "model": "custommodels/season_2/parasaurolophus_hat_space"},
    {"predicate": {"custom_model_data":20}, "model": "custommodels/season_2/triceratops_hat_toxic"},
    {"predicate": {"custom_model_data":21}, "model": "custommodels/season_2/tyrannosaurus_rex_hat_gold"},
    {"predicate": {"custom_model_data":22}, "model": "custommodels/season_2/dino_nugget"}
  ]
}