{
    "parent": "item/generated",
    "textures": {
        "layer0": "item/feather"
    },
    "overrides": [
        { "predicate": {  "custom_model_data": 1000 }, "model": "item/cinematic/intro/uh-oh"},
        { "predicate": {  "custom_model_data": 5000 }, "model": "item/worldmodels/signs/worldmodel_bewarefallinganvils"},
        { "predicate": {  "custom_model_data": 5001 }, "model": "item/worldmodels/obsidian_spike"},
        { "predicate": {  "custom_model_data": 10000 }, "model": "item/npc/npc_mushroom"},
        { "predicate": {  "custom_model_data": 15000 }, "model": "item/pipe/pipe_base"},
        { "predicate": {  "custom_model_data": 15001 }, "model": "item/pipe/pipe_bridge"}
    ],
    "display": {
        "head": {
            "rotation": [ 0, 0, 45 ],
            "translation": [ -1, 13, 7],
            "scale":[ 1, 1, 1]
        }
    }
}
