{"overrides":[{"predicate":{"custom_model_data":1},"model":"modelengine:alligator/head"},{"predicate":{"custom_model_data":2},"model":"modelengine:alligator/right_leg1"},{"predicate":{"custom_model_data":3},"model":"modelengine:alligator/right_leg2"},{"predicate":{"custom_model_data":4},"model":"modelengine:alligator/tail"},{"predicate":{"custom_model_data":5},"model":"modelengine:alligator/left_leg1"},{"predicate":{"custom_model_data":6},"model":"modelengine:alligator/body"},{"predicate":{"custom_model_data":7},"model":"modelengine:alligator/left_leg2"},{"predicate":{"custom_model_data":8},"model":"modelengine:alligator/mouthdown"},{"predicate":{"custom_model_data":9},"model":"modelengine:alligator/mouthup"},{"predicate":{"custom_model_data":10},"model":"modelengine:alligator/tail2"},{"predicate":{"custom_model_data":11},"model":"modelengine:armadillo/all"},{"predicate":{"custom_model_data":12},"model":"modelengine:armadillo/ball"},{"predicate":{"custom_model_data":13},"model":"modelengine:armadillo/body1"},{"predicate":{"custom_model_data":14},"model":"modelengine:armadillo/body2"},{"predicate":{"custom_model_data":15},"model":"modelengine:armadillo/right_leg2"},{"predicate":{"custom_model_data":16},"model":"modelengine:armadillo/tail"},{"predicate":{"custom_model_data":17},"model":"modelengine:armadillo/left_leg2"},{"predicate":{"custom_model_data":18},"model":"modelengine:armadillo/right_leg1"},{"predicate":{"custom_model_data":19},"model":"modelengine:armadillo/head"},{"predicate":{"custom_model_data":20},"model":"modelengine:armadillo/left_leg"},{"predicate":{"custom_model_data":21},"model":"modelengine:armadillo/sniff"},{"predicate":{"custom_model_data":22},"model":"modelengine:barnacle/all"},{"predicate":{"custom_model_data":23},"model":"modelengine:barnacle/1"},{"predicate":{"custom_model_data":24},"model":"modelengine:barnacle/2"},{"predicate":{"custom_model_data":25},"model":"modelengine:barnacle/3"},{"predicate":{"custom_model_data":26},"model":"modelengine:barnacle/4"},{"predicate":{"custom_model_data":27},"model":"modelengine:barnacle/tongue"},{"predicate":{"custom_model_data":28},"model":"modelengine:copper_golem/head"},{"predicate":{"custom_model_data":29},"model":"modelengine:copper_golem/left_leg"},{"predicate":{"custom_model_data":30},"model":"modelengine:copper_golem/right_leg"},{"predicate":{"custom_model_data":31},"model":"modelengine:copper_golem/body"},{"predicate":{"custom_model_data":32},"model":"modelengine:copper_golem/right_arm"},{"predicate":{"custom_model_data":33},"model":"modelengine:copper_golem/left_arm"},{"predicate":{"custom_model_data":34},"model":"modelengine:copper_golem_1/head"},{"predicate":{"custom_model_data":35},"model":"modelengine:copper_golem_1/left_leg"},{"predicate":{"custom_model_data":36},"model":"modelengine:copper_golem_1/right_leg"},{"predicate":{"custom_model_data":37},"model":"modelengine:copper_golem_1/body"},{"predicate":{"custom_model_data":38},"model":"modelengine:copper_golem_1/right_arm"},{"predicate":{"custom_model_data":39},"model":"modelengine:copper_golem_1/left_arm"},{"predicate":{"custom_model_data":40},"model":"modelengine:copper_golem_2/head"},{"predicate":{"custom_model_data":41},"model":"modelengine:copper_golem_2/left_leg"},{"predicate":{"custom_model_data":42},"model":"modelengine:copper_golem_2/right_leg"},{"predicate":{"custom_model_data":43},"model":"modelengine:copper_golem_2/body"},{"predicate":{"custom_model_data":44},"model":"modelengine:copper_golem_2/right_arm"},{"predicate":{"custom_model_data":45},"model":"modelengine:copper_golem_2/left_arm"},{"predicate":{"custom_model_data":46},"model":"modelengine:copper_golem_3/head"},{"predicate":{"custom_model_data":47},"model":"modelengine:copper_golem_3/left_leg"},{"predicate":{"custom_model_data":48},"model":"modelengine:copper_golem_3/right_leg"},{"predicate":{"custom_model_data":49},"model":"modelengine:copper_golem_3/body"},{"predicate":{"custom_model_data":50},"model":"modelengine:copper_golem_3/right_arm"},{"predicate":{"custom_model_data":51},"model":"modelengine:copper_golem_3/left_arm"},{"predicate":{"custom_model_data":52},"model":"modelengine:copper_golem_animated/head"},{"predicate":{"custom_model_data":53},"model":"modelengine:copper_golem_animated/left_leg"},{"predicate":{"custom_model_data":54},"model":"modelengine:copper_golem_animated/right_leg"},{"predicate":{"custom_model_data":55},"model":"modelengine:copper_golem_animated/body"},{"predicate":{"custom_model_data":56},"model":"modelengine:copper_golem_animated/right_arm"},{"predicate":{"custom_model_data":57},"model":"modelengine:copper_golem_animated/left_arm"},{"predicate":{"custom_model_data":58},"model":"modelengine:crab/all"},{"predicate":{"custom_model_data":59},"model":"modelengine:crab/right_leg1"},{"predicate":{"custom_model_data":60},"model":"modelengine:crab/right_leg2"},{"predicate":{"custom_model_data":61},"model":"modelengine:crab/right_arm"},{"predicate":{"custom_model_data":62},"model":"modelengine:crab/left_arm"},{"predicate":{"custom_model_data":63},"model":"modelengine:crab/left_leg1"},{"predicate":{"custom_model_data":64},"model":"modelengine:crab/left_leg2"},{"predicate":{"custom_model_data":65},"model":"modelengine:crab/left_leg3"},{"predicate":{"custom_model_data":66},"model":"modelengine:crab/right_leg3"},{"predicate":{"custom_model_data":67},"model":"modelengine:crab/clamp"},{"predicate":{"custom_model_data":68},"model":"modelengine:deer/all"},{"predicate":{"custom_model_data":69},"model":"modelengine:deer/head"},{"predicate":{"custom_model_data":70},"model":"modelengine:deer/right_leg1"},{"predicate":{"custom_model_data":71},"model":"modelengine:deer/right_leg2"},{"predicate":{"custom_model_data":72},"model":"modelengine:deer/left_leg1"},{"predicate":{"custom_model_data":73},"model":"modelengine:deer/left_leg2"},{"predicate":{"custom_model_data":74},"model":"modelengine:deer/rhorn"},{"predicate":{"custom_model_data":75},"model":"modelengine:deer/lhorn"},{"predicate":{"custom_model_data":76},"model":"modelengine:flowering_glare/body"},{"predicate":{"custom_model_data":77},"model":"modelengine:flowering_glare/leg1"},{"predicate":{"custom_model_data":78},"model":"modelengine:flowering_glare/eye_2"},{"predicate":{"custom_model_data":79},"model":"modelengine:flowering_glare/eye_1"},{"predicate":{"custom_model_data":80},"model":"modelengine:flowering_glare/leg2"},{"predicate":{"custom_model_data":81},"model":"modelengine:glare/body"},{"predicate":{"custom_model_data":82},"model":"modelengine:glare/leg1"},{"predicate":{"custom_model_data":83},"model":"modelengine:glare/eye_2"},{"predicate":{"custom_model_data":84},"model":"modelengine:glare/eye_1"},{"predicate":{"custom_model_data":85},"model":"modelengine:glare/leg2"},{"predicate":{"custom_model_data":86},"model":"modelengine:great_hunter/head"},{"predicate":{"custom_model_data":87},"model":"modelengine:great_hunter/leg1"},{"predicate":{"custom_model_data":88},"model":"modelengine:great_hunter/leg4"},{"predicate":{"custom_model_data":89},"model":"modelengine:great_hunter/leg2"},{"predicate":{"custom_model_data":90},"model":"modelengine:great_hunter/leg3"},{"predicate":{"custom_model_data":91},"model":"modelengine:great_hunter/body2"},{"predicate":{"custom_model_data":92},"model":"modelengine:great_hunter/mout"},{"predicate":{"custom_model_data":93},"model":"modelengine:iceologer/body"},{"predicate":{"custom_model_data":94},"model":"modelengine:iceologer/head"},{"predicate":{"custom_model_data":95},"model":"modelengine:iceologer/robe"},{"predicate":{"custom_model_data":96},"model":"modelengine:iceologer/rightleg"},{"predicate":{"custom_model_data":97},"model":"modelengine:iceologer/rightarm"},{"predicate":{"custom_model_data":98},"model":"modelengine:iceologer/leftleg"},{"predicate":{"custom_model_data":99},"model":"modelengine:iceologer/leftarm"},{"predicate":{"custom_model_data":100},"model":"modelengine:iceologer/cape"},{"predicate":{"custom_model_data":101},"model":"modelengine:iceologer_block/all"},{"predicate":{"custom_model_data":102},"model":"modelengine:iceologer_block/cube2"},{"predicate":{"custom_model_data":103},"model":"modelengine:iceologer_block/cube1"},{"predicate":{"custom_model_data":104},"model":"modelengine:meerkat/body"},{"predicate":{"custom_model_data":105},"model":"modelengine:meerkat/head"},{"predicate":{"custom_model_data":106},"model":"modelengine:meerkat/back_leg_right"},{"predicate":{"custom_model_data":107},"model":"modelengine:meerkat/back_leg_left"},{"predicate":{"custom_model_data":108},"model":"modelengine:meerkat/tail"},{"predicate":{"custom_model_data":109},"model":"modelengine:meerkat/front_leg_right"},{"predicate":{"custom_model_data":110},"model":"modelengine:meerkat/front_leg_left"},{"predicate":{"custom_model_data":111},"model":"modelengine:meerkat/back_leg_right2"},{"predicate":{"custom_model_data":112},"model":"modelengine:meerkat/back_leg_left2"},{"predicate":{"custom_model_data":113},"model":"modelengine:meerkat/tail_2"},{"predicate":{"custom_model_data":114},"model":"modelengine:meerkat/front_leg_right2"},{"predicate":{"custom_model_data":115},"model":"modelengine:meerkat/front_leg_left2"},{"predicate":{"custom_model_data":116},"model":"modelengine:meerkat/front_leg_right3"},{"predicate":{"custom_model_data":117},"model":"modelengine:meerkat/front_leg_left3"},{"predicate":{"custom_model_data":118},"model":"modelengine:monkey/all"},{"predicate":{"custom_model_data":119},"model":"modelengine:monkey/head"},{"predicate":{"custom_model_data":120},"model":"modelengine:monkey/right_arm"},{"predicate":{"custom_model_data":121},"model":"modelengine:monkey/left_leg"},{"predicate":{"custom_model_data":122},"model":"modelengine:monkey/left_arm"},{"predicate":{"custom_model_data":123},"model":"modelengine:monkey/right_leg"},{"predicate":{"custom_model_data":124},"model":"modelengine:monkey/tail"},{"predicate":{"custom_model_data":125},"model":"modelengine:moobloom_white/dyed"},{"predicate":{"custom_model_data":126},"model":"modelengine:moobloom_white/head"},{"predicate":{"custom_model_data":127},"model":"modelengine:moobloom_white/body"},{"predicate":{"custom_model_data":128},"model":"modelengine:moobloom_white/head_dye"},{"predicate":{"custom_model_data":129},"model":"modelengine:moobloom_white/leg0"},{"predicate":{"custom_model_data":130},"model":"modelengine:moobloom_white/leg1"},{"predicate":{"custom_model_data":131},"model":"modelengine:moobloom_white/leg2"},{"predicate":{"custom_model_data":132},"model":"modelengine:moobloom_white/leg3"},{"predicate":{"custom_model_data":133},"model":"modelengine:ostrich/body"},{"predicate":{"custom_model_data":134},"model":"modelengine:ostrich/head"},{"predicate":{"custom_model_data":135},"model":"modelengine:ostrich/right_arm"},{"predicate":{"custom_model_data":136},"model":"modelengine:ostrich/left_leg"},{"predicate":{"custom_model_data":137},"model":"modelengine:ostrich/left_arm"},{"predicate":{"custom_model_data":138},"model":"modelengine:ostrich/right_leg"},{"predicate":{"custom_model_data":139},"model":"modelengine:ostrich/head_3"},{"predicate":{"custom_model_data":140},"model":"modelengine:ostrich/head_2"},{"predicate":{"custom_model_data":141},"model":"modelengine:ostrich/left_foreleg"},{"predicate":{"custom_model_data":142},"model":"modelengine:ostrich/right_foreleg"},{"predicate":{"custom_model_data":143},"model":"modelengine:ostrich/left_foreleg2"},{"predicate":{"custom_model_data":144},"model":"modelengine:ostrich/right_foreleg2"},{"predicate":{"custom_model_data":145},"model":"modelengine:penguin/all"},{"predicate":{"custom_model_data":146},"model":"modelengine:penguin/head"},{"predicate":{"custom_model_data":147},"model":"modelengine:penguin/right_arm"},{"predicate":{"custom_model_data":148},"model":"modelengine:penguin/left_leg"},{"predicate":{"custom_model_data":149},"model":"modelengine:penguin/left_arm"},{"predicate":{"custom_model_data":150},"model":"modelengine:penguin/right_leg"},{"predicate":{"custom_model_data":151},"model":"modelengine:penguin/mouth"},{"predicate":{"custom_model_data":152},"model":"modelengine:penguin/eyes"},{"predicate":{"custom_model_data":153},"model":"modelengine:penguin/mounth_below"},{"predicate":{"custom_model_data":154},"model":"modelengine:rascal/all"},{"predicate":{"custom_model_data":155},"model":"modelengine:rascal/head"},{"predicate":{"custom_model_data":156},"model":"modelengine:rascal/leg1"},{"predicate":{"custom_model_data":157},"model":"modelengine:rascal/leg2"},{"predicate":{"custom_model_data":158},"model":"modelengine:rascal/backpack"},{"predicate":{"custom_model_data":159},"model":"modelengine:rascal/arm1"},{"predicate":{"custom_model_data":160},"model":"modelengine:rascal/arm2"},{"predicate":{"custom_model_data":161},"model":"modelengine:sniffer/all"},{"predicate":{"custom_model_data":162},"model":"modelengine:sniffer/head"},{"predicate":{"custom_model_data":163},"model":"modelengine:sniffer/leg1"},{"predicate":{"custom_model_data":164},"model":"modelengine:sniffer/leg4"},{"predicate":{"custom_model_data":165},"model":"modelengine:sniffer/leg5"},{"predicate":{"custom_model_data":166},"model":"modelengine:sniffer/leg2"},{"predicate":{"custom_model_data":167},"model":"modelengine:sniffer/leg3"},{"predicate":{"custom_model_data":168},"model":"modelengine:sniffer/leg6"},{"predicate":{"custom_model_data":169},"model":"modelengine:sniffer/nose"},{"predicate":{"custom_model_data":170},"model":"modelengine:sniffer/ear2"},{"predicate":{"custom_model_data":171},"model":"modelengine:sniffer/ear1"},{"predicate":{"custom_model_data":172},"model":"modelengine:sniffer_giant/all"},{"predicate":{"custom_model_data":173},"model":"modelengine:sniffer_giant/head"},{"predicate":{"custom_model_data":174},"model":"modelengine:sniffer_giant/leg1"},{"predicate":{"custom_model_data":175},"model":"modelengine:sniffer_giant/leg4"},{"predicate":{"custom_model_data":176},"model":"modelengine:sniffer_giant/leg5"},{"predicate":{"custom_model_data":177},"model":"modelengine:sniffer_giant/leg2"},{"predicate":{"custom_model_data":178},"model":"modelengine:sniffer_giant/leg3"},{"predicate":{"custom_model_data":179},"model":"modelengine:sniffer_giant/leg6"},{"predicate":{"custom_model_data":180},"model":"modelengine:sniffer_giant/nose"},{"predicate":{"custom_model_data":181},"model":"modelengine:sniffer_giant/ear2"},{"predicate":{"custom_model_data":182},"model":"modelengine:sniffer_giant/ear1"},{"predicate":{"custom_model_data":183},"model":"modelengine:tuff_golem_white/all"},{"predicate":{"custom_model_data":184},"model":"modelengine:tuff_golem_white/gold"},{"predicate":{"custom_model_data":185},"model":"modelengine:tuff_golem_white/dye"},{"predicate":{"custom_model_data":186},"model":"modelengine:tuff_golem_white/left_leg"},{"predicate":{"custom_model_data":187},"model":"modelengine:tuff_golem_white/right_arm"},{"predicate":{"custom_model_data":188},"model":"modelengine:tuff_golem_white/right_leg"},{"predicate":{"custom_model_data":189},"model":"modelengine:tuff_golem_white/left_arm"},{"predicate":{"custom_model_data":190},"model":"modelengine:tuff_golem_white/eyebrows"},{"predicate":{"custom_model_data":191},"model":"modelengine:tuff_golem_white/bag"},{"predicate":{"custom_model_data":192},"model":"modelengine:vulture/body"},{"predicate":{"custom_model_data":193},"model":"modelengine:vulture/head"},{"predicate":{"custom_model_data":194},"model":"modelengine:vulture/right_arm"},{"predicate":{"custom_model_data":195},"model":"modelengine:vulture/left_leg"},{"predicate":{"custom_model_data":196},"model":"modelengine:vulture/left_arm"},{"predicate":{"custom_model_data":197},"model":"modelengine:vulture/right_leg"},{"predicate":{"custom_model_data":198},"model":"modelengine:vulture/tail"},{"predicate":{"custom_model_data":199},"model":"modelengine:vulture/head2"},{"predicate":{"custom_model_data":200},"model":"modelengine:white_dolphin/all"},{"predicate":{"custom_model_data":201},"model":"modelengine:white_dolphin/head"},{"predicate":{"custom_model_data":202},"model":"modelengine:white_dolphin/left_fin"},{"predicate":{"custom_model_data":203},"model":"modelengine:white_dolphin/tail"},{"predicate":{"custom_model_data":204},"model":"modelengine:white_dolphin/right_fin"},{"predicate":{"custom_model_data":205},"model":"modelengine:white_dolphin/tail_fin"},{"predicate":{"custom_model_data":206},"model":"modelengine:wildfire/all"},{"predicate":{"custom_model_data":207},"model":"modelengine:wildfire/head"},{"predicate":{"custom_model_data":208},"model":"modelengine:wildfire/arm1"},{"predicate":{"custom_model_data":209},"model":"modelengine:wildfire/arm2"},{"predicate":{"custom_model_data":210},"model":"modelengine:wildfire/shield4"},{"predicate":{"custom_model_data":211},"model":"modelengine:wildfire/shield3"},{"predicate":{"custom_model_data":212},"model":"modelengine:wildfire/shield2"},{"predicate":{"custom_model_data":213},"model":"modelengine:wildfire/shield1"},{"predicate":{"custom_model_data":214},"model":"modelengine:gift_pet/body"},{"predicate":{"custom_model_data":215},"model":"modelengine:gift_pet/right_arm"},{"predicate":{"custom_model_data":216},"model":"modelengine:gift_pet/left_leg"},{"predicate":{"custom_model_data":217},"model":"modelengine:gift_pet/left_arm"},{"predicate":{"custom_model_data":218},"model":"modelengine:gift_pet/right_leg"},{"predicate":{"custom_model_data":219},"model":"modelengine:gift_pet/hat"}],"parent":"minecraft:item/generated","textures":{"layer0":"minecraft:item/leather_horse_armor"}}