{
  "parent": "minecraft:item/handheld",
  "textures": {
    "layer0": "minecraft:item/netherite_sword"
  },

  "overrides": [
    {"predicate": {"custom_model_data":1}, "model": "custommodels/planetary_blade"},
    {"predicate": {"custom_model_data":2}, "model": "custommodels/the_black_hole"},
    {"predicate": {"custom_model_data":3}, "model": "custommodels/starry_night"},
    {"predicate": {"custom_model_data":4}, "model": "custommodels/bigtrident"},
    {"predicate": {"custom_model_data":5}, "model": "custommodels/sanrio_sword"},
    {"predicate": {"custom_model_data":6}, "model": "custommodels/fazbear_sword"},
    {"predicate": {"custom_model_data":7}, "model": "custommodels/blossom_blade"},
    {"predicate": {"custom_model_data":8}, "model": "custommodels/candy_cane_cutlass"},
    {"predicate": {"custom_model_data":9}, "model": "custommodels/season_2/saw_fish_sword"}
  ]
}