{
	"credit": "Made with Blockbench",
	"textures": {
		"0": "item/npc/mushroom_man",
		"1": "item/npc/mushroom_man_head_1",
		"particle": "item/npc/mushroom_man"
	},
	"elements": [
		{
			"from": [7.15, 0.8, 7.4],
			"to": [8.85, 3, 8.6],
			"faces": {
				"north": {"uv": [0, 0, 1.6875, 2.1875], "texture": "#0"},
				"east": {"uv": [0, 3, 1.1875, 5.1875], "texture": "#0"},
				"south": {"uv": [2, 0, 3.6875, 2.1875], "texture": "#0"},
				"west": {"uv": [2, 3, 3.1875, 5.1875], "texture": "#0"},
				"up": {"uv": [5.6875, 1.1875, 4, 0], "texture": "#0"},
				"down": {"uv": [5.6875, 2, 4, 3.1875], "texture": "#0"}
			}
		},
		{
			"from": [8.85, 1.4, 7.7],
			"to": [9.15, 2.8, 8.2],
			"faces": {
				"north": {"uv": [8, 5, 8.3125, 6.375], "texture": "#0"},
				"east": {"uv": [3, 8, 3.5, 9.375], "texture": "#0"},
				"south": {"uv": [6, 8, 6.3125, 9.375], "texture": "#0"},
				"west": {"uv": [8, 3, 8.5, 4.375], "texture": "#0"},
				"up": {"uv": [9.3125, 7.5, 9, 7], "texture": "#0"},
				"down": {"uv": [8.3125, 9, 8, 9.5], "texture": "#0"}
			}
		},
		{
			"from": [6.85, 1.4, 7.7],
			"to": [7.15, 2.8, 8.2],
			"faces": {
				"north": {"uv": [7, 8, 7.3125, 9.375], "texture": "#0"},
				"east": {"uv": [4, 8, 4.5, 9.375], "texture": "#0"},
				"south": {"uv": [8, 7, 8.3125, 8.375], "texture": "#0"},
				"west": {"uv": [5, 8, 5.5, 9.375], "texture": "#0"},
				"up": {"uv": [9.3125, 8.5, 9, 8], "texture": "#0"},
				"down": {"uv": [9.3125, 9, 9, 9.5], "texture": "#0"}
			}
		},
		{
			"from": [7.25, 0.9, 7.5],
			"to": [8.75, 2.2, 8.8],
			"faces": {
				"north": {"uv": [4, 4, 5.5, 5.3125], "texture": "#0"},
				"east": {"uv": [6, 2, 7.3125, 3.3125], "texture": "#0"},
				"south": {"uv": [0, 6, 1.5, 7.3125], "texture": "#0"},
				"west": {"uv": [4, 6, 5.3125, 7.3125], "texture": "#0"},
				"up": {"uv": [7.5, 1.3125, 6, 0], "texture": "#0"},
				"down": {"uv": [3.5, 6, 2, 7.3125], "texture": "#0"}
			}
		},
		{
			"from": [8.25, 0.2, 7.85],
			"to": [8.65, 0.8, 8.15],
			"faces": {
				"north": {"uv": [0, 9, 0.375, 9.625], "texture": "#0"},
				"east": {"uv": [9, 3, 9.3125, 3.625], "texture": "#0"},
				"south": {"uv": [1, 9, 1.375, 9.625], "texture": "#0"},
				"west": {"uv": [9, 4, 9.3125, 4.625], "texture": "#0"},
				"up": {"uv": [0.375, 10.3125, 0, 10], "texture": "#0"},
				"down": {"uv": [10.375, 0, 10, 0.3125], "texture": "#0"}
			}
		},
		{
			"from": [8.3, 0, 7.9],
			"to": [8.6, 0.2, 8.1],
			"faces": {
				"north": {"uv": [2, 10, 2.3125, 10.1875], "texture": "#0"},
				"east": {"uv": [6, 10, 6.1875, 10.1875], "texture": "#0"},
				"south": {"uv": [10, 2, 10.3125, 2.1875], "texture": "#0"},
				"west": {"uv": [10, 6, 10.1875, 6.1875], "texture": "#0"},
				"up": {"uv": [3.3125, 10.1875, 3, 10], "texture": "#0"},
				"down": {"uv": [10.3125, 3, 10, 3.1875], "texture": "#0"}
			}
		},
		{
			"from": [7.45, 0.2, 7.85],
			"to": [7.85, 0.8, 8.15],
			"faces": {
				"north": {"uv": [9, 1, 9.375, 1.625], "texture": "#0"},
				"east": {"uv": [9, 5, 9.3125, 5.625], "texture": "#0"},
				"south": {"uv": [9, 2, 9.375, 2.625], "texture": "#0"},
				"west": {"uv": [9, 6, 9.3125, 6.625], "texture": "#0"},
				"up": {"uv": [1.375, 10.3125, 1, 10], "texture": "#0"},
				"down": {"uv": [10.375, 1, 10, 1.3125], "texture": "#0"}
			}
		},
		{
			"from": [7.5, 0, 7.9],
			"to": [7.8, 0.2, 8.1],
			"faces": {
				"north": {"uv": [4, 10, 4.3125, 10.1875], "texture": "#0"},
				"east": {"uv": [7, 10, 7.1875, 10.1875], "texture": "#0"},
				"south": {"uv": [10, 4, 10.3125, 4.1875], "texture": "#0"},
				"west": {"uv": [10, 7, 10.1875, 7.1875], "texture": "#0"},
				"up": {"uv": [5.3125, 10.1875, 5, 10], "texture": "#0"},
				"down": {"uv": [10.3125, 5, 10, 5.1875], "texture": "#0"}
			}
		},
		{
			"from": [7.25, 3, 7.5],
			"to": [8.75, 4.1, 8.5],
			"faces": {
				"north": {"uv": [6, 4, 7.5, 5.125], "texture": "#0"},
				"east": {"uv": [8, 1, 9, 2.125], "texture": "#0"},
				"south": {"uv": [6, 6, 7.5, 7.125], "texture": "#0"},
				"west": {"uv": [2, 8, 3, 9.125], "texture": "#0"},
				"up": {"uv": [1.5, 9, 0, 8], "texture": "#0"},
				"down": {"uv": [9.5, 0, 8, 1], "texture": "#0"}
			}
		},
		{
			"from": [6.75, 4.1, 6.8],
			"to": [9.25, 5.2, 9.2],
			"faces": {
				"north": {"uv": [3, 4, 5.5, 5.125], "texture": "#1"},
				"east": {"uv": [5, 2, 7.375, 3.125], "texture": "#1"},
				"south": {"uv": [5, 0, 7.5, 1.125], "texture": "#1"},
				"west": {"uv": [0, 6, 2.375, 7.125], "texture": "#1"},
				"up": {"uv": [2.5, 2.375, 0, 0], "texture": "#1"},
				"down": {"uv": [2.5, 3, 0, 5.375], "texture": "#1"}
			}
		},
		{
			"from": [7.05, 4.7, 7.1],
			"to": [8.85, 5.8, 8.9],
			"faces": {
				"north": {"uv": [3, 6, 4.8125, 7.125], "texture": "#1"},
				"east": {"uv": [6, 4, 7.8125, 5.125], "texture": "#1"},
				"south": {"uv": [5, 6, 6.8125, 7.125], "texture": "#1"},
				"west": {"uv": [7, 6, 8.8125, 7.125], "texture": "#1"},
				"up": {"uv": [4.8125, 1.8125, 3, 0], "texture": "#1"},
				"down": {"uv": [4.8125, 2, 3, 3.8125], "texture": "#1"}
			}
		},
		{
			"from": [7.35, 4.9, 7.3],
			"to": [8.55, 6, 8.6],
			"faces": {
				"north": {"uv": [4, 8, 5.1875, 9.125], "texture": "#1"},
				"east": {"uv": [2, 8, 3.3125, 9.125], "texture": "#1"},
				"south": {"uv": [8, 4, 9.1875, 5.125], "texture": "#1"},
				"west": {"uv": [8, 2, 9.3125, 3.125], "texture": "#1"},
				"up": {"uv": [1.1875, 9.3125, 0, 8], "texture": "#1"},
				"down": {"uv": [9.1875, 0, 8, 1.3125], "texture": "#1"}
			}
		}
	],
	"display": {
		"head": {
			"translation": [0, 0.75, 0],
			"scale": [4, 4, 4]
		}
	},
	"groups": [
		0,
		1,
		2,
		3,
		{
			"name": "foot",
			"origin": [0, 0, 0],
			"color": 0,
			"children": [4, 5]
		},
		{
			"name": "foot",
			"origin": [0, 0, 0],
			"color": 0,
			"children": [6, 7]
		},
		8,
		9,
		10,
		11
	]
}