{
    "introcinematic.line1": {
      "sounds": [
        "cinematics/intro/line1"
      ]
    },
    "introcinematic.line2": {
        "sounds": [
          "cinematics/intro/line2"
        ]
    },
    "introcinematic.line3": {
        "sounds": [
          "cinematics/intro/line3"
        ]
    },
    "introcinematic.line4": {
        "sounds": [
          "cinematics/intro/line4"
        ]
    },
    "introcinematic.sfx_whistle": {
        "sounds": [
          "cinematics/intro/sfx_whistle"
        ]
    }
}