{
	"credit": "Made by Nog's Menagerie",
	"texture_size": [64, 64],
	"textures": {
		"1": "item/easter/nm_plushie_mother_goose_texture"
	},
	"elements": [
		{
			"name": "torso",
			"from": [5, 0, 5],
			"to": [11, 6, 11],
			"rotation": {"angle": 0, "axis": "y", "origin": [8, 2.0545, 6.60355]},
			"faces": {
				"north": {"uv": [0, 1.75, 1.5, 3.25], "texture": "#1"},
				"east": {"uv": [1.5, 1.75, 3, 3.25], "texture": "#1"},
				"south": {"uv": [3, 0, 4.5, 1.5], "texture": "#1"},
				"west": {"uv": [3, 1.5, 4.5, 3], "texture": "#1"},
				"up": {"uv": [4.5, 4.5, 3, 3], "texture": "#1"},
				"down": {"uv": [1.5, 3.25, 0, 4.75], "texture": "#1"}
			}
		},
		{
			"name": "torso",
			"from": [6, 0, 11],
			"to": [10, 3, 13],
			"rotation": {"angle": 0, "axis": "y", "origin": [8, 2.0545, 6.60355]},
			"faces": {
				"north": {"uv": [5.5, 3, 6.5, 3.75], "texture": "#1"},
				"east": {"uv": [6.75, 5.5, 7.25, 6.25], "texture": "#1"},
				"south": {"uv": [5.75, 3.75, 6.75, 4.5], "texture": "#1"},
				"west": {"uv": [5.75, 6.75, 6.25, 7.5], "texture": "#1"},
				"up": {"uv": [1, 7.25, 0, 6.75], "texture": "#1"},
				"down": {"uv": [3, 6.75, 2, 7.25], "texture": "#1"}
			}
		},
		{
			"name": "head",
			"from": [5, 13.9323, 2.70966],
			"to": [11, 14.9323, 9.70966],
			"rotation": {"angle": -22.5, "axis": "x", "origin": [8, 8.1823, 8.18466]},
			"faces": {
				"north": {"uv": [6.75, 4.25, 8.25, 4.5], "texture": "#1"},
				"east": {"uv": [6.5, 5.25, 8.25, 5.5], "texture": "#1"},
				"south": {"uv": [6.25, 6.75, 7.75, 7], "texture": "#1"},
				"west": {"uv": [4, 6.75, 5.75, 7], "texture": "#1"},
				"up": {"uv": [1.5, 1.75, 0, 0], "texture": "#1"},
				"down": {"uv": [3, 0, 1.5, 1.75], "texture": "#1"}
			}
		},
		{
			"name": "head",
			"from": [11, 13.9323, 1.70966],
			"to": [12, 13.9323, 10.70966],
			"rotation": {"angle": -22.5, "axis": "x", "origin": [8, 8.1823, 8.18466]},
			"faces": {
				"north": {"uv": [0, 0, 0.25, 0], "texture": "#1"},
				"east": {"uv": [0, 0, 2.25, 0], "texture": "#1"},
				"south": {"uv": [0, 0, 0.25, 0], "texture": "#1"},
				"west": {"uv": [0, 0, 2.25, 0], "texture": "#1"},
				"up": {"uv": [1.25, 8.5, 1, 6.25], "texture": "#1"},
				"down": {"uv": [1.5, 6.25, 1.25, 8.5], "texture": "#1"}
			}
		},
		{
			"name": "head",
			"from": [4, 13.9323, 1.70966],
			"to": [5, 13.9323, 10.70966],
			"rotation": {"angle": -22.5, "axis": "x", "origin": [8, 8.1823, 8.18466]},
			"faces": {
				"north": {"uv": [0, 0, 0.25, 0], "texture": "#1"},
				"east": {"uv": [0, 0, 2.25, 0], "texture": "#1"},
				"south": {"uv": [0, 0, 0.25, 0], "texture": "#1"},
				"west": {"uv": [0, 0, 2.25, 0], "texture": "#1"},
				"up": {"uv": [1.75, 8.5, 1.5, 6.25], "texture": "#1"},
				"down": {"uv": [2, 6.25, 1.75, 8.5], "texture": "#1"}
			}
		},
		{
			"name": "head",
			"from": [5, 13.9323, 1.70966],
			"to": [11, 13.9323, 2.70966],
			"rotation": {"angle": -22.5, "axis": "x", "origin": [8, 8.1823, 8.18466]},
			"faces": {
				"north": {"uv": [0, 0, 1.5, 0], "texture": "#1"},
				"east": {"uv": [0, 0, 0.25, 0], "texture": "#1"},
				"south": {"uv": [0, 0, 1.5, 0], "texture": "#1"},
				"west": {"uv": [0, 0, 0.25, 0], "texture": "#1"},
				"up": {"uv": [5.5, 7.25, 4, 7], "texture": "#1"},
				"down": {"uv": [7.75, 7, 6.25, 7.25], "texture": "#1"}
			}
		},
		{
			"name": "head",
			"from": [5, 13.9323, 9.70966],
			"to": [11, 13.9323, 10.70966],
			"rotation": {"angle": -22.5, "axis": "x", "origin": [8, 8.1823, 8.18466]},
			"faces": {
				"north": {"uv": [0, 0, 1.5, 0], "texture": "#1"},
				"east": {"uv": [0, 0, 0.25, 0], "texture": "#1"},
				"south": {"uv": [0, 0, 1.5, 0], "texture": "#1"},
				"west": {"uv": [0, 0, 0.25, 0], "texture": "#1"},
				"up": {"uv": [8.75, 0.25, 7.25, 0], "texture": "#1"},
				"down": {"uv": [8.75, 0.25, 7.25, 0.5], "texture": "#1"}
			}
		},
		{
			"name": "head",
			"from": [6, 9.9323, 3.70966],
			"to": [10, 13.9323, 8.70966],
			"rotation": {"angle": -22.5, "axis": "x", "origin": [8, 8.1823, 8.18466]},
			"faces": {
				"north": {"uv": [1, 5.25, 2, 6.25], "texture": "#1"},
				"east": {"uv": [1.5, 3.25, 2.75, 4.25], "texture": "#1"},
				"south": {"uv": [5.5, 0, 6.5, 1], "texture": "#1"},
				"west": {"uv": [1.5, 4.25, 2.75, 5.25], "texture": "#1"},
				"up": {"uv": [5.5, 1.25, 4.5, 0], "texture": "#1"},
				"down": {"uv": [5.5, 1.25, 4.5, 2.5], "texture": "#1"}
			}
		},
		{
			"name": "head",
			"from": [6, 14.9323, 3.70966],
			"to": [10, 16.9323, 8.70966],
			"rotation": {"angle": -22.5, "axis": "x", "origin": [8, 8.1823, 8.18466]},
			"faces": {
				"north": {"uv": [3, 6.75, 4, 7.25], "texture": "#1"},
				"east": {"uv": [4.75, 6.25, 6, 6.75], "texture": "#1"},
				"south": {"uv": [6.75, 3.75, 7.75, 4.25], "texture": "#1"},
				"west": {"uv": [6, 6.25, 7.25, 6.75], "texture": "#1"},
				"up": {"uv": [5.5, 3.75, 4.5, 2.5], "texture": "#1"},
				"down": {"uv": [3.75, 4.5, 2.75, 5.75], "texture": "#1"}
			}
		},
		{
			"name": "head",
			"from": [10, 14.9323, 8.70966],
			"to": [10, 16.9323, 10.70966],
			"rotation": {"angle": -22.5, "axis": "x", "origin": [8, 8.1823, 8.18466]},
			"faces": {
				"north": {"uv": [0, 0, 0, 0.5], "texture": "#1"},
				"east": {"uv": [1, 4.75, 1.5, 5.25], "texture": "#1"},
				"south": {"uv": [0, 0, 0, 0.5], "texture": "#1"},
				"west": {"uv": [2, 5.25, 2.5, 5.75], "texture": "#1"},
				"up": {"uv": [0, 0.5, 0, 0], "texture": "#1"},
				"down": {"uv": [0, 0, 0, 0.5], "texture": "#1"}
			}
		},
		{
			"name": "head",
			"from": [6.025, 6, 5],
			"to": [9.975, 10, 8],
			"rotation": {"angle": 0, "axis": "y", "origin": [8, 8, 6.5]},
			"faces": {
				"north": {"uv": [5.5, 1, 6.5, 2], "texture": "#1"},
				"east": {"uv": [4, 5.75, 4.75, 6.75], "texture": "#1"},
				"south": {"uv": [5.5, 2, 6.5, 3], "texture": "#1"},
				"west": {"uv": [5.75, 4.5, 6.5, 5.5], "texture": "#1"},
				"up": {"uv": [6.75, 6.25, 5.75, 5.5], "texture": "#1"},
				"down": {"uv": [1, 6, 0, 6.75], "texture": "#1"}
			}
		},
		{
			"name": "beak",
			"from": [6.5, 10.9323, 0.70966],
			"to": [9.5, 11.9323, 3.70966],
			"rotation": {"angle": -22.5, "axis": "x", "origin": [8, 8.1823, 8.18466]},
			"faces": {
				"north": {"uv": [2.75, 7.25, 3.5, 7.5], "texture": "#1"},
				"east": {"uv": [3.5, 7.25, 4.25, 7.5], "texture": "#1"},
				"south": {"uv": [7.25, 3.5, 8, 3.75], "texture": "#1"},
				"west": {"uv": [4.25, 7.25, 5, 7.5], "texture": "#1"},
				"up": {"uv": [7.25, 0.75, 6.5, 0], "texture": "#1"},
				"down": {"uv": [7.25, 0.75, 6.5, 1.5], "texture": "#1"}
			}
		},
		{
			"name": "right_leg",
			"from": [8.875, 0.06, 1.25],
			"to": [10.875, 0.06, 5.25],
			"rotation": {"angle": -22.5, "axis": "y", "origin": [8, 0.06, 5.5]},
			"faces": {
				"north": {"uv": [0, 0, 0.25, 0], "texture": "#1"},
				"east": {"uv": [0, 0, 1, 0], "texture": "#1"},
				"south": {"uv": [0, 0, 0.25, 0], "texture": "#1"},
				"west": {"uv": [0, 0, 1, 0], "texture": "#1"},
				"up": {"uv": [0.75, 8.25, 0.5, 7.25], "texture": "#1"},
				"down": {"uv": [7.5, 0.5, 7.25, 1.5], "texture": "#1"}
			}
		},
		{
			"name": "right_foot",
			"from": [8.375, 0.06, 1.25],
			"to": [11.375, 3.06, 1.25],
			"rotation": {"angle": -22.5, "axis": "y", "origin": [8, 0.06, 5.5]},
			"faces": {
				"north": {"uv": [6.5, 1.5, 7.25, 2.25], "texture": "#1"},
				"east": {"uv": [0, 0, 0, 0.75], "texture": "#1"},
				"south": {"uv": [6.5, 2.25, 7.25, 3], "texture": "#1"},
				"west": {"uv": [0, 0, 0, 0.75], "texture": "#1"},
				"up": {"uv": [0.75, 0, 0, 0], "texture": "#1"},
				"down": {"uv": [0.75, 0, 0, 0], "texture": "#1"}
			}
		},
		{
			"name": "left_leg",
			"from": [5.125, 0.06, 1.25],
			"to": [7.125, 0.06, 5.25],
			"rotation": {"angle": 22.5, "axis": "y", "origin": [8, 0.06, 5.5]},
			"faces": {
				"north": {"uv": [0, 0, 0.25, 0], "texture": "#1"},
				"east": {"uv": [0, 0, 1, 0], "texture": "#1"},
				"south": {"uv": [0, 0, 0.25, 0], "texture": "#1"},
				"west": {"uv": [0, 0, 1, 0], "texture": "#1"},
				"up": {"uv": [1, 8.25, 0.75, 7.25], "texture": "#1"},
				"down": {"uv": [7.5, 1.5, 7.25, 2.5], "texture": "#1"}
			}
		},
		{
			"name": "left_foot",
			"from": [4.625, 0.06, 1.25],
			"to": [7.625, 3.06, 1.25],
			"rotation": {"angle": 22.5, "axis": "y", "origin": [8, 0.06, 5.5]},
			"faces": {
				"north": {"uv": [6.5, 3, 7.25, 3.75], "texture": "#1"},
				"east": {"uv": [0, 0, 0, 0.75], "texture": "#1"},
				"south": {"uv": [6.5, 4.5, 7.25, 5.25], "texture": "#1"},
				"west": {"uv": [0, 0, 0, 0.75], "texture": "#1"},
				"up": {"uv": [0.75, 0, 0, 0], "texture": "#1"},
				"down": {"uv": [0.75, 0, 0, 0], "texture": "#1"}
			}
		},
		{
			"name": "right_wing",
			"from": [10.74541, 1.24753, 6],
			"to": [11.74541, 6.24753, 10],
			"rotation": {"angle": 22.5, "axis": "z", "origin": [11.99541, 4.24753, 5.5]},
			"faces": {
				"north": {"uv": [2.75, 3.25, 3, 4.5], "texture": "#1"},
				"east": {"uv": [3.75, 4.5, 4.75, 5.75], "texture": "#1"},
				"south": {"uv": [5.5, 7, 5.75, 8.25], "texture": "#1"},
				"west": {"uv": [0, 4.75, 1, 6], "texture": "#1"},
				"up": {"uv": [2.25, 8.25, 2, 7.25], "texture": "#1"},
				"down": {"uv": [2.5, 7.25, 2.25, 8.25], "texture": "#1"}
			}
		},
		{
			"name": "left_wing",
			"from": [4.25459, 1.24753, 6],
			"to": [5.25459, 6.24753, 10],
			"rotation": {"angle": -22.5, "axis": "z", "origin": [4.00459, 4.24753, 5.5]},
			"faces": {
				"north": {"uv": [0, 7.25, 0.25, 8.5], "texture": "#1"},
				"east": {"uv": [4.75, 3.75, 5.75, 5], "texture": "#1"},
				"south": {"uv": [0.25, 7.25, 0.5, 8.5], "texture": "#1"},
				"west": {"uv": [4.75, 5, 5.75, 6.25], "texture": "#1"},
				"up": {"uv": [2.75, 8.25, 2.5, 7.25], "texture": "#1"},
				"down": {"uv": [7.5, 2.5, 7.25, 3.5], "texture": "#1"}
			}
		},
		{
			"name": "tail",
			"from": [6, 2.23371, 13.15262],
			"to": [10, 2.23371, 17.15262],
			"rotation": {"angle": -22.5, "axis": "x", "origin": [10, 2.23371, 11.15262]},
			"faces": {
				"north": {"uv": [0, 0, 1, 0], "texture": "#1"},
				"east": {"uv": [0, 0, 1, 0], "texture": "#1"},
				"south": {"uv": [0, 0, 1, 0], "texture": "#1"},
				"west": {"uv": [0, 0, 1, 0], "texture": "#1"},
				"up": {"uv": [3, 6.75, 2, 5.75], "texture": "#1"},
				"down": {"uv": [4, 5.75, 3, 6.75], "texture": "#1"}
			}
		}
	],
	"gui_light": "front",
	"display": {
		"thirdperson_righthand": {
			"rotation": [24, 13, 0],
			"translation": [-0.25, 1.25, -0.25],
			"scale": [0.6, 0.6, 0.6]
		},
		"thirdperson_lefthand": {
			"rotation": [24, 13, 0],
			"translation": [-0.25, 1.25, -0.25],
			"scale": [0.6, 0.6, 0.6]
		},
		"firstperson_righthand": {
			"rotation": [0, 109, 5],
			"translation": [3.5, 5.75, 0],
			"scale": [0.71, 0.71, 0.71]
		},
		"firstperson_lefthand": {
			"rotation": [0, 109, 5],
			"translation": [3.5, 5.75, 0],
			"scale": [0.71, 0.71, 0.71]
		},
		"ground": {
			"translation": [0, 3.5, 0],
			"scale": [0.65, 0.65, 0.65]
		},
		"gui": {
			"rotation": [25, 151, 0],
			"translation": [1, 0.5, 0],
			"scale": [0.73, 0.73, 0.73]
		},
		"head": {
			"translation": [0, 14.4, 0]
		},
		"fixed": {
			"rotation": [-90, 0, 0],
			"translation": [0, -0.5, -13.5],
			"scale": [1.7, 1.7, 1.7]
		}
	},
	"groups": [
		{
			"name": "nm_plushie",
			"origin": [8, 8, 8],
			"color": 0,
			"children": [
				0,
				1,
				{
					"name": "group",
					"origin": [8, 8.1823, 8.18466],
					"color": 0,
					"children": [2, 3, 4, 5, 6, 7, 8, 9, 10, 11]
				},
				{
					"name": "group",
					"origin": [8, 0.06, 5.5],
					"color": 0,
					"children": [12, 13, 14, 15]
				},
				{
					"name": "group",
					"origin": [5.00459, 2.24753, 7],
					"color": 0,
					"children": [16, 17]
				},
				18
			]
		}
	]
}