{
	"credit": "Made by Nog's Menagerie",
	"texture_size": [64, 64],
	"textures": {
		"0": "item/easter/nm_plushie_easter_bunny_texture",
		"particle": "item/easter/nm_plushie_easter_bunny_texture"
	},
	"elements": [
		{
			"name": "torso",
			"from": [2, 0, 3],
			"to": [14, 8, 11],
			"rotation": {"angle": 0, "axis": "y", "origin": [8, 2.0045, 10.60355]},
			"faces": {
				"north": {"uv": [0, 0, 3, 2], "texture": "#0"},
				"east": {"uv": [3.5, 7.5, 5.5, 9.5], "texture": "#0"},
				"south": {"uv": [0, 2, 3, 4], "texture": "#0"},
				"west": {"uv": [7.5, 5, 9.5, 7], "texture": "#0"},
				"up": {"uv": [6, 2, 3, 0], "texture": "#0"},
				"down": {"uv": [6, 2, 3, 4], "texture": "#0"}
			}
		},
		{
			"name": "torso",
			"from": [3, 8, 4],
			"to": [13, 17, 11],
			"rotation": {"angle": 0, "axis": "y", "origin": [8, 2.0045, 10.60355]},
			"faces": {
				"north": {"uv": [0, 4, 2.5, 6.25], "texture": "#0"},
				"east": {"uv": [5.5, 7.5, 7.25, 9.75], "texture": "#0"},
				"south": {"uv": [2.5, 4, 5, 6.25], "texture": "#0"},
				"west": {"uv": [7.5, 7, 9.25, 9.25], "texture": "#0"},
				"up": {"uv": [7.5, 5.75, 5, 4], "texture": "#0"},
				"down": {"uv": [7.5, 5.75, 5, 7.5], "texture": "#0"}
			}
		},
		{
			"name": "torso",
			"from": [6, 0, 11],
			"to": [10, 4, 15],
			"rotation": {"angle": 0, "axis": "y", "origin": [8, 2.0045, 8.60355]},
			"faces": {
				"north": {"uv": [11, 9.5, 12, 10.5], "texture": "#0"},
				"east": {"uv": [4.5, 11.75, 5.5, 12.75], "texture": "#0"},
				"south": {"uv": [5.5, 12, 6.5, 13], "texture": "#0"},
				"west": {"uv": [9, 12, 10, 13], "texture": "#0"},
				"up": {"uv": [13, 10.5, 12, 9.5], "texture": "#0"},
				"down": {"uv": [13, 11.5, 12, 12.5], "texture": "#0"}
			}
		},
		{
			"name": "torso",
			"from": [4.5, 6, 11],
			"to": [11.5, 16, 18],
			"rotation": {"angle": 0, "axis": "y", "origin": [8, 9.0045, 8.60355]},
			"faces": {
				"north": {"uv": [6, 0, 7.75, 2.5], "texture": "#0"},
				"east": {"uv": [0, 6.25, 1.75, 8.75], "texture": "#0"},
				"south": {"uv": [1.75, 6.25, 3.5, 8.75], "texture": "#0"},
				"west": {"uv": [7.5, 2.5, 9.25, 5], "texture": "#0"},
				"up": {"uv": [9.5, 1.75, 7.75, 0], "texture": "#0"},
				"down": {"uv": [1.75, 8.75, 0, 10.5], "texture": "#0"}
			}
		},
		{
			"name": "torso",
			"from": [5.725, 15.25, 11.8],
			"to": [7.725, 17.25, 14.8],
			"rotation": {"angle": -45, "axis": "x", "origin": [6.725, 16.25, 13.3]},
			"faces": {
				"north": {"uv": [11, 3, 11.5, 3.5], "texture": "#0"},
				"east": {"uv": [6.5, 9.75, 7.25, 10.25], "texture": "#0"},
				"south": {"uv": [3, 11.25, 3.5, 11.75], "texture": "#0"},
				"west": {"uv": [6.5, 10.25, 7.25, 10.75], "texture": "#0"},
				"up": {"uv": [9.25, 2.5, 8.75, 1.75], "texture": "#0"},
				"down": {"uv": [3.5, 10.5, 3, 11.25], "texture": "#0"}
			}
		},
		{
			"name": "torso",
			"from": [8.25, 14.75, 12.25],
			"to": [10.25, 17.75, 14.25],
			"rotation": {"angle": -22.5, "axis": "z", "origin": [9.25, 16.25, 13.25]},
			"faces": {
				"north": {"uv": [8, 12.5, 8.5, 13.25], "texture": "#0"},
				"east": {"uv": [8.5, 12.5, 9, 13.25], "texture": "#0"},
				"south": {"uv": [12.5, 10.5, 13, 11.25], "texture": "#0"},
				"west": {"uv": [12, 12.5, 12.5, 13.25], "texture": "#0"},
				"up": {"uv": [13.75, 0.5, 13.25, 0], "texture": "#0"},
				"down": {"uv": [13.75, 0.5, 13.25, 1], "texture": "#0"}
			}
		},
		{
			"name": "torso",
			"from": [5.6, 14.75, 15.175],
			"to": [7.6, 17.75, 17.175],
			"rotation": {"angle": 22.5, "axis": "x", "origin": [6.6, 16.25, 16.175]},
			"faces": {
				"north": {"uv": [12.5, 12.5, 13, 13.25], "texture": "#0"},
				"east": {"uv": [0, 12.75, 0.5, 13.5], "texture": "#0"},
				"south": {"uv": [0.5, 12.75, 1, 13.5], "texture": "#0"},
				"west": {"uv": [1, 12.75, 1.5, 13.5], "texture": "#0"},
				"up": {"uv": [2, 13.75, 1.5, 13.25], "texture": "#0"},
				"down": {"uv": [2.5, 13.25, 2, 13.75], "texture": "#0"}
			}
		},
		{
			"name": "torso",
			"from": [7.95, 14.625, 14.675],
			"to": [10.95, 16.625, 16.675],
			"rotation": {"angle": 22.5, "axis": "z", "origin": [9.45, 15.625, 15.675]},
			"faces": {
				"north": {"uv": [1.5, 12.75, 2.25, 13.25], "texture": "#0"},
				"east": {"uv": [2.5, 13.25, 3, 13.75], "texture": "#0"},
				"south": {"uv": [2.25, 12.75, 3, 13.25], "texture": "#0"},
				"west": {"uv": [3, 13.25, 3.5, 13.75], "texture": "#0"},
				"up": {"uv": [5.25, 13.25, 4.5, 12.75], "texture": "#0"},
				"down": {"uv": [13.75, 3, 13, 3.5], "texture": "#0"}
			}
		},
		{
			"name": "head",
			"from": [4.5, 16.6, 2.6],
			"to": [11.5, 23.6, 9.6],
			"rotation": {"angle": -22.5, "axis": "x", "origin": [8, 13.75, 8.5]},
			"faces": {
				"north": {"uv": [1.75, 8.75, 3.5, 10.5], "texture": "#0"},
				"east": {"uv": [9.25, 1.75, 11, 3.5], "texture": "#0"},
				"south": {"uv": [9.25, 7, 11, 8.75], "texture": "#0"},
				"west": {"uv": [7.25, 9.25, 9, 11], "texture": "#0"},
				"up": {"uv": [11, 10.5, 9.25, 8.75], "texture": "#0"},
				"down": {"uv": [11.25, 0, 9.5, 1.75], "texture": "#0"}
			}
		},
		{
			"name": "head",
			"from": [4.5, 23.6, 5.6],
			"to": [7.5, 29.6, 6.6],
			"rotation": {"angle": -22.5, "axis": "x", "origin": [8, 13.75, 8.5]},
			"faces": {
				"north": {"uv": [10.5, 11.5, 11.25, 13], "texture": "#0"},
				"east": {"uv": [7.25, 7.5, 7.5, 9], "texture": "#0"},
				"south": {"uv": [11.25, 11.5, 12, 13], "texture": "#0"},
				"west": {"uv": [9.25, 3.5, 9.5, 5], "texture": "#0"},
				"up": {"uv": [7.25, 11, 6.5, 10.75], "texture": "#0"},
				"down": {"uv": [12.5, 13.25, 11.75, 13.5], "texture": "#0"}
			}
		},
		{
			"name": "head",
			"from": [8.5, 23.6, 5.6],
			"to": [11.5, 29.6, 6.6],
			"rotation": {"angle": -22.5, "axis": "x", "origin": [8, 13.75, 8.5]},
			"faces": {
				"north": {"uv": [3, 11.75, 3.75, 13.25], "texture": "#0"},
				"east": {"uv": [5.25, 12.75, 5.5, 14.25], "texture": "#0"},
				"south": {"uv": [3.75, 11.75, 4.5, 13.25], "texture": "#0"},
				"west": {"uv": [13, 3.5, 13.25, 5], "texture": "#0"},
				"up": {"uv": [0.75, 13.75, 0, 13.5], "texture": "#0"},
				"down": {"uv": [1.5, 13.5, 0.75, 13.75], "texture": "#0"}
			}
		},
		{
			"name": "head",
			"from": [3.999, 16.599, 1.599],
			"to": [12.001, 19.601, 5.601],
			"rotation": {"angle": -22.5, "axis": "x", "origin": [8, 13.75, 8.5]},
			"faces": {
				"north": {"uv": [11, 8, 13, 8.75], "texture": "#0"},
				"east": {"uv": [7.75, 1.75, 8.75, 2.5], "texture": "#0"},
				"south": {"uv": [11, 8.75, 13, 9.5], "texture": "#0"},
				"west": {"uv": [11.5, 6, 12.5, 6.75], "texture": "#0"},
				"up": {"uv": [11.5, 6.75, 9.5, 5.75], "texture": "#0"},
				"down": {"uv": [12.5, 10.5, 10.5, 11.5], "texture": "#0"}
			}
		},
		{
			"name": "head",
			"from": [6.5, 18.6, 0.6],
			"to": [9.5, 20.6, 2.6],
			"rotation": {"angle": -22.5, "axis": "x", "origin": [8, 13.75, 8.5]},
			"faces": {
				"north": {"uv": [13, 5, 13.75, 5.5], "texture": "#0"},
				"east": {"uv": [3.5, 13.25, 4, 13.75], "texture": "#0"},
				"south": {"uv": [5.5, 13, 6.25, 13.5], "texture": "#0"},
				"west": {"uv": [13.25, 3.5, 13.75, 4], "texture": "#0"},
				"up": {"uv": [13.75, 6, 13, 5.5], "texture": "#0"},
				"down": {"uv": [13.75, 8, 13, 8.5], "texture": "#0"}
			}
		},
		{
			"name": "head",
			"from": [7, 16.6, 0.6],
			"to": [9, 18.6, 0.6],
			"rotation": {"angle": -22.5, "axis": "x", "origin": [8, 13.75, 8.5]},
			"faces": {
				"north": {"uv": [4, 13.25, 4.5, 13.75], "texture": "#0"},
				"east": {"uv": [0, 0, 0, 0.5], "texture": "#0"},
				"south": {"uv": [13.25, 4, 13.75, 4.5], "texture": "#0"},
				"west": {"uv": [0, 0, 0, 0.5], "texture": "#0"},
				"up": {"uv": [0.5, 0, 0, 0], "texture": "#0"},
				"down": {"uv": [0.5, 0, 0, 0], "texture": "#0"}
			}
		},
		{
			"name": "right_arm",
			"from": [16.83187, 1.99074, 6],
			"to": [20.83187, 10.99074, 10],
			"rotation": {"angle": 45, "axis": "z", "origin": [10.83187, 3.99074, 9]},
			"faces": {
				"north": {"uv": [3.5, 9.5, 4.5, 11.75], "texture": "#0"},
				"east": {"uv": [9.5, 3.5, 10.5, 5.75], "texture": "#0"},
				"south": {"uv": [4.5, 9.5, 5.5, 11.75], "texture": "#0"},
				"west": {"uv": [5.5, 9.75, 6.5, 12], "texture": "#0"},
				"up": {"uv": [13.25, 1, 12.25, 0], "texture": "#0"},
				"down": {"uv": [7.5, 12.25, 6.5, 13.25], "texture": "#0"}
			}
		},
		{
			"name": "left_arm",
			"from": [-4.83187, 1.99074, 6],
			"to": [-0.83187, 10.99074, 10],
			"rotation": {"angle": -45, "axis": "z", "origin": [5.16813, 3.99074, 9]},
			"faces": {
				"north": {"uv": [4.5, 9.5, 3.5, 11.75], "texture": "#0"},
				"east": {"uv": [6.5, 9.75, 5.5, 12], "texture": "#0"},
				"south": {"uv": [5.5, 9.5, 4.5, 11.75], "texture": "#0"},
				"west": {"uv": [10.5, 3.5, 9.5, 5.75], "texture": "#0"},
				"up": {"uv": [12.25, 1, 13.25, 0], "texture": "#0"},
				"down": {"uv": [6.5, 12.25, 7.5, 13.25], "texture": "#0"}
			}
		},
		{
			"name": "basket",
			"from": [-2.24583, 8.26206, 11.725],
			"to": [-1.19583, 9.26206, 12.725],
			"rotation": {"angle": -45, "axis": "x", "origin": [-1.69583, 6.26206, 11.725]},
			"faces": {
				"north": {"uv": [7.25, 9, 7.5, 9.25], "texture": "#0"},
				"east": {"uv": [10.75, 6.75, 11, 7], "texture": "#0"},
				"south": {"uv": [12.25, 1, 12.5, 1.25], "texture": "#0"},
				"west": {"uv": [12.25, 1.25, 12.5, 1.5], "texture": "#0"},
				"up": {"uv": [12.75, 11.5, 12.5, 11.25], "texture": "#0"},
				"down": {"uv": [13, 11.25, 12.75, 11.5], "texture": "#0"}
			}
		},
		{
			"name": "basket",
			"from": [-2.22083, 5.38338, 10.01789],
			"to": [-1.22083, 8.38338, 11.01789],
			"rotation": {"angle": 0, "axis": "y", "origin": [-1.69583, 6.88338, 10.01789]},
			"faces": {
				"north": {"uv": [5, 13.25, 5.25, 14], "texture": "#0"},
				"east": {"uv": [12.5, 13.25, 12.75, 14], "texture": "#0"},
				"south": {"uv": [12.75, 13.25, 13, 14], "texture": "#0"},
				"west": {"uv": [13.5, 1, 13.75, 1.75], "texture": "#0"},
				"up": {"uv": [12, 13.25, 11.75, 13], "texture": "#0"},
				"down": {"uv": [13.75, 2.5, 13.5, 2.75], "texture": "#0"}
			}
		},
		{
			"name": "basket",
			"from": [-2.24583, 8.26206, 3.31079],
			"to": [-1.19583, 9.26206, 4.31079],
			"rotation": {"angle": 45, "axis": "x", "origin": [-1.69583, 6.26206, 4.31079]},
			"faces": {
				"north": {"uv": [13.5, 2.75, 13.75, 3], "texture": "#0"},
				"east": {"uv": [13.5, 6, 13.75, 6.25], "texture": "#0"},
				"south": {"uv": [13.5, 6.25, 13.75, 6.5], "texture": "#0"},
				"west": {"uv": [13.5, 6.5, 13.75, 6.75], "texture": "#0"},
				"up": {"uv": [13.75, 7, 13.5, 6.75], "texture": "#0"},
				"down": {"uv": [13.75, 7, 13.5, 7.25], "texture": "#0"}
			}
		},
		{
			"name": "basket",
			"from": [-2.22083, 5.38338, 5.01789],
			"to": [-1.22083, 8.38338, 6.01789],
			"rotation": {"angle": 0, "axis": "y", "origin": [-1.69583, 6.88338, 6.01789]},
			"faces": {
				"north": {"uv": [13.5, 1.75, 13.75, 2.5], "texture": "#0"},
				"east": {"uv": [5.5, 13.5, 5.75, 14.25], "texture": "#0"},
				"south": {"uv": [5.75, 13.5, 6, 14.25], "texture": "#0"},
				"west": {"uv": [6, 13.5, 6.25, 14.25], "texture": "#0"},
				"up": {"uv": [13.75, 7.5, 13.5, 7.25], "texture": "#0"},
				"down": {"uv": [13.75, 7.5, 13.5, 7.75], "texture": "#0"}
			}
		},
		{
			"name": "basket",
			"from": [-4.69583, 0.38338, 5.01789],
			"to": [1.30417, 5.38338, 11.01789],
			"rotation": {"angle": 0, "axis": "y", "origin": [-1.69583, 3.88338, 5.01789]},
			"faces": {
				"north": {"uv": [3.5, 6.25, 5, 7.5], "texture": "#0"},
				"east": {"uv": [11, 1.75, 12.5, 3], "texture": "#0"},
				"south": {"uv": [6.5, 11, 8, 12.25], "texture": "#0"},
				"west": {"uv": [11, 6.75, 12.5, 8], "texture": "#0"},
				"up": {"uv": [7.5, 4, 6, 2.5], "texture": "#0"},
				"down": {"uv": [10.5, 10.5, 9, 12], "texture": "#0"}
			}
		},
		{
			"name": "basket",
			"from": [-2.22083, 8.09049, 5.73579],
			"to": [-1.22083, 9.09049, 10.31079],
			"rotation": {"angle": 0, "axis": "y", "origin": [-1.72083, 7.09049, 7.81079]},
			"faces": {
				"north": {"uv": [13.5, 7.75, 13.75, 8], "texture": "#0"},
				"east": {"uv": [9.5, 6.75, 10.75, 7], "texture": "#0"},
				"south": {"uv": [13.5, 8.5, 13.75, 8.75], "texture": "#0"},
				"west": {"uv": [11.25, 1.5, 12.5, 1.75], "texture": "#0"},
				"up": {"uv": [9.25, 10.5, 9, 9.25], "texture": "#0"},
				"down": {"uv": [6.5, 13, 6.25, 14.25], "texture": "#0"}
			}
		},
		{
			"name": "torso",
			"from": [-1.75, 4, 6],
			"to": [0.25, 7, 8],
			"rotation": {"angle": -22.5, "axis": "z", "origin": [-0.75, 5.5, 7]},
			"faces": {
				"north": {"uv": [13, 8.5, 13.5, 9.25], "texture": "#0"},
				"east": {"uv": [9, 13, 9.5, 13.75], "texture": "#0"},
				"south": {"uv": [13, 9.25, 13.5, 10], "texture": "#0"},
				"west": {"uv": [9.5, 13, 10, 13.75], "texture": "#0"},
				"up": {"uv": [5, 13.75, 4.5, 13.25], "texture": "#0"},
				"down": {"uv": [13.75, 4.5, 13.25, 5], "texture": "#0"}
			}
		},
		{
			"name": "torso",
			"from": [-2.05, 3.875, 8.025],
			"to": [0.95, 5.875, 10.025],
			"rotation": {"angle": 22.5, "axis": "z", "origin": [-0.55, 4.875, 9.025]},
			"faces": {
				"north": {"uv": [13, 10, 13.75, 10.5], "texture": "#0"},
				"east": {"uv": [6.5, 13.25, 7, 13.75], "texture": "#0"},
				"south": {"uv": [10.5, 13, 11.25, 13.5], "texture": "#0"},
				"west": {"uv": [7, 13.25, 7.5, 13.75], "texture": "#0"},
				"up": {"uv": [13.75, 11, 13, 10.5], "texture": "#0"},
				"down": {"uv": [13.75, 11, 13, 11.5], "texture": "#0"}
			}
		},
		{
			"name": "torso",
			"from": [-3.9, 4, 6.925],
			"to": [-1.9, 7, 8.925],
			"rotation": {"angle": 22.5, "axis": "x", "origin": [-2.9, 5.5, 7.925]},
			"faces": {
				"north": {"uv": [11.25, 13, 11.75, 13.75], "texture": "#0"},
				"east": {"uv": [13, 11.5, 13.5, 12.25], "texture": "#0"},
				"south": {"uv": [13, 12.25, 13.5, 13], "texture": "#0"},
				"west": {"uv": [13, 13, 13.5, 13.75], "texture": "#0"},
				"up": {"uv": [8.5, 13.75, 8, 13.25], "texture": "#0"},
				"down": {"uv": [9, 13.25, 8.5, 13.75], "texture": "#0"}
			}
		},
		{
			"name": "left_leg",
			"from": [1, -0.17157, 0.58579],
			"to": [5, 5.82843, 2.58579],
			"rotation": {"angle": -45, "axis": "x", "origin": [8, 2.82843, 1.58579]},
			"faces": {
				"north": {"uv": [8, 11, 9, 12.5], "texture": "#0"},
				"east": {"uv": [10, 12, 10.5, 13.5], "texture": "#0"},
				"south": {"uv": [11.25, 0, 12.25, 1.5], "texture": "#0"},
				"west": {"uv": [7.5, 12.25, 8, 13.75], "texture": "#0"},
				"up": {"uv": [13.5, 6.5, 12.5, 6], "texture": "#0"},
				"down": {"uv": [13.5, 6.5, 12.5, 7], "texture": "#0"}
			}
		},
		{
			"name": "right_leg",
			"from": [11, -0.17157, 0.58579],
			"to": [15, 5.82843, 2.58579],
			"rotation": {"angle": -45, "axis": "x", "origin": [8, 2.82843, 1.58579]},
			"faces": {
				"north": {"uv": [11.5, 3, 12.5, 4.5], "texture": "#0"},
				"east": {"uv": [12.5, 3, 13, 4.5], "texture": "#0"},
				"south": {"uv": [11.5, 4.5, 12.5, 6], "texture": "#0"},
				"west": {"uv": [12.5, 4.5, 13, 6], "texture": "#0"},
				"up": {"uv": [13.5, 7.5, 12.5, 7], "texture": "#0"},
				"down": {"uv": [13.5, 7.5, 12.5, 8], "texture": "#0"}
			}
		}
	],
	"gui_light": "front",
	"display": {
		"thirdperson_righthand": {
			"rotation": [55, 19, 0],
			"translation": [1, -0.25, -0.25],
			"scale": [0.48, 0.48, 0.48]
		},
		"thirdperson_lefthand": {
			"rotation": [55, 19, 0],
			"translation": [1, -0.25, -0.25],
			"scale": [0.48, 0.48, 0.48]
		},
		"firstperson_righthand": {
			"rotation": [0, 109, 5],
			"translation": [2.75, 2.75, 0],
			"scale": [0.52, 0.52, 0.52]
		},
		"firstperson_lefthand": {
			"rotation": [0, 109, 5],
			"translation": [2.75, 2.75, 0],
			"scale": [0.52, 0.52, 0.52]
		},
		"ground": {
			"translation": [0, 1.75, 0],
			"scale": [0.54, 0.54, 0.54]
		},
		"gui": {
			"rotation": [25, 151, 0],
			"translation": [0, -1.5, 0],
			"scale": [0.53, 0.53, 0.53]
		},
		"head": {
			"translation": [0, 14.4, 0]
		},
		"fixed": {
			"rotation": [-90, 0, 0],
			"translation": [0, 0.75, -15.75],
			"scale": [2, 2, 2]
		}
	},
	"groups": [
		{
			"name": "nm_plushie",
			"origin": [8, 8, 8],
			"color": 0,
			"children": [
				0,
				1,
				2,
				{
					"name": "group",
					"origin": [8, 9.0045, 7.60355],
					"color": 0,
					"children": [3, 4, 5, 6, 7]
				},
				{
					"name": "group",
					"origin": [8, 7.5, 8.25],
					"color": 0,
					"children": [
						8,
						{
							"name": "group",
							"origin": [8, 7.75, 8.25],
							"color": 0,
							"children": [9, 10]
						},
						11,
						12,
						13
					]
				},
				{
					"name": "group",
					"origin": [8, 0.01, 6.25],
					"color": 0,
					"children": [
						14,
						15,
						{
							"name": "basket",
							"origin": [1.27904, 11.41536, 7],
							"color": 0,
							"children": [16, 17, 18, 19, 20, 21, 22, 23, 24]
						}
					]
				},
				{
					"name": "group",
					"origin": [8, 0.01, 6.25],
					"color": 0,
					"children": [25, 26]
				}
			]
		}
	]
}