{"textures":{"0":"modelengine:entity/iceologer"},"elements":[{"from":[4.0,8.0,5.0],"to":[12.0,20.0,11.0],"faces":{"east":{"uv":[4.5,5.25,5.25,6.75],"tintindex":0,"rotation":0,"texture":"#0"},"south":{"uv":[3.5,4.125,4.5,5.625],"tintindex":0,"rotation":0,"texture":"#0"},"north":{"uv":[2.5,3.875,3.5,5.375],"tintindex":0,"rotation":0,"texture":"#0"},"west":{"uv":[5.25,5.25,6.0,6.75],"tintindex":0,"rotation":0,"texture":"#0"},"up":{"uv":[6.625,4.375,5.625,3.625],"tintindex":0,"rotation":0,"texture":"#0"},"down":{"uv":[6.625,4.375,5.625,5.125],"tintindex":0,"rotation":0,"texture":"#0"}}}]}