{"textures":{"0":"modelengine:entity/iceologer"},"elements":[{"from":[6.25,5.575001,9.5],"to":[9.5,8.575001,12.5],"faces":{"east":{"uv":[3.25,5.375,3.5,5.625],"tintindex":0,"rotation":0,"texture":"#0"},"south":{"uv":[7.0,6.25,7.25,6.5],"tintindex":0,"rotation":0,"texture":"#0"},"north":{"uv":[3.0,5.375,3.25,5.625],"tintindex":0,"rotation":0,"texture":"#0"},"west":{"uv":[7.0,6.5,7.25,6.75],"tintindex":0,"rotation":0,"texture":"#0"},"up":{"uv":[7.25,7.0,7.0,6.75],"tintindex":0,"rotation":0,"texture":"#0"},"down":{"uv":[7.25,7.0,7.0,7.25],"tintindex":0,"rotation":0,"texture":"#0"}}},{"from":[9.5,5.575001,3.5],"to":[12.7,8.575001,12.5],"faces":{"east":{"uv":[6.75,2.5,7.75,2.75],"tintindex":0,"rotation":0,"texture":"#0"},"south":{"uv":[7.125,3.25,7.375,3.5],"tintindex":0,"rotation":0,"texture":"#0"},"north":{"uv":[7.125,3.0,7.375,3.25],"tintindex":0,"rotation":0,"texture":"#0"},"west":{"uv":[6.75,2.75,7.75,3.0],"tintindex":0,"rotation":0,"texture":"#0"},"up":{"uv":[5.375,7.75,5.125,6.75],"tintindex":0,"rotation":0,"texture":"#0"},"down":{"uv":[5.625,6.75,5.375,7.75],"tintindex":0,"rotation":0,"texture":"#0"}}},{"from":[3.5,-12.5,4.5],"to":[12.5,8.5,11.5],"faces":{"east":{"uv":[1.0,2.5,1.75,5.0],"tintindex":0,"rotation":0,"texture":"#0"},"south":{"uv":[2.5,0.0,3.5,2.5],"tintindex":0,"rotation":0,"texture":"#0"},"north":{"uv":[0.0,2.5,1.0,5.0],"tintindex":0,"rotation":0,"texture":"#0"},"west":{"uv":[1.75,2.5,2.5,5.0],"tintindex":0,"rotation":0,"texture":"#0"},"up":{"uv":[6.75,0.75,5.75,0.0],"tintindex":0,"rotation":0,"texture":"#0"},"down":{"uv":[6.75,0.75,5.75,1.5],"tintindex":0,"rotation":0,"texture":"#0"}}},{"from":[3.15,5.575001,3.5],"to":[6.225,8.575001,12.5],"faces":{"east":{"uv":[6.625,4.5,7.625,4.75],"tintindex":0,"rotation":0,"texture":"#0"},"south":{"uv":[2.25,5.0,2.5,5.25],"tintindex":0,"rotation":0,"texture":"#0"},"north":{"uv":[2.0,5.0,2.25,5.25],"tintindex":0,"rotation":0,"texture":"#0"},"west":{"uv":[6.625,4.75,7.625,5.0],"tintindex":0,"rotation":0,"texture":"#0"},"up":{"uv":[4.875,7.75,4.625,6.75],"tintindex":0,"rotation":0,"texture":"#0"},"down":{"uv":[5.125,6.75,4.875,7.75],"tintindex":0,"rotation":0,"texture":"#0"}}}]}