{
	"credit": "Made by Nog's Menagerie",
	"texture_size": [64, 64],
	"textures": {
		"2": "item/easter/nm_plushie_bunny_hopz_texture",
		"particle": "item/easter/nm_plushie_bunny_hopz_texture"
	},
	"elements": [
		{
			"name": "torso",
			"from": [5.5, 0, 7.25],
			"to": [10.5, 8, 11.25],
			"rotation": {"angle": 0, "axis": "y", "origin": [8, 2.0045, 8.85355]},
			"faces": {
				"north": {"uv": [1.75, 3.5, 3, 5.5], "texture": "#2"},
				"east": {"uv": [3, 3.75, 4, 5.75], "texture": "#2"},
				"south": {"uv": [3.5, 1.75, 4.75, 3.75], "texture": "#2"},
				"west": {"uv": [4, 3.75, 5, 5.75], "texture": "#2"},
				"up": {"uv": [1.25, 6.25, 0, 5.25], "texture": "#2"},
				"down": {"uv": [6.25, 5.25, 5, 6.25], "texture": "#2"}
			}
		},
		{
			"name": "torso",
			"from": [7, 0, 11.25],
			"to": [9, 2, 13.25],
			"rotation": {"angle": 0, "axis": "y", "origin": [8, 2.0045, 8.85355]},
			"faces": {
				"north": {"uv": [7.25, 6.25, 7.75, 6.75], "texture": "#2"},
				"east": {"uv": [7.25, 7.25, 7.75, 7.75], "texture": "#2"},
				"south": {"uv": [0, 7.5, 0.5, 8], "texture": "#2"},
				"west": {"uv": [0.5, 7.5, 1, 8], "texture": "#2"},
				"up": {"uv": [4, 8, 3.5, 7.5], "texture": "#2"},
				"down": {"uv": [4.5, 7.5, 4, 8], "texture": "#2"}
			}
		},
		{
			"name": "head",
			"from": [4.5, 5.6, 4.85],
			"to": [11.5, 12.6, 11.85],
			"rotation": {"angle": -22.5, "axis": "x", "origin": [8, 7.75, 8.25]},
			"faces": {
				"north": {"uv": [0, 0, 1.75, 1.75], "texture": "#2"},
				"east": {"uv": [0, 1.75, 1.75, 3.5], "texture": "#2"},
				"south": {"uv": [1.75, 0, 3.5, 1.75], "texture": "#2"},
				"west": {"uv": [1.75, 1.75, 3.5, 3.5], "texture": "#2"},
				"up": {"uv": [1.75, 5.25, 0, 3.5], "texture": "#2"},
				"down": {"uv": [5.25, 0, 3.5, 1.75], "texture": "#2"}
			}
		},
		{
			"name": "head",
			"from": [8.5, 16.6, 5.85],
			"to": [11.5, 17.6, 7.85],
			"rotation": {"angle": -22.5, "axis": "x", "origin": [8, 7.75, 8.25]},
			"faces": {
				"north": {"uv": [5.25, 1.5, 6, 1.75], "texture": "#2"},
				"east": {"uv": [3, 3.5, 3.5, 3.75], "texture": "#2"},
				"south": {"uv": [6, 1.5, 6.75, 1.75], "texture": "#2"},
				"west": {"uv": [1.25, 5.25, 1.75, 5.5], "texture": "#2"},
				"up": {"uv": [5, 6.25, 4.25, 5.75], "texture": "#2"},
				"down": {"uv": [8, 0, 7.25, 0.5], "texture": "#2"}
			}
		},
		{
			"name": "head",
			"from": [4.5, 16.6, 5.85],
			"to": [7.5, 17.6, 7.85],
			"rotation": {"angle": -22.5, "axis": "x", "origin": [8, 7.75, 8.25]},
			"faces": {
				"north": {"uv": [7.75, 7, 8.5, 7.25], "texture": "#2"},
				"east": {"uv": [8, 0.25, 8.5, 0.5], "texture": "#2"},
				"south": {"uv": [7.25, 7.75, 8, 8], "texture": "#2"},
				"west": {"uv": [8, 0.5, 8.5, 0.75], "texture": "#2"},
				"up": {"uv": [8, 1, 7.25, 0.5], "texture": "#2"},
				"down": {"uv": [8, 1, 7.25, 1.5], "texture": "#2"}
			}
		},
		{
			"name": "head",
			"from": [4.5, 12.6, 7.85],
			"to": [7.5, 17.6, 8.85],
			"rotation": {"angle": -22.5, "axis": "x", "origin": [8, 7.75, 8.25]},
			"faces": {
				"north": {"uv": [1.25, 5.5, 2, 6.75], "texture": "#2"},
				"east": {"uv": [5, 7, 5.25, 8.25], "texture": "#2"},
				"south": {"uv": [2, 5.5, 2.75, 6.75], "texture": "#2"},
				"west": {"uv": [7.25, 5, 7.5, 6.25], "texture": "#2"},
				"up": {"uv": [8.5, 7.5, 7.75, 7.25], "texture": "#2"},
				"down": {"uv": [8.5, 7.5, 7.75, 7.75], "texture": "#2"}
			}
		},
		{
			"name": "head",
			"from": [8.5, 12.6, 7.85],
			"to": [11.5, 17.6, 8.85],
			"rotation": {"angle": -22.5, "axis": "x", "origin": [8, 7.75, 8.25]},
			"faces": {
				"north": {"uv": [2.75, 5.75, 3.5, 7], "texture": "#2"},
				"east": {"uv": [6.75, 7.25, 7, 8.5], "texture": "#2"},
				"south": {"uv": [3.5, 5.75, 4.25, 7], "texture": "#2"},
				"west": {"uv": [7, 7.25, 7.25, 8.5], "texture": "#2"},
				"up": {"uv": [0.75, 8.25, 0, 8], "texture": "#2"},
				"down": {"uv": [8.75, 0, 8, 0.25], "texture": "#2"}
			}
		},
		{
			"name": "ring",
			"from": [4, 13.77326, 3.9937],
			"to": [4, 14.77326, 5.9937],
			"rotation": {"angle": -22.5, "axis": "x", "origin": [3.5, 15.77326, 4.4937]},
			"faces": {
				"north": {"uv": [0, 0, 0, 0.25], "texture": "#2"},
				"east": {"uv": [8, 0.75, 8.5, 1], "texture": "#2"},
				"south": {"uv": [0, 0, 0, 0.25], "texture": "#2"},
				"west": {"uv": [8, 1, 8.5, 1.25], "texture": "#2"},
				"up": {"uv": [0, 0.5, 0, 0], "texture": "#2"},
				"down": {"uv": [0, 0, 0, 0.5], "texture": "#2"}
			}
		},
		{
			"name": "ring",
			"from": [6, 13.77326, 3.9937],
			"to": [6, 14.77326, 5.9937],
			"rotation": {"angle": -22.5, "axis": "x", "origin": [3.5, 15.77326, 4.4937]},
			"faces": {
				"north": {"uv": [0, 0, 0, 0.25], "texture": "#2"},
				"east": {"uv": [8, 1.25, 8.5, 1.5], "texture": "#2"},
				"south": {"uv": [0, 0, 0, 0.25], "texture": "#2"},
				"west": {"uv": [8, 1.5, 8.5, 1.75], "texture": "#2"},
				"up": {"uv": [0, 0.5, 0, 0], "texture": "#2"},
				"down": {"uv": [0, 0, 0, 0.5], "texture": "#2"}
			}
		},
		{
			"name": "ring",
			"from": [4, 13.77326, 3.9937],
			"to": [6, 14.77326, 3.9937],
			"rotation": {"angle": -22.5, "axis": "x", "origin": [3.5, 15.77326, 4.4937]},
			"faces": {
				"north": {"uv": [8, 1.75, 8.5, 2], "texture": "#2"},
				"east": {"uv": [0, 0, 0, 0.25], "texture": "#2"},
				"south": {"uv": [8, 2, 8.5, 2.25], "texture": "#2"},
				"west": {"uv": [0, 0, 0, 0.25], "texture": "#2"},
				"up": {"uv": [0.5, 0, 0, 0], "texture": "#2"},
				"down": {"uv": [0.5, 0, 0, 0], "texture": "#2"}
			}
		},
		{
			"name": "ring",
			"from": [4, 13.77326, 5.9937],
			"to": [6, 14.77326, 5.9937],
			"rotation": {"angle": -22.5, "axis": "x", "origin": [3.5, 15.77326, 4.4937]},
			"faces": {
				"north": {"uv": [8, 2.25, 8.5, 2.5], "texture": "#2"},
				"east": {"uv": [0, 0, 0, 0.25], "texture": "#2"},
				"south": {"uv": [2.5, 8, 3, 8.25], "texture": "#2"},
				"west": {"uv": [0, 0, 0, 0.25], "texture": "#2"},
				"up": {"uv": [0.5, 0, 0, 0], "texture": "#2"},
				"down": {"uv": [0.5, 0, 0, 0], "texture": "#2"}
			}
		},
		{
			"name": "head",
			"from": [3.999, 5.599, 3.849],
			"to": [12.001, 8.601, 7.851],
			"rotation": {"angle": -22.5, "axis": "x", "origin": [8, 7.75, 8.25]},
			"faces": {
				"north": {"uv": [5, 3.75, 7, 4.5], "texture": "#2"},
				"east": {"uv": [0, 6.25, 1, 7], "texture": "#2"},
				"south": {"uv": [5, 4.5, 7, 5.25], "texture": "#2"},
				"west": {"uv": [4.25, 6.25, 5.25, 7], "texture": "#2"},
				"up": {"uv": [6.75, 2.75, 4.75, 1.75], "texture": "#2"},
				"down": {"uv": [6.75, 2.75, 4.75, 3.75], "texture": "#2"}
			}
		},
		{
			"name": "head",
			"from": [6.5, 7.6, 2.85],
			"to": [9.5, 9.6, 4.85],
			"rotation": {"angle": -22.5, "axis": "x", "origin": [8, 7.75, 8.25]},
			"faces": {
				"north": {"uv": [7.25, 1.5, 8, 2], "texture": "#2"},
				"east": {"uv": [7.5, 4, 8, 4.5], "texture": "#2"},
				"south": {"uv": [7.25, 2, 8, 2.5], "texture": "#2"},
				"west": {"uv": [7.5, 4.5, 8, 5], "texture": "#2"},
				"up": {"uv": [8, 3, 7.25, 2.5], "texture": "#2"},
				"down": {"uv": [8, 3, 7.25, 3.5], "texture": "#2"}
			}
		},
		{
			"name": "head",
			"from": [7, 5.6, 2.85],
			"to": [9, 7.6, 2.85],
			"rotation": {"angle": -22.5, "axis": "x", "origin": [8, 7.75, 8.25]},
			"faces": {
				"north": {"uv": [7.5, 5, 8, 5.5], "texture": "#2"},
				"east": {"uv": [0, 0, 0, 0.5], "texture": "#2"},
				"south": {"uv": [7.5, 5.5, 8, 6], "texture": "#2"},
				"west": {"uv": [0, 0, 0, 0.5], "texture": "#2"},
				"up": {"uv": [0.5, 0, 0, 0], "texture": "#2"},
				"down": {"uv": [0.5, 0, 0, 0], "texture": "#2"}
			}
		},
		{
			"from": [4.001, 7.15859, 3.89954],
			"to": [12.001, 10.15859, 3.89954],
			"rotation": {"angle": -22.5, "axis": "x", "origin": [13.001, 8.15859, 4.39954]},
			"faces": {
				"north": {"uv": [5.25, 0, 7.25, 0.75], "texture": "#2"},
				"east": {"uv": [0, 0, 0, 0.75], "texture": "#2"},
				"south": {"uv": [5.25, 0.75, 7.25, 1.5], "texture": "#2"},
				"west": {"uv": [0, 0, 0, 0.75], "texture": "#2"},
				"up": {"uv": [2, 0, 0, 0], "texture": "#2"},
				"down": {"uv": [2, 0, 0, 0], "texture": "#2"}
			}
		},
		{
			"from": [4.001, 7.15859, 3.89954],
			"to": [4.001, 9.15859, 7.89954],
			"rotation": {"angle": -22.5, "axis": "x", "origin": [13.001, 8.15859, 4.39954]},
			"faces": {
				"north": {"uv": [0, 0, 0, 0.5], "texture": "#2"},
				"east": {"uv": [5.25, 6.25, 6.25, 6.75], "texture": "#2"},
				"south": {"uv": [0, 0, 0, 0.5], "texture": "#2"},
				"west": {"uv": [6.25, 5.25, 7.25, 5.75], "texture": "#2"},
				"up": {"uv": [0, 1, 0, 0], "texture": "#2"},
				"down": {"uv": [0, 0, 0, 1], "texture": "#2"}
			}
		},
		{
			"from": [11.999, 7.15859, 3.89954],
			"to": [11.999, 9.15859, 7.89954],
			"rotation": {"angle": -22.5, "axis": "x", "origin": [2.999, 8.15859, 4.39954]},
			"faces": {
				"north": {"uv": [0, 0, 0, 0.5], "texture": "#2"},
				"east": {"uv": [6.25, 5.75, 7.25, 6.25], "texture": "#2"},
				"south": {"uv": [0, 0, 0, 0.5], "texture": "#2"},
				"west": {"uv": [6.25, 6.25, 7.25, 6.75], "texture": "#2"},
				"up": {"uv": [0, 1, 0, 0], "texture": "#2"},
				"down": {"uv": [0, 0, 0, 1], "texture": "#2"}
			}
		},
		{
			"name": "right_arm",
			"from": [9.83187, 1.74074, 8.25],
			"to": [11.83187, 5.74074, 10.25],
			"rotation": {"angle": 45, "axis": "z", "origin": [10.83187, 3.74074, 9.25]},
			"faces": {
				"north": {"uv": [1, 6.75, 1.5, 7.75], "texture": "#2"},
				"east": {"uv": [1.5, 6.75, 2, 7.75], "texture": "#2"},
				"south": {"uv": [6.75, 1.5, 7.25, 2.5], "texture": "#2"},
				"west": {"uv": [2, 6.75, 2.5, 7.75], "texture": "#2"},
				"up": {"uv": [1.5, 8.25, 1, 7.75], "texture": "#2"},
				"down": {"uv": [2, 7.75, 1.5, 8.25], "texture": "#2"}
			}
		},
		{
			"name": "left_arm",
			"from": [4.16813, 1.74074, 8.25],
			"to": [6.16813, 5.74074, 10.25],
			"rotation": {"angle": -45, "axis": "z", "origin": [5.16813, 3.74074, 9.25]},
			"faces": {
				"north": {"uv": [6.75, 2.5, 7.25, 3.5], "texture": "#2"},
				"east": {"uv": [5.25, 6.75, 5.75, 7.75], "texture": "#2"},
				"south": {"uv": [5.75, 6.75, 6.25, 7.75], "texture": "#2"},
				"west": {"uv": [6.25, 6.75, 6.75, 7.75], "texture": "#2"},
				"up": {"uv": [2.5, 8.25, 2, 7.75], "texture": "#2"},
				"down": {"uv": [5.75, 7.75, 5.25, 8.25], "texture": "#2"}
			}
		},
		{
			"name": "right_leg",
			"from": [9.075, 0.01, 4.25],
			"to": [11.075, 2.01, 8.25],
			"rotation": {"angle": -22.5, "axis": "y", "origin": [8, 0.01, 6.25]},
			"faces": {
				"north": {"uv": [5.75, 7.75, 6.25, 8.25], "texture": "#2"},
				"east": {"uv": [6.75, 6.75, 7.75, 7.25], "texture": "#2"},
				"south": {"uv": [7.75, 6, 8.25, 6.5], "texture": "#2"},
				"west": {"uv": [0, 7, 1, 7.5], "texture": "#2"},
				"up": {"uv": [3, 8, 2.5, 7], "texture": "#2"},
				"down": {"uv": [3.5, 7, 3, 8], "texture": "#2"}
			}
		},
		{
			"name": "left_leg",
			"from": [4.925, 0.01, 4.25],
			"to": [6.925, 2.01, 8.25],
			"rotation": {"angle": 22.5, "axis": "y", "origin": [8, 0.01, 6.25]},
			"faces": {
				"north": {"uv": [6.25, 7.75, 6.75, 8.25], "texture": "#2"},
				"east": {"uv": [3.5, 7, 4.5, 7.5], "texture": "#2"},
				"south": {"uv": [7.75, 6.5, 8.25, 7], "texture": "#2"},
				"west": {"uv": [7, 3.5, 8, 4], "texture": "#2"},
				"up": {"uv": [7.5, 5, 7, 4], "texture": "#2"},
				"down": {"uv": [5, 7, 4.5, 8], "texture": "#2"}
			}
		}
	],
	"gui_light": "front",
	"display": {
		"thirdperson_righthand": {
			"rotation": [24, 13, 0],
			"translation": [0, 1.25, -0.5],
			"scale": [0.6, 0.6, 0.6]
		},
		"thirdperson_lefthand": {
			"rotation": [24, 13, 0],
			"translation": [0, 0.75, -0.5],
			"scale": [0.6, 0.6, 0.6]
		},
		"firstperson_righthand": {
			"rotation": [0, 109, 5],
			"translation": [3, 5.25, 0],
			"scale": [0.71, 0.71, 0.71]
		},
		"firstperson_lefthand": {
			"rotation": [0, 109, 5],
			"translation": [3, 5.25, 0],
			"scale": [0.71, 0.71, 0.71]
		},
		"ground": {
			"translation": [0, 3.5, 0],
			"scale": [0.65, 0.65, 0.65]
		},
		"gui": {
			"rotation": [25, 151, 0],
			"translation": [0, 0.5, 0],
			"scale": [0.73, 0.73, 0.73]
		},
		"head": {
			"translation": [0, 14.4, 0]
		},
		"fixed": {
			"rotation": [-90, 0, 0],
			"translation": [0, 0, -13.5],
			"scale": [1.7, 1.7, 1.7]
		}
	},
	"groups": [
		{
			"name": "nm_plushie",
			"origin": [8, 8, 8],
			"color": 0,
			"children": [
				0,
				1,
				{
					"name": "group",
					"origin": [8, 7.5, 8.25],
					"color": 0,
					"children": [
						2,
						{
							"name": "group",
							"origin": [8, 7.75, 8.25],
							"color": 0,
							"children": [3, 4, 5, 6, 7, 8, 9, 10]
						},
						11,
						12,
						13,
						{
							"name": "group",
							"origin": [0, 0, 0],
							"color": 0,
							"children": [14, 15, 16]
						}
					]
				},
				{
					"name": "group",
					"origin": [8, 0.01, 6.25],
					"color": 0,
					"children": [17, 18]
				},
				{
					"name": "group",
					"origin": [8, 0.01, 6.25],
					"color": 0,
					"children": [19, 20]
				}
			]
		}
	]
}