{"textures":{"0":"modelengine:entity/iceologer"},"elements":[{"from":[5.0,-2.0,6.0],"to":[9.0,10.0,10.0],"faces":{"east":{"uv":[5.75,1.5,6.25,3.0],"tintindex":0,"rotation":0,"texture":"#0"},"south":{"uv":[6.0,5.125,6.5,6.625],"tintindex":0,"rotation":0,"texture":"#0"},"north":{"uv":[4.0,5.625,4.5,7.125],"tintindex":0,"rotation":0,"texture":"#0"},"west":{"uv":[0.0,6.25,0.5,7.75],"tintindex":0,"rotation":0,"texture":"#0"},"up":{"uv":[5.25,4.125,4.75,3.625],"tintindex":0,"rotation":0,"texture":"#0"},"down":{"uv":[6.25,3.0,5.75,3.5],"tintindex":0,"rotation":0,"texture":"#0"}}}]}