{"textures":{"0":"modelengine:entity/penguin"},"elements":[{"from":[8.0,-1.5,4.5],"to":[9.0,10.5,11.5],"faces":{"east":{"uv":[6.75,9.0,8.5,6.0],"tintindex":0,"rotation":180,"texture":"#0"},"south":{"uv":[7.25,10.5,7.5,13.5],"tintindex":0,"rotation":0,"texture":"#0"},"north":{"uv":[4.5,10.5,4.75,13.5],"tintindex":0,"rotation":0,"texture":"#0"},"west":{"uv":[6.75,6.0,8.5,9.0],"tintindex":0,"rotation":0,"texture":"#0"},"up":{"uv":[5.0,8.75,4.75,7.0],"tintindex":0,"rotation":0,"texture":"#0"},"down":{"uv":[0.25,10.75,0.0,12.5],"tintindex":0,"rotation":0,"texture":"#0"}}}]}