{"textures":{"0":"modelengine:entity/penguin"},"elements":[{"from":[7.5,6.0,5.0],"to":[8.5,8.0,6.0],"faces":{"east":{"uv":[6.75,10.75,7.0,11.25],"tintindex":0,"rotation":0,"texture":"#0"},"south":{"uv":[7.0,10.75,7.25,11.25],"tintindex":0,"rotation":0,"texture":"#0"},"north":{"uv":[10.75,6.5,11.0,7.0],"tintindex":0,"rotation":0,"texture":"#0"},"west":{"uv":[10.75,7.0,11.0,7.5],"tintindex":0,"rotation":0,"texture":"#0"},"up":{"uv":[11.25,0.25,11.0,0.0],"tintindex":0,"rotation":0,"texture":"#0"},"down":{"uv":[11.25,0.25,11.0,0.5],"tintindex":0,"rotation":0,"texture":"#0"}}},{"from":[7.5,8.0,5.0],"to":[8.5,9.0,8.0],"faces":{"east":{"uv":[10.75,5.5,11.5,5.75],"tintindex":0,"rotation":0,"texture":"#0"},"south":{"uv":[4.75,8.75,5.0,9.0],"tintindex":0,"rotation":0,"texture":"#0"},"north":{"uv":[7.75,3.25,8.0,3.5],"tintindex":0,"rotation":0,"texture":"#0"},"west":{"uv":[5.75,10.75,6.5,11.0],"tintindex":0,"rotation":0,"texture":"#0"},"up":{"uv":[11.0,6.5,10.75,5.75],"tintindex":0,"rotation":0,"texture":"#0"},"down":{"uv":[6.75,10.75,6.5,11.5],"tintindex":0,"rotation":0,"texture":"#0"}}}]}