{"textures":{"0":"modelengine:entity/armadillo"},"elements":[{"from":[1.0,1.0,1.0],"to":[15.5,15.5,15.5],"faces":{"east":{"uv":[0.0,1.875,1.875,3.75],"tintindex":0,"rotation":0,"texture":"#0"},"south":{"uv":[1.875,0.0,3.75,1.875],"tintindex":0,"rotation":0,"texture":"#0"},"north":{"uv":[0.0,0.0,1.875,1.875],"tintindex":0,"rotation":0,"texture":"#0"},"west":{"uv":[1.875,1.875,3.75,3.75],"tintindex":0,"rotation":0,"texture":"#0"},"up":{"uv":[1.875,5.625,0.0,3.75],"tintindex":0,"rotation":0,"texture":"#0"},"down":{"uv":[5.625,0.0,3.75,1.875],"tintindex":0,"rotation":0,"texture":"#0"}}}]}