{"textures":{"0":"modelengine:entity/armadillo"},"elements":[{"from":[6.0,5.0,7.0],"to":[9.0,8.0,10.0],"faces":{"east":{"uv":[9.75,9.75,10.125,10.125],"tintindex":0,"rotation":0,"texture":"#0"},"south":{"uv":[9.875,1.0,10.25,1.375],"tintindex":0,"rotation":0,"texture":"#0"},"north":{"uv":[9.75,9.375,10.125,9.75],"tintindex":0,"rotation":0,"texture":"#0"},"west":{"uv":[9.875,1.375,10.25,1.75],"tintindex":0,"rotation":0,"texture":"#0"},"up":{"uv":[10.25,2.125,9.875,1.75],"tintindex":0,"rotation":0,"texture":"#0"},"down":{"uv":[10.25,2.125,9.875,2.5],"tintindex":0,"rotation":0,"texture":"#0"}}}]}