{"textures":{"0":"modelengine:entity/armadillo"},"elements":[{"from":[6.0,5.0,7.0],"to":[9.0,8.0,10.0],"faces":{"east":{"uv":[6.0,10.125,6.375,10.5],"tintindex":0,"rotation":0,"texture":"#0"},"south":{"uv":[10.125,6.25,10.5,6.625],"tintindex":0,"rotation":0,"texture":"#0"},"north":{"uv":[10.125,5.875,10.5,6.25],"tintindex":0,"rotation":0,"texture":"#0"},"west":{"uv":[6.375,10.125,6.75,10.5],"tintindex":0,"rotation":0,"texture":"#0"},"up":{"uv":[10.5,9.125,10.125,8.75],"tintindex":0,"rotation":0,"texture":"#0"},"down":{"uv":[10.5,9.125,10.125,9.5],"tintindex":0,"rotation":0,"texture":"#0"}}}]}