{"textures":{"0":"modelengine:entity/armadillo"},"elements":[{"from":[7.0,5.0,6.0],"to":[10.0,8.0,9.0],"faces":{"east":{"uv":[6.75,10.0,7.125,10.375],"tintindex":0,"rotation":0,"texture":"#0"},"south":{"uv":[10.0,8.375,10.375,8.75],"tintindex":0,"rotation":0,"texture":"#0"},"north":{"uv":[9.875,2.5,10.25,2.875],"tintindex":0,"rotation":0,"texture":"#0"},"west":{"uv":[5.25,10.125,5.625,10.5],"tintindex":0,"rotation":0,"texture":"#0"},"up":{"uv":[10.5,5.875,10.125,5.5],"tintindex":0,"rotation":0,"texture":"#0"},"down":{"uv":[6.0,10.125,5.625,10.5],"tintindex":0,"rotation":0,"texture":"#0"}}}]}