{"textures":{"0":"modelengine:entity/armadillo"},"elements":[{"from":[6.5,8.0,7.0],"to":[10.5,10.0,8.0],"faces":{"east":{"uv":[1.75,7.375,1.875,7.625],"tintindex":0,"rotation":0,"texture":"#0"},"south":{"uv":[10.25,1.125,10.75,1.375],"tintindex":0,"rotation":0,"texture":"#0"},"north":{"uv":[9.875,2.875,10.375,3.125],"tintindex":0,"rotation":0,"texture":"#0"},"west":{"uv":[5.5,7.375,5.625,7.625],"tintindex":0,"rotation":0,"texture":"#0"},"up":{"uv":[10.75,1.5,10.25,1.375],"tintindex":0,"rotation":0,"texture":"#0"},"down":{"uv":[10.75,1.5,10.25,1.625],"tintindex":0,"rotation":0,"texture":"#0"}}}]}