{"textures":{"0":"modelengine:entity/armadillo"},"elements":[{"from":[6.5,6.5,8.0],"to":[9.5,9.5,17.0],"faces":{"east":{"uv":[7.5,3.125,8.625,3.5],"tintindex":0,"rotation":0,"texture":"#0"},"south":{"uv":[9.75,9.0,10.125,9.375],"tintindex":0,"rotation":0,"texture":"#0"},"north":{"uv":[8.625,3.125,9.0,3.5],"tintindex":0,"rotation":0,"texture":"#0"},"west":{"uv":[9.75,5.125,10.875,5.5],"tintindex":0,"rotation":0,"texture":"#0"},"up":{"uv":[3.625,10.5,3.25,9.375],"tintindex":0,"rotation":0,"texture":"#0"},"down":{"uv":[10.125,5.5,9.75,6.625],"tintindex":0,"rotation":0,"texture":"#0"}}}]}