{"textures":{"0":"modelengine:entity/copper_golem_animated"},"elements":[{"from":[5.9935155,5.096953,6.280156],"to":[9.506485,8.53664,9.433203],"faces":{"east":{"uv":[7.0,3.75,7.75,4.5],"tintindex":0,"rotation":0,"texture":"#0"},"south":{"uv":[6.0,6.0,7.0,6.75],"tintindex":0,"rotation":0,"texture":"#0"},"north":{"uv":[6.0,5.25,7.0,6.0],"tintindex":0,"rotation":0,"texture":"#0"},"west":{"uv":[7.0,4.5,7.75,5.25],"tintindex":0,"rotation":0,"texture":"#0"},"up":{"uv":[7.5,0.75,6.5,0.0],"tintindex":0,"rotation":0,"texture":"#0"},"down":{"uv":[7.5,0.75,6.5,1.5],"tintindex":0,"rotation":0,"texture":"#0"}}}]}