{
	"credit": "Made by HQEli",
	"textures": {
		"0": "item/bigtrident",
		"particle": "item/bigtrident"
	},
	"elements": [
		{
			"from": [7.05, -9.05, 7.15],
			"to": [8.5, 16.15, 8.35],
			"faces": {
				"north": {"uv": [0, 14.1, 2.75, 15.9], "texture": "#0"},
				"east": {"uv": [0, 14.1, 2.7, 15.9], "texture": "#0"},
				"south": {"uv": [0, 14, 2.85, 15.9], "texture": "#0"},
				"west": {"uv": [0, 14.1, 2.7, 15.9], "texture": "#0"},
				"up": {"uv": [0, 14.2, 2.55, 15.9], "texture": "#0"},
				"down": {"uv": [0, 14.2, 2.55, 15.9], "texture": "#0"}
			}
		},
		{
			"from": [6.34, 15.99, 7.09],
			"to": [9.16, 20.81, 8.41],
			"faces": {
				"north": {"uv": [0, 16, 2.9, 14], "texture": "#0"},
				"east": {"uv": [0, 14.2, 2.7, 15.9], "texture": "#0"},
				"south": {"uv": [0, 14, 2.9, 16], "texture": "#0"},
				"west": {"uv": [0, 16, 2.5, 16], "texture": "#0"},
				"up": {"uv": [0, 15.9, 2.7, 14.1], "texture": "#0"},
				"down": {"uv": [0, 15.1, 2.8, 14.1], "texture": "#0"}
			}
		},
		{
			"from": [6.35, -9.3, 7.1],
			"to": [9.15, -7.5, 8.4],
			"faces": {
				"north": {"uv": [7.1, 13.1, 12.8, 15.9], "texture": "#0"},
				"east": {"uv": [7.1, 13.1, 11.3, 15.9], "texture": "#0"},
				"south": {"uv": [7.1, 13.1, 12.8, 15.9], "texture": "#0"},
				"west": {"uv": [7.1, 13.1, 11.3, 15.9], "texture": "#0"},
				"up": {"uv": [7.1, 13.1, 12.8, 15.4], "texture": "#0"},
				"down": {"uv": [7.1, 13.1, 12.8, 15.4], "texture": "#0"}
			}
		},
		{
			"from": [8.95, 18.9, 7.1],
			"to": [9.75, 19.7, 8.4],
			"faces": {
				"north": {"uv": [0, 16, 2.4, 14.2], "texture": "#0"},
				"east": {"uv": [0, 14.1, 2.7, 15.8], "texture": "#0"},
				"south": {"uv": [0, 14.3, 2.6, 15.7], "texture": "#0"},
				"west": {"uv": [0, 14.7, 2.5, 14.6], "texture": "#0"},
				"up": {"uv": [0, 14.1, 1.9, 15.6], "texture": "#0"},
				"down": {"uv": [0, 15.1, 0.8, 14.1], "texture": "#0"}
			}
		},
		{
			"from": [8.85, 17.7, 7.1],
			"to": [9.65, 18.5, 8.4],
			"faces": {
				"north": {"uv": [0, 16, 2.4, 14.2], "texture": "#0"},
				"east": {"uv": [0, 14.1, 2.7, 15.8], "texture": "#0"},
				"south": {"uv": [0, 14.3, 2.6, 15.7], "texture": "#0"},
				"west": {"uv": [0, 14.7, 2.5, 14.6], "texture": "#0"},
				"up": {"uv": [0, 14.1, 1.9, 15.6], "texture": "#0"},
				"down": {"uv": [0, 15.1, 0.8, 14.1], "texture": "#0"}
			}
		},
		{
			"from": [9.15, 20, 7.1],
			"to": [9.95, 20.8, 8.4],
			"faces": {
				"north": {"uv": [0, 16, 2.4, 14.2], "texture": "#0"},
				"east": {"uv": [0, 14.1, 2.7, 15.8], "texture": "#0"},
				"south": {"uv": [0, 14.3, 2.6, 15.7], "texture": "#0"},
				"west": {"uv": [0, 14.7, 2.5, 14.6], "texture": "#0"},
				"up": {"uv": [0, 14.1, 1.9, 15.6], "texture": "#0"},
				"down": {"uv": [0, 15.1, 0.8, 14.1], "texture": "#0"}
			}
		},
		{
			"from": [5.55, 20, 7.1],
			"to": [6.35, 20.8, 8.4],
			"faces": {
				"north": {"uv": [0, 16, 0.9, 14.2], "texture": "#0"},
				"east": {"uv": [0, 14.1, 1.3, 13.6], "texture": "#0"},
				"south": {"uv": [0, 14.3, 2.7, 15.8], "texture": "#0"},
				"west": {"uv": [0, 14.7, 2.5, 14.6], "texture": "#0"},
				"up": {"uv": [0, 14.1, 1.9, 15.6], "texture": "#0"},
				"down": {"uv": [0, 15.1, 0.8, 14.1], "texture": "#0"}
			}
		},
		{
			"from": [5.75, 18.9, 7.1],
			"to": [6.55, 19.7, 8.4],
			"faces": {
				"north": {"uv": [0, 16, 2.4, 14.2], "texture": "#0"},
				"east": {"uv": [0, 14.1, 1.3, 13.6], "texture": "#0"},
				"south": {"uv": [0, 14.3, 2.6, 15.7], "texture": "#0"},
				"west": {"uv": [0, 14.7, 2.5, 14.6], "texture": "#0"},
				"up": {"uv": [0, 14.1, 1.9, 15.6], "texture": "#0"},
				"down": {"uv": [0, 15.1, 0.8, 14.1], "texture": "#0"}
			}
		},
		{
			"from": [5.85, 17.7, 7.1],
			"to": [6.65, 18.5, 8.4],
			"faces": {
				"north": {"uv": [0, 16, 2.4, 14.2], "texture": "#0"},
				"east": {"uv": [0, 14.1, 1.3, 13.6], "texture": "#0"},
				"south": {"uv": [0, 14.3, 2.6, 15.7], "texture": "#0"},
				"west": {"uv": [0, 14.7, 2.5, 14.6], "texture": "#0"},
				"up": {"uv": [0, 14.1, 1.9, 15.6], "texture": "#0"},
				"down": {"uv": [0, 15.1, 0.8, 14.1], "texture": "#0"}
			}
		},
		{
			"from": [7.25, 20.3, 7.25],
			"to": [8.25, 28.3, 8.25],
			"faces": {
				"north": {"uv": [0, 12.8, 2.7, 11.3], "texture": "#0"},
				"east": {"uv": [0, 11.2, 2.8, 12.9], "texture": "#0"},
				"south": {"uv": [0, 12.8, 2.8, 11.5], "texture": "#0"},
				"west": {"uv": [0, 11.2, 2.7, 12.9], "texture": "#0"},
				"up": {"uv": [0, 11.1, 2.8, 12.4875], "texture": "#0"},
				"down": {"uv": [0, 11.1, 2.8, 12.4875], "texture": "#0"}
			}
		},
		{
			"from": [7.25, 20.3, 7.25],
			"to": [8.25, 28.3, 8.25],
			"color": 4,
			"faces": {
				"north": {"uv": [0, 0, 1, 8], "texture": "#missing"},
				"east": {"uv": [0, 0, 1, 8], "texture": "#missing"},
				"south": {"uv": [0, 0, 1, 8], "texture": "#missing"},
				"west": {"uv": [0, 0, 1, 8], "texture": "#missing"},
				"up": {"uv": [0, 0, 1, 1], "texture": "#missing"},
				"down": {"uv": [0, 0, 1, 1], "texture": "#missing"}
			}
		},
		{
			"from": [0.24, 20.79, 6.99],
			"to": [7.26, 23.01, 8.51],
			"faces": {
				"north": {"uv": [7, 13, 13, 16], "texture": "#0"},
				"east": {"uv": [7, 13, 12.5, 15.5], "texture": "#0"},
				"south": {"uv": [7.1, 13, 12.8, 16], "texture": "#0"},
				"west": {"uv": [8, 13, 12.5, 15.5], "texture": "#0"},
				"up": {"uv": [7, 13, 13, 16], "texture": "#0"},
				"down": {"uv": [7, 13, 13, 16], "texture": "#0"}
			}
		},
		{
			"from": [8.24, 20.79, 6.99],
			"to": [15.26, 23.01, 8.51],
			"faces": {
				"north": {"uv": [7.1, 13, 12.8, 15.8], "texture": "#0"},
				"east": {"uv": [7.1, 13, 7.3, 15.8], "texture": "#0"},
				"south": {"uv": [7.1, 13, 12.8, 15.8], "texture": "#0"},
				"west": {"uv": [7.1, 13, 7.3, 15.8], "texture": "#0"},
				"up": {"uv": [7.1, 13, 12.8, 14.8], "texture": "#0"},
				"down": {"uv": [7.1, 13, 12.8, 14.8], "texture": "#0"}
			}
		},
		{
			"from": [9.05, 18.5, 7.5],
			"to": [9.85, 20.5, 8.05],
			"faces": {
				"north": {"uv": [7.1, 13, 12.8, 15.8], "texture": "#0"},
				"east": {"uv": [7.1, 13, 7.3, 15.8], "texture": "#0"},
				"south": {"uv": [7.1, 13, 12.8, 15.8], "texture": "#0"},
				"west": {"uv": [7.1, 13, 7.3, 15.8], "texture": "#0"},
				"up": {"uv": [7.1, 13, 12.8, 14.8], "texture": "#0"},
				"down": {"uv": [7.1, 13, 12.8, 14.8], "texture": "#0"}
			}
		},
		{
			"from": [9.64, 19.89, 7.49],
			"to": [10.46, 20.91, 8.06],
			"faces": {
				"north": {"uv": [7.1, 13, 12.8, 15.8], "texture": "#0"},
				"east": {"uv": [7.1, 13, 7.3, 15.8], "texture": "#0"},
				"south": {"uv": [7.1, 13, 12.8, 15.8], "texture": "#0"},
				"west": {"uv": [7.1, 13, 7.3, 15.8], "texture": "#0"},
				"up": {"uv": [7.1, 13, 12.8, 14.8], "texture": "#0"},
				"down": {"uv": [7.1, 13, 12.8, 14.8], "texture": "#0"}
			}
		},
		{
			"from": [5.04, 19.89, 7.49],
			"to": [5.86, 20.91, 8.06],
			"faces": {
				"north": {"uv": [7.1, 13, 12.8, 15.8], "texture": "#0"},
				"east": {"uv": [7.1, 13, 7.3, 15.8], "texture": "#0"},
				"south": {"uv": [7.1, 13, 12.8, 15.8], "texture": "#0"},
				"west": {"uv": [7.1, 13, 7.3, 15.8], "texture": "#0"},
				"up": {"uv": [7.1, 13, 12.8, 14.8], "texture": "#0"},
				"down": {"uv": [7.1, 13, 12.8, 14.8], "texture": "#0"}
			}
		},
		{
			"from": [5.65, 18.5, 7.5],
			"to": [6.45, 20.5, 8.05],
			"faces": {
				"north": {"uv": [7.1, 13, 12.8, 15.8], "texture": "#0"},
				"east": {"uv": [7.1, 13, 7.3, 15.8], "texture": "#0"},
				"south": {"uv": [7.1, 13, 12.8, 15.8], "texture": "#0"},
				"west": {"uv": [7.1, 13, 7.3, 15.8], "texture": "#0"},
				"up": {"uv": [7.1, 13, 12.8, 14.8], "texture": "#0"},
				"down": {"uv": [7.1, 13, 12.8, 14.8], "texture": "#0"}
			}
		},
		{
			"from": [7.24, 20.49, 6.99],
			"to": [8.26, 21.51, 8.51],
			"faces": {
				"north": {"uv": [8, 13, 9, 14], "texture": "#0"},
				"east": {"uv": [8, 13, 9.5, 14], "texture": "#0"},
				"south": {"uv": [8, 13, 9, 14], "texture": "#0"},
				"west": {"uv": [8, 13, 9.5, 14], "texture": "#0"},
				"up": {"uv": [8, 13, 9, 14.5], "texture": "#0"},
				"down": {"uv": [8, 13, 9, 14.5], "texture": "#0"}
			}
		},
		{
			"from": [4.74, 22.99, 6.99],
			"to": [10.76, 24.01, 8.51],
			"faces": {
				"north": {"uv": [7, 13, 13, 14], "texture": "#0"},
				"east": {"uv": [7, 13, 8.5, 14], "texture": "#0"},
				"south": {"uv": [7.3, 13.1, 12.9, 14.4], "texture": "#0"},
				"west": {"uv": [7, 13, 8.5, 14], "texture": "#0"},
				"up": {"uv": [7, 13, 13, 14.5], "texture": "#0"},
				"down": {"uv": [7, 13, 13, 14.5], "texture": "#0"}
			}
		},
		{
			"from": [13.24, 22.99, 6.99],
			"to": [15.76, 26.01, 8.51],
			"faces": {
				"north": {"uv": [7, 13, 9.5, 16], "texture": "#0"},
				"east": {"uv": [7, 13, 8.5, 16], "texture": "#0"},
				"south": {"uv": [7.3, 13.1, 9.4, 16], "texture": "#0"},
				"west": {"uv": [7, 13, 8.5, 16], "texture": "#0"},
				"up": {"uv": [7, 13, 9.5, 14.5], "texture": "#0"},
				"down": {"uv": [7, 13, 9.5, 14.5], "texture": "#0"}
			}
		},
		{
			"from": [-0.26, 22.99, 6.99],
			"to": [2.26, 26.01, 8.51],
			"faces": {
				"north": {"uv": [7, 13, 9.5, 16], "texture": "#0"},
				"east": {"uv": [7, 13, 8.5, 16], "texture": "#0"},
				"south": {"uv": [7.3, 13.1, 9.4, 16], "texture": "#0"},
				"west": {"uv": [7, 13, 8.5, 16], "texture": "#0"},
				"up": {"uv": [7, 13, 9.5, 14.5], "texture": "#0"},
				"down": {"uv": [7, 13, 9.5, 14.5], "texture": "#0"}
			}
		},
		{
			"from": [12.74, 25.99, 6.99],
			"to": [15.26, 29.01, 8.51],
			"faces": {
				"north": {"uv": [7, 13, 9.5, 16], "texture": "#0"},
				"east": {"uv": [7, 13, 8.5, 16], "texture": "#0"},
				"south": {"uv": [7.3, 13.1, 9.4, 16], "texture": "#0"},
				"west": {"uv": [7, 13, 8.5, 16], "texture": "#0"},
				"up": {"uv": [7, 13, 9.5, 14.5], "texture": "#0"},
				"down": {"uv": [7, 13, 9.5, 14.5], "texture": "#0"}
			}
		},
		{
			"from": [0.24, 25.99, 6.99],
			"to": [2.76, 29.01, 8.51],
			"faces": {
				"north": {"uv": [7, 13, 9.5, 16], "texture": "#0"},
				"east": {"uv": [7, 13, 8.5, 16], "texture": "#0"},
				"south": {"uv": [7.3, 13.1, 9.4, 16], "texture": "#0"},
				"west": {"uv": [7, 13, 8.5, 16], "texture": "#0"},
				"up": {"uv": [7, 13, 9.5, 14.5], "texture": "#0"},
				"down": {"uv": [7, 13, 9.5, 14.5], "texture": "#0"}
			}
		},
		{
			"from": [12.74, 28.99, 6.99],
			"to": [14.26, 31.01, 8.51],
			"faces": {
				"north": {"uv": [7, 13, 8.5, 15], "texture": "#0"},
				"east": {"uv": [7, 13, 8.5, 15], "texture": "#0"},
				"south": {"uv": [7.3, 13.1, 8.4, 15.1], "texture": "#0"},
				"west": {"uv": [7, 13, 8.5, 15], "texture": "#0"},
				"up": {"uv": [7, 13, 8.5, 14.5], "texture": "#0"},
				"down": {"uv": [7, 13, 8.5, 14.5], "texture": "#0"}
			}
		},
		{
			"from": [1.24, 28.99, 6.99],
			"to": [2.76, 31.01, 8.51],
			"faces": {
				"north": {"uv": [7, 13, 8.5, 15], "texture": "#0"},
				"east": {"uv": [7, 13, 8.5, 15], "texture": "#0"},
				"south": {"uv": [7.3, 13.1, 8.4, 15.1], "texture": "#0"},
				"west": {"uv": [7, 13, 8.5, 15], "texture": "#0"},
				"up": {"uv": [7, 13, 8.5, 14.5], "texture": "#0"},
				"down": {"uv": [7, 13, 8.5, 14.5], "texture": "#0"}
			}
		},
		{
			"from": [2.24, 30.99, 6.99],
			"to": [2.76, 32, 8.51],
			"faces": {
				"north": {"uv": [7, 13, 7.5, 13.99], "texture": "#0"},
				"east": {"uv": [8, 13, 9.5, 13.99], "texture": "#0"},
				"south": {"uv": [7.3, 13.1, 7.4, 14.4], "texture": "#0"},
				"west": {"uv": [9, 14, 10.5, 14.99], "texture": "#0"},
				"up": {"uv": [9, 14, 9.5, 15.5], "texture": "#0"},
				"down": {"uv": [0, 0, 0.5, 1.5], "texture": "#0"}
			}
		},
		{
			"from": [12.74, 30.99, 6.99],
			"to": [13.26, 32, 8.51],
			"faces": {
				"north": {"uv": [7, 13, 7.5, 13.99], "texture": "#0"},
				"east": {"uv": [11, 15, 12.5, 15.99], "texture": "#0"},
				"south": {"uv": [7.3, 13.1, 7.4, 14.4], "texture": "#0"},
				"west": {"uv": [9, 14, 10.5, 14.99], "texture": "#0"},
				"up": {"uv": [10, 13, 10.5, 14.5], "texture": "#0"},
				"down": {"uv": [0, 0, 0.5, 1.5], "texture": "#0"}
			}
		},
		{
			"from": [6.24, 23.99, 6.99],
			"to": [9.26, 25.01, 8.51],
			"faces": {
				"north": {"uv": [7, 13, 10, 14], "texture": "#0"},
				"east": {"uv": [7, 13, 8.5, 14], "texture": "#0"},
				"south": {"uv": [7.3, 13.1, 9.9, 14.4], "texture": "#0"},
				"west": {"uv": [7, 13, 8.5, 14], "texture": "#0"},
				"up": {"uv": [7, 13, 10, 14.5], "texture": "#0"},
				"down": {"uv": [7, 13, 10, 14.5], "texture": "#0"}
			}
		},
		{
			"from": [6.24, 27.99, 6.99],
			"to": [9.26, 29.01, 8.51],
			"faces": {
				"north": {"uv": [9, 15, 12, 16], "texture": "#0"},
				"east": {"uv": [9, 14, 10.5, 15], "texture": "#0"},
				"south": {"uv": [8, 15, 11, 16], "texture": "#0"},
				"west": {"uv": [9, 14, 10.5, 15], "texture": "#0"},
				"up": {"uv": [8, 14, 11, 15.5], "texture": "#0"},
				"down": {"uv": [8, 14, 11, 15.5], "texture": "#0"}
			}
		},
		{
			"from": [5.74, 28.99, 6.99],
			"to": [9.76, 30.01, 8.51],
			"faces": {
				"north": {"uv": [7, 13, 11, 14], "texture": "#0"},
				"east": {"uv": [7, 13, 8.5, 14], "texture": "#0"},
				"south": {"uv": [7.3, 13.1, 10.9, 14.4], "texture": "#0"},
				"west": {"uv": [7, 13, 8.5, 14], "texture": "#0"},
				"up": {"uv": [7, 13, 11, 14.5], "texture": "#0"},
				"down": {"uv": [7, 13, 11, 14.5], "texture": "#0"}
			}
		},
		{
			"from": [6.99, 29.99, 7.19],
			"to": [8.61, 32, 8.31],
			"faces": {
				"north": {"uv": [7, 13, 8.6, 14.99], "texture": "#0"},
				"east": {"uv": [7, 13, 8.5, 14.99], "texture": "#0"},
				"south": {"uv": [7.3, 13.1, 8.5, 15.09], "texture": "#0"},
				"west": {"uv": [7, 13, 8.5, 14.99], "texture": "#0"},
				"up": {"uv": [7, 13, 8.6, 14.5], "texture": "#0"},
				"down": {"uv": [7, 13, 8.6, 14.5], "texture": "#0"}
			}
		},
		{
			"from": [6.24, 24.99, 6.99],
			"to": [7.26, 28.01, 8.51],
			"faces": {
				"north": {"uv": [7, 13, 8, 16], "texture": "#0"},
				"east": {"uv": [7, 13, 8.5, 16], "texture": "#0"},
				"south": {"uv": [7.3, 13.1, 7.9, 16], "texture": "#0"},
				"west": {"uv": [7, 13, 8.5, 16], "texture": "#0"},
				"up": {"uv": [7, 13, 8, 14.5], "texture": "#0"},
				"down": {"uv": [7, 13, 8, 14.5], "texture": "#0"}
			}
		},
		{
			"from": [8.24, 24.99, 6.99],
			"to": [9.26, 28.01, 8.51],
			"faces": {
				"north": {"uv": [7, 13, 8, 16], "texture": "#0"},
				"east": {"uv": [7, 13, 8.5, 16], "texture": "#0"},
				"south": {"uv": [7.3, 13.1, 7.9, 16], "texture": "#0"},
				"west": {"uv": [7, 13, 8.5, 16], "texture": "#0"},
				"up": {"uv": [7, 13, 8, 14.5], "texture": "#0"},
				"down": {"uv": [7, 13, 8, 14.5], "texture": "#0"}
			}
		},
		{
			"from": [7.9, 15.45, 7.8],
			"to": [8.6, 16.15, 8.5],
			"faces": {
				"north": {"uv": [6.1, 8, 7.3, 9.3], "texture": "#0"},
				"east": {"uv": [6.1, 8.1, 8, 9.8], "texture": "#0"},
				"south": {"uv": [6.4, 8.1, 7.3, 9.4], "texture": "#0"},
				"west": {"uv": [6.5, 8.9, 6.8, 8.5], "texture": "#0"},
				"up": {"uv": [6.2, 8.1, 8, 10], "texture": "#0"},
				"down": {"uv": [6.2, 8.2, 7.8, 9.7], "texture": "#0"}
			}
		},
		{
			"from": [8.4, 16.15, 7.8],
			"to": [9.1, 16.85, 8.5],
			"faces": {
				"north": {"uv": [6.1, 8, 7.3, 9.3], "texture": "#0"},
				"east": {"uv": [6.1, 8.1, 8, 9.8], "texture": "#0"},
				"south": {"uv": [6.4, 8.1, 7.3, 9.4], "texture": "#0"},
				"west": {"uv": [6.5, 8.9, 6.8, 8.5], "texture": "#0"},
				"up": {"uv": [6.2, 8.1, 8, 10], "texture": "#0"},
				"down": {"uv": [6.2, 8.2, 7.8, 9.7], "texture": "#0"}
			}
		},
		{
			"from": [8.5, 16.65, 7.9],
			"to": [9.2, 17.35, 8.6],
			"faces": {
				"north": {"uv": [6.1, 8, 7.3, 9.3], "texture": "#0"},
				"east": {"uv": [6.1, 8.1, 8, 9.8], "texture": "#0"},
				"south": {"uv": [6.4, 8.1, 7.3, 9.4], "texture": "#0"},
				"west": {"uv": [6.5, 8.9, 6.8, 8.5], "texture": "#0"},
				"up": {"uv": [6.2, 8.1, 8, 10], "texture": "#0"},
				"down": {"uv": [6.2, 8.2, 7.8, 9.7], "texture": "#0"}
			}
		},
		{
			"from": [8.5, 17.15, 7.2],
			"to": [9.2, 17.85, 7.9],
			"faces": {
				"north": {"uv": [6.1, 8, 7.3, 9.3], "texture": "#0"},
				"east": {"uv": [6.1, 8.1, 8, 9.8], "texture": "#0"},
				"south": {"uv": [6.4, 8.1, 7.3, 9.4], "texture": "#0"},
				"west": {"uv": [6.5, 8.9, 6.8, 8.5], "texture": "#0"},
				"up": {"uv": [6.2, 8.1, 8, 10], "texture": "#0"},
				"down": {"uv": [6.2, 8.2, 7.8, 9.7], "texture": "#0"}
			}
		},
		{
			"from": [8.5, 17.85, 7],
			"to": [9.2, 18.55, 7.7],
			"faces": {
				"north": {"uv": [6.1, 8, 7.3, 9.3], "texture": "#0"},
				"east": {"uv": [6.1, 8.1, 8, 9.8], "texture": "#0"},
				"south": {"uv": [6.4, 8.1, 7.3, 9.4], "texture": "#0"},
				"west": {"uv": [6.5, 8.9, 6.8, 8.5], "texture": "#0"},
				"up": {"uv": [6.2, 8.1, 8, 10], "texture": "#0"},
				"down": {"uv": [6.2, 8.2, 7.8, 9.7], "texture": "#0"}
			}
		},
		{
			"from": [7.8, 17.55, 7],
			"to": [8.5, 18, 7.7],
			"faces": {
				"north": {"uv": [6.1, 8, 7.3, 9.3], "texture": "#0"},
				"east": {"uv": [6.1, 8.1, 8, 9.8], "texture": "#0"},
				"south": {"uv": [6.4, 8.1, 7.3, 9.4], "texture": "#0"},
				"west": {"uv": [6.5, 8.9, 6.8, 8.5], "texture": "#0"},
				"up": {"uv": [6.2, 8.1, 8, 10], "texture": "#0"},
				"down": {"uv": [6.2, 8.2, 7.8, 9.7], "texture": "#0"}
			}
		},
		{
			"from": [7.8, 18.35, 7],
			"to": [8.5, 19.05, 7.7],
			"faces": {
				"north": {"uv": [6.1, 8, 7.3, 9.3], "texture": "#0"},
				"east": {"uv": [6.1, 8.1, 8, 9.8], "texture": "#0"},
				"south": {"uv": [6.4, 8.1, 7.3, 9.4], "texture": "#0"},
				"west": {"uv": [6.5, 8.9, 6.8, 8.5], "texture": "#0"},
				"up": {"uv": [6.2, 8.1, 8, 10], "texture": "#0"},
				"down": {"uv": [6.2, 8.2, 7.8, 9.7], "texture": "#0"}
			}
		},
		{
			"from": [7.4, 19.05, 7],
			"to": [8.1, 19.75, 7.7],
			"faces": {
				"north": {"uv": [6.1, 8, 7.3, 9.3], "texture": "#0"},
				"east": {"uv": [6.1, 8.1, 8, 9.8], "texture": "#0"},
				"south": {"uv": [6.4, 8.1, 7.3, 9.4], "texture": "#0"},
				"west": {"uv": [6.5, 8.9, 6.8, 8.5], "texture": "#0"},
				"up": {"uv": [6.2, 8.1, 8, 10], "texture": "#0"},
				"down": {"uv": [6.2, 8.2, 7.8, 9.7], "texture": "#0"}
			}
		},
		{
			"from": [7.7, 19.75, 7],
			"to": [8.4, 20.45, 7.7],
			"faces": {
				"north": {"uv": [6.1, 8, 7.3, 9.3], "texture": "#0"},
				"east": {"uv": [6.1, 8.1, 8, 9.8], "texture": "#0"},
				"south": {"uv": [6.4, 8.1, 7.3, 9.4], "texture": "#0"},
				"west": {"uv": [6.5, 8.9, 6.8, 8.5], "texture": "#0"},
				"up": {"uv": [6.2, 8.1, 8, 10], "texture": "#0"},
				"down": {"uv": [6.2, 8.2, 7.8, 9.7], "texture": "#0"}
			}
		},
		{
			"from": [8.3, 20.45, 7],
			"to": [9, 21.15, 7.7],
			"faces": {
				"north": {"uv": [6.1, 8, 7.3, 9.3], "texture": "#0"},
				"east": {"uv": [6.1, 8.1, 8, 9.8], "texture": "#0"},
				"south": {"uv": [6.4, 8.1, 7.3, 9.4], "texture": "#0"},
				"west": {"uv": [6.5, 8.9, 6.8, 8.5], "texture": "#0"},
				"up": {"uv": [6.2, 8.1, 8, 10], "texture": "#0"},
				"down": {"uv": [6.2, 8.2, 7.8, 9.7], "texture": "#0"}
			}
		},
		{
			"from": [7.1, 17.75, 7],
			"to": [7.8, 18.45, 7.7],
			"faces": {
				"north": {"uv": [6.1, 8, 7.3, 9.3], "texture": "#0"},
				"east": {"uv": [6.1, 8.1, 8, 9.8], "texture": "#0"},
				"south": {"uv": [6.4, 8.1, 7.3, 9.4], "texture": "#0"},
				"west": {"uv": [6.5, 8.9, 6.8, 8.5], "texture": "#0"},
				"up": {"uv": [6.2, 8.1, 8, 10], "texture": "#0"},
				"down": {"uv": [6.2, 8.2, 7.8, 9.7], "texture": "#0"}
			}
		},
		{
			"from": [6.4, 17.25, 7],
			"to": [7.1, 17.95, 7.7],
			"faces": {
				"north": {"uv": [6.1, 8, 7.3, 9.3], "texture": "#0"},
				"east": {"uv": [6.1, 8.1, 8, 9.8], "texture": "#0"},
				"south": {"uv": [6.4, 8.1, 7.3, 9.4], "texture": "#0"},
				"west": {"uv": [6.5, 8.9, 6.8, 8.5], "texture": "#0"},
				"up": {"uv": [6.2, 8.1, 8, 10], "texture": "#0"},
				"down": {"uv": [6.2, 8.2, 7.8, 9.7], "texture": "#0"}
			}
		},
		{
			"from": [6.2, 16.65, 6.9],
			"to": [6.9, 17.35, 7.6],
			"faces": {
				"north": {"uv": [6.1, 8, 7.3, 9.3], "texture": "#0"},
				"east": {"uv": [6.1, 8.1, 8, 9.8], "texture": "#0"},
				"south": {"uv": [6.4, 8.1, 7.3, 9.4], "texture": "#0"},
				"west": {"uv": [6.5, 8.9, 6.8, 8.5], "texture": "#0"},
				"up": {"uv": [6.2, 8.1, 8, 10], "texture": "#0"},
				"down": {"uv": [6.2, 8.2, 7.8, 9.7], "texture": "#0"}
			}
		},
		{
			"from": [6.1, 16.25, 7.4],
			"to": [6.8, 16.95, 8.1],
			"faces": {
				"north": {"uv": [6.1, 8, 7.3, 9.3], "texture": "#0"},
				"east": {"uv": [6.1, 8.1, 8, 9.8], "texture": "#0"},
				"south": {"uv": [6.4, 8.1, 7.3, 9.4], "texture": "#0"},
				"west": {"uv": [6.5, 8.9, 6.8, 8.5], "texture": "#0"},
				"up": {"uv": [6.2, 8.1, 8, 10], "texture": "#0"},
				"down": {"uv": [6.2, 8.2, 7.8, 9.7], "texture": "#0"}
			}
		},
		{
			"from": [8, 19.95, 8],
			"to": [8.95, 20.9, 8.7],
			"faces": {
				"north": {"uv": [6.1, 8, 7.55, 9.55], "texture": "#0"},
				"east": {"uv": [6.1, 8.1, 8, 10.05], "texture": "#0"},
				"south": {"uv": [7.5, 8.1, 6.45, 9.65], "texture": "#0"},
				"west": {"uv": [6.5, 8.9, 6.8, 8.5], "texture": "#0"},
				"up": {"uv": [6.2, 8.1, 8.15, 10], "texture": "#0"},
				"down": {"uv": [6.2, 8.2, 8.05, 9.7], "texture": "#0"}
			}
		},
		{
			"from": [7.5, 19.25, 7.9],
			"to": [8.45, 20.2, 8.6],
			"faces": {
				"north": {"uv": [6.1, 8, 7.55, 9.55], "texture": "#0"},
				"east": {"uv": [6.1, 8.1, 8, 10.05], "texture": "#0"},
				"south": {"uv": [7.5, 8.1, 6.45, 9.65], "texture": "#0"},
				"west": {"uv": [6.5, 8.9, 6.8, 8.5], "texture": "#0"},
				"up": {"uv": [6.2, 8.1, 8.15, 10], "texture": "#0"},
				"down": {"uv": [6.2, 8.2, 8.05, 9.7], "texture": "#0"}
			}
		},
		{
			"from": [7.5, 17.75, 7.9],
			"to": [8.45, 18.7, 8.6],
			"faces": {
				"north": {"uv": [6.1, 8, 7.55, 9.55], "texture": "#0"},
				"east": {"uv": [6.1, 8.1, 8, 10.05], "texture": "#0"},
				"south": {"uv": [7.5, 8.1, 6.45, 9.65], "texture": "#0"},
				"west": {"uv": [6.5, 8.9, 6.8, 8.5], "texture": "#0"},
				"up": {"uv": [6.2, 8.1, 8.15, 10], "texture": "#0"},
				"down": {"uv": [6.2, 8.2, 8.05, 9.7], "texture": "#0"}
			}
		},
		{
			"from": [6.2, 16.15, 7.9],
			"to": [7.15, 17.1, 8.6],
			"faces": {
				"north": {"uv": [6.1, 8, 7.55, 9.55], "texture": "#0"},
				"east": {"uv": [6.1, 8.1, 8, 10.05], "texture": "#0"},
				"south": {"uv": [7.5, 8.1, 6.45, 9.65], "texture": "#0"},
				"west": {"uv": [6.5, 8.9, 6.8, 8.5], "texture": "#0"},
				"up": {"uv": [6.2, 8.1, 8.15, 10], "texture": "#0"},
				"down": {"uv": [6.2, 8.2, 8.05, 9.7], "texture": "#0"}
			}
		},
		{
			"from": [8.2, 18.55, 8],
			"to": [9.15, 19.5, 8.7],
			"faces": {
				"north": {"uv": [6.1, 8, 7.55, 9.55], "texture": "#0"},
				"east": {"uv": [6.1, 8.1, 8, 10.05], "texture": "#0"},
				"south": {"uv": [7.5, 8.1, 6.45, 9.65], "texture": "#0"},
				"west": {"uv": [6.5, 8.9, 6.8, 8.5], "texture": "#0"},
				"up": {"uv": [6.2, 8.1, 8.15, 10], "texture": "#0"},
				"down": {"uv": [6.2, 8.2, 8.05, 9.7], "texture": "#0"}
			}
		},
		{
			"from": [6.7, 16.95, 8],
			"to": [7.65, 17.9, 8.7],
			"faces": {
				"north": {"uv": [6.1, 8, 7.55, 9.55], "texture": "#0"},
				"east": {"uv": [6.1, 8.1, 8, 10.05], "texture": "#0"},
				"south": {"uv": [7.5, 8.1, 6.45, 9.65], "texture": "#0"},
				"west": {"uv": [6.5, 8.9, 6.8, 8.5], "texture": "#0"},
				"up": {"uv": [6.2, 8.1, 8.15, 10], "texture": "#0"},
				"down": {"uv": [6.2, 8.2, 8.05, 9.7], "texture": "#0"}
			}
		},
		{
			"from": [6.7, 15.25, 8],
			"to": [7.65, 16.2, 8.7],
			"faces": {
				"north": {"uv": [6.1, 8, 7.55, 9.55], "texture": "#0"},
				"east": {"uv": [6.1, 8.1, 8, 10.05], "texture": "#0"},
				"south": {"uv": [7.5, 8.1, 6.45, 9.65], "texture": "#0"},
				"west": {"uv": [6.5, 8.9, 6.8, 8.5], "texture": "#0"},
				"up": {"uv": [6.2, 8.1, 8.15, 10], "texture": "#0"},
				"down": {"uv": [6.2, 8.2, 8.05, 9.7], "texture": "#0"}
			}
		},
		{
			"from": [8.4, 18.05, 7.9],
			"to": [9.35, 19, 8.6],
			"faces": {
				"north": {"uv": [6.1, 8, 7.8, 9.8], "texture": "#0"},
				"east": {"uv": [13.1, 15.9, 15.5, 16], "texture": "#0"},
				"south": {"uv": [8.5, 8.1, 7.7, 9.9], "texture": "#0"},
				"west": {"uv": [12.8, 16, 14.2, 15.5], "texture": "#0"},
				"up": {"uv": [15.4, 16, 12.6, 16], "texture": "#0"},
				"down": {"uv": [16, 16, 15.2, 15.7], "texture": "#0"}
			}
		},
		{
			"from": [7.9, 15.65, 7.3],
			"to": [8.6, 16.35, 8],
			"faces": {
				"north": {"uv": [6.1, 8, 7.3, 9.3], "texture": "#0"},
				"east": {"uv": [6.1, 8.1, 8, 9.8], "texture": "#0"},
				"south": {"uv": [6.4, 8.1, 7.3, 9.4], "texture": "#0"},
				"west": {"uv": [6.5, 8.9, 6.8, 8.5], "texture": "#0"},
				"up": {"uv": [6.2, 8.1, 8, 10], "texture": "#0"},
				"down": {"uv": [6.2, 8.2, 7.8, 9.7], "texture": "#0"}
			}
		},
		{
			"from": [7.91, 15.96, 7.01],
			"to": [8.59, 16.64, 7.69],
			"faces": {
				"north": {"uv": [6.1, 8, 7.3, 9.3], "texture": "#0"},
				"east": {"uv": [6.1, 8.1, 8, 9.8], "texture": "#0"},
				"south": {"uv": [6.4, 8.1, 7.3, 9.4], "texture": "#0"},
				"west": {"uv": [6.5, 8.9, 6.8, 8.5], "texture": "#0"},
				"up": {"uv": [6.2, 8.1, 8, 10], "texture": "#0"},
				"down": {"uv": [6.2, 8.2, 7.8, 9.7], "texture": "#0"}
			}
		},
		{
			"from": [8.3, 16.55, 7],
			"to": [9, 17.25, 7.7],
			"faces": {
				"north": {"uv": [6.1, 8, 7.3, 9.3], "texture": "#0"},
				"east": {"uv": [6.1, 8.1, 8, 9.8], "texture": "#0"},
				"south": {"uv": [6.4, 8.1, 7.3, 9.4], "texture": "#0"},
				"west": {"uv": [6.5, 8.9, 6.8, 8.5], "texture": "#0"},
				"up": {"uv": [6.2, 8.1, 8, 10], "texture": "#0"},
				"down": {"uv": [6.2, 8.2, 7.8, 9.7], "texture": "#0"}
			}
		},
		{
			"from": [8.1999, 17.1499, 6.9999],
			"to": [8.6501, 17.6001, 7.7001],
			"faces": {
				"north": {"uv": [6.1, 8, 7.3, 9.3], "texture": "#0"},
				"east": {"uv": [6.1, 8.1, 8, 9.8], "texture": "#0"},
				"south": {"uv": [6.4, 8.1, 7.3, 9.4], "texture": "#0"},
				"west": {"uv": [6.5, 8.9, 6.8, 8.5], "texture": "#0"},
				"up": {"uv": [6.2, 8.1, 8, 10], "texture": "#0"},
				"down": {"uv": [6.2, 8.2, 7.8, 9.7], "texture": "#0"}
			}
		},
		{
			"from": [8.7999, 17.1499, 6.9999],
			"to": [9.2501, 17.6001, 7.7001],
			"faces": {
				"north": {"uv": [6.1, 8, 7.3, 9.3], "texture": "#0"},
				"east": {"uv": [6.1, 8.1, 8, 9.8], "texture": "#0"},
				"south": {"uv": [6.4, 8.1, 7.3, 9.4], "texture": "#0"},
				"west": {"uv": [6.5, 8.9, 6.8, 8.5], "texture": "#0"},
				"up": {"uv": [6.2, 8.1, 8, 10], "texture": "#0"},
				"down": {"uv": [6.2, 8.2, 7.8, 9.7], "texture": "#0"}
			}
		},
		{
			"from": [7.6, 14.95, 7.7],
			"to": [8.3, 15.65, 8.4],
			"faces": {
				"north": {"uv": [6.1, 8, 7.3, 9.3], "texture": "#0"},
				"east": {"uv": [6.1, 8.1, 8, 9.8], "texture": "#0"},
				"south": {"uv": [6.4, 8.1, 7.3, 9.4], "texture": "#0"},
				"west": {"uv": [6.5, 8.9, 6.8, 8.5], "texture": "#0"},
				"up": {"uv": [6.2, 8.1, 8, 10], "texture": "#0"},
				"down": {"uv": [6.2, 8.2, 7.8, 9.7], "texture": "#0"}
			}
		},
		{
			"from": [7.2999, 14.4499, 7.6999],
			"to": [8.0001, 15.1501, 8.4001],
			"faces": {
				"north": {"uv": [6.1, 8, 7.3, 9.3], "texture": "#0"},
				"east": {"uv": [6.1, 8.1, 8, 9.8], "texture": "#0"},
				"south": {"uv": [6.4, 8.1, 7.3, 9.4], "texture": "#0"},
				"west": {"uv": [6.5, 8.9, 6.8, 8.5], "texture": "#0"},
				"up": {"uv": [6.2, 8.1, 8, 10], "texture": "#0"},
				"down": {"uv": [6.2, 8.2, 7.8, 9.7], "texture": "#0"}
			}
		},
		{
			"from": [7, 13.95, 7.7],
			"to": [7.7, 14.65, 8.4],
			"faces": {
				"north": {"uv": [6.1, 8, 7.3, 9.3], "texture": "#0"},
				"east": {"uv": [6.1, 8.1, 8, 9.8], "texture": "#0"},
				"south": {"uv": [6.4, 8.1, 7.3, 9.4], "texture": "#0"},
				"west": {"uv": [6.5, 9.9, 7.8, 8.5], "texture": "#0"},
				"up": {"uv": [6.2, 8.1, 8, 10], "texture": "#0"},
				"down": {"uv": [6.2, 8.2, 7.8, 9.7], "texture": "#0"}
			}
		},
		{
			"from": [6.9999, 13.4499, 7.4999],
			"to": [7.7001, 14.1501, 8.2001],
			"faces": {
				"north": {"uv": [6.1, 8, 7.3, 9.3], "texture": "#0"},
				"east": {"uv": [6.1, 8.1, 8, 9.8], "texture": "#0"},
				"south": {"uv": [6.4, 8.1, 7.3, 9.4], "texture": "#0"},
				"west": {"uv": [6.5, 9.9, 7.8, 8.5], "texture": "#0"},
				"up": {"uv": [6.2, 8.1, 8, 10], "texture": "#0"},
				"down": {"uv": [6.2, 8.2, 7.8, 9.7], "texture": "#0"}
			}
		},
		{
			"from": [7, 12.95, 7.2],
			"to": [7.7, 13.65, 7.9],
			"faces": {
				"north": {"uv": [6.1, 8, 7.3, 9.3], "texture": "#0"},
				"east": {"uv": [6.1, 8.1, 8, 9.8], "texture": "#0"},
				"south": {"uv": [6.4, 8.1, 7.3, 9.4], "texture": "#0"},
				"west": {"uv": [6.5, 9.9, 7.8, 8.5], "texture": "#0"},
				"up": {"uv": [6.2, 8.1, 8, 10], "texture": "#0"},
				"down": {"uv": [6.2, 8.2, 7.8, 9.7], "texture": "#0"}
			}
		},
		{
			"from": [6.9999, 12.4499, 7.0999],
			"to": [7.7001, 13.0501, 7.8001],
			"faces": {
				"north": {"uv": [6.1, 8, 7.3, 9.3], "texture": "#0"},
				"east": {"uv": [6.1, 8.1, 8, 9.8], "texture": "#0"},
				"south": {"uv": [6.4, 8.1, 7.3, 9.4], "texture": "#0"},
				"west": {"uv": [6.5, 9.9, 7.8, 8.5], "texture": "#0"},
				"up": {"uv": [6.2, 8.1, 8, 10], "texture": "#0"},
				"down": {"uv": [6.2, 8.2, 7.8, 9.7], "texture": "#0"}
			}
		},
		{
			"from": [7.2999, 11.9499, 7.0999],
			"to": [8.0001, 12.6501, 7.8001],
			"faces": {
				"north": {"uv": [6.1, 8, 7.3, 9.3], "texture": "#0"},
				"east": {"uv": [6.1, 8.1, 8, 9.8], "texture": "#0"},
				"south": {"uv": [6.4, 8.1, 7.3, 9.4], "texture": "#0"},
				"west": {"uv": [6.5, 8.9, 6.8, 8.5], "texture": "#0"},
				"up": {"uv": [6.2, 8.1, 8, 10], "texture": "#0"},
				"down": {"uv": [6.2, 8.2, 7.8, 9.7], "texture": "#0"}
			}
		},
		{
			"from": [7.6, 11.45, 7.1],
			"to": [8.3, 12.05, 7.8],
			"faces": {
				"north": {"uv": [6.1, 8, 7.3, 9.3], "texture": "#0"},
				"east": {"uv": [6.1, 8.1, 8, 9.8], "texture": "#0"},
				"south": {"uv": [6.4, 8.1, 7.3, 9.4], "texture": "#0"},
				"west": {"uv": [6.5, 8.9, 6.8, 8.5], "texture": "#0"},
				"up": {"uv": [6.2, 8.1, 8, 10], "texture": "#0"},
				"down": {"uv": [6.2, 8.2, 7.8, 9.7], "texture": "#0"}
			}
		},
		{
			"from": [7.8999, 10.9499, 7.0999],
			"to": [8.6001, 11.6501, 7.8001],
			"faces": {
				"north": {"uv": [6.1, 8, 7.3, 9.3], "texture": "#0"},
				"east": {"uv": [6.1, 8.1, 8, 9.8], "texture": "#0"},
				"south": {"uv": [6.4, 8.1, 7.3, 9.4], "texture": "#0"},
				"west": {"uv": [6.5, 8.9, 6.8, 8.5], "texture": "#0"},
				"up": {"uv": [6.2, 8.1, 8, 10], "texture": "#0"},
				"down": {"uv": [6.2, 8.2, 7.8, 9.7], "texture": "#0"}
			}
		},
		{
			"from": [7.9, 10.45, 7.4],
			"to": [8.6, 11.15, 8.1],
			"faces": {
				"north": {"uv": [6.1, 8, 7.3, 9.3], "texture": "#0"},
				"east": {"uv": [6.1, 8.1, 8, 9.8], "texture": "#0"},
				"south": {"uv": [6.4, 8.1, 7.3, 9.4], "texture": "#0"},
				"west": {"uv": [6.5, 8.9, 6.8, 8.5], "texture": "#0"},
				"up": {"uv": [6.2, 8.1, 8, 10], "texture": "#0"},
				"down": {"uv": [6.2, 8.2, 7.8, 9.7], "texture": "#0"}
			}
		},
		{
			"from": [7.8999, 9.9499, 7.6999],
			"to": [8.6001, 10.6501, 8.4001],
			"faces": {
				"north": {"uv": [6.1, 8, 7.3, 9.3], "texture": "#0"},
				"east": {"uv": [6.1, 8.1, 8, 9.8], "texture": "#0"},
				"south": {"uv": [6.4, 8.1, 7.3, 9.4], "texture": "#0"},
				"west": {"uv": [6.5, 8.9, 6.8, 8.5], "texture": "#0"},
				"up": {"uv": [6.2, 8.1, 8, 10], "texture": "#0"},
				"down": {"uv": [6.2, 8.2, 7.8, 9.7], "texture": "#0"}
			}
		},
		{
			"from": [7.2999, 8.9499, 7.6999],
			"to": [8.0001, 9.6501, 8.4001],
			"faces": {
				"north": {"uv": [6.1, 8, 7.3, 9.3], "texture": "#0"},
				"east": {"uv": [6.1, 8.1, 8, 9.8], "texture": "#0"},
				"south": {"uv": [6.4, 8.1, 7.3, 9.4], "texture": "#0"},
				"west": {"uv": [6.5, 8.9, 6.8, 8.5], "texture": "#0"},
				"up": {"uv": [6.2, 8.1, 8, 10], "texture": "#0"},
				"down": {"uv": [6.2, 8.2, 7.8, 9.7], "texture": "#0"}
			}
		},
		{
			"from": [7, 8.45, 7.7],
			"to": [7.7, 9.15, 8.4],
			"faces": {
				"north": {"uv": [6.1, 8, 7.3, 9.3], "texture": "#0"},
				"east": {"uv": [6.1, 8.1, 8, 9.8], "texture": "#0"},
				"south": {"uv": [6.4, 8.1, 7.3, 9.4], "texture": "#0"},
				"west": {"uv": [6.5, 8.9, 6.8, 8.5], "texture": "#0"},
				"up": {"uv": [6.2, 8.1, 8, 10], "texture": "#0"},
				"down": {"uv": [6.2, 8.2, 7.8, 9.7], "texture": "#0"}
			}
		},
		{
			"from": [7, 7.15, 7.7],
			"to": [7.7, 7.85, 8.4],
			"faces": {
				"north": {"uv": [6.1, 8, 7.3, 9.3], "texture": "#0"},
				"east": {"uv": [6.1, 8.1, 8, 9.8], "texture": "#0"},
				"south": {"uv": [6.4, 8.1, 7.3, 9.4], "texture": "#0"},
				"west": {"uv": [6.5, 8.9, 6.8, 8.5], "texture": "#0"},
				"up": {"uv": [6.2, 8.1, 8, 10], "texture": "#0"},
				"down": {"uv": [6.2, 8.2, 7.8, 9.7], "texture": "#0"}
			}
		},
		{
			"from": [7.4, 6.45, 7.7],
			"to": [8.1, 7.15, 8.4],
			"faces": {
				"north": {"uv": [6.1, 8, 7.3, 9.3], "texture": "#0"},
				"east": {"uv": [6.1, 8.1, 8, 9.8], "texture": "#0"},
				"south": {"uv": [6.4, 8.1, 7.3, 9.4], "texture": "#0"},
				"west": {"uv": [6.5, 8.9, 6.8, 8.5], "texture": "#0"},
				"up": {"uv": [6.2, 8.1, 8, 10], "texture": "#0"},
				"down": {"uv": [6.2, 8.2, 7.8, 9.7], "texture": "#0"}
			}
		},
		{
			"from": [7.9, 5.75, 7.7],
			"to": [8.6, 6.45, 8.4],
			"faces": {
				"north": {"uv": [6.1, 8, 7.3, 9.3], "texture": "#0"},
				"east": {"uv": [6.1, 8.1, 8, 9.8], "texture": "#0"},
				"south": {"uv": [6.4, 8.1, 7.3, 9.4], "texture": "#0"},
				"west": {"uv": [6.5, 8.9, 6.8, 8.5], "texture": "#0"},
				"up": {"uv": [6.2, 8.1, 8, 10], "texture": "#0"},
				"down": {"uv": [6.2, 8.2, 7.8, 9.7], "texture": "#0"}
			}
		},
		{
			"from": [7.5, 5.05, 7.7],
			"to": [8.2, 5.75, 8.4],
			"faces": {
				"north": {"uv": [6.1, 8, 7.3, 9.3], "texture": "#0"},
				"east": {"uv": [6.1, 8.1, 8, 9.8], "texture": "#0"},
				"south": {"uv": [6.4, 8.1, 7.3, 9.4], "texture": "#0"},
				"west": {"uv": [6.5, 8.9, 6.8, 8.5], "texture": "#0"},
				"up": {"uv": [6.2, 8.1, 8, 10], "texture": "#0"},
				"down": {"uv": [6.2, 8.2, 7.8, 9.7], "texture": "#0"}
			}
		},
		{
			"from": [7, 4.35, 7.7],
			"to": [7.7, 5.05, 8.4],
			"faces": {
				"north": {"uv": [6.1, 8, 7.3, 9.3], "texture": "#0"},
				"east": {"uv": [6.1, 8.1, 8, 9.8], "texture": "#0"},
				"south": {"uv": [6.4, 8.1, 7.3, 9.4], "texture": "#0"},
				"west": {"uv": [6.5, 8.9, 6.8, 8.5], "texture": "#0"},
				"up": {"uv": [6.2, 8.1, 8, 10], "texture": "#0"},
				"down": {"uv": [6.2, 8.2, 7.8, 9.7], "texture": "#0"}
			}
		},
		{
			"from": [7.4, 3.65, 7.7],
			"to": [8.1, 4.35, 8.4],
			"faces": {
				"north": {"uv": [6.1, 8, 7.3, 9.3], "texture": "#0"},
				"east": {"uv": [6.1, 8.1, 8, 9.8], "texture": "#0"},
				"south": {"uv": [6.4, 8.1, 7.3, 9.4], "texture": "#0"},
				"west": {"uv": [6.5, 8.9, 6.8, 8.5], "texture": "#0"},
				"up": {"uv": [6.2, 8.1, 8, 10], "texture": "#0"},
				"down": {"uv": [6.2, 8.2, 7.8, 9.7], "texture": "#0"}
			}
		},
		{
			"from": [7.9, 2.95, 7.7],
			"to": [8.6, 3.65, 8.4],
			"faces": {
				"north": {"uv": [6.1, 8, 7.3, 9.3], "texture": "#0"},
				"east": {"uv": [6.1, 8.1, 8, 9.8], "texture": "#0"},
				"south": {"uv": [6.4, 8.1, 7.3, 9.4], "texture": "#0"},
				"west": {"uv": [6.5, 8.9, 6.8, 8.5], "texture": "#0"},
				"up": {"uv": [6.2, 8.1, 8, 10], "texture": "#0"},
				"down": {"uv": [6.2, 8.2, 7.8, 9.7], "texture": "#0"}
			}
		},
		{
			"from": [7.9, 2.25, 7.4],
			"to": [8.6, 2.95, 8.1],
			"faces": {
				"north": {"uv": [6.1, 8, 7.3, 9.3], "texture": "#0"},
				"east": {"uv": [6.1, 8.1, 8, 9.8], "texture": "#0"},
				"south": {"uv": [6.4, 8.1, 7.3, 9.4], "texture": "#0"},
				"west": {"uv": [6.5, 8.9, 6.8, 8.5], "texture": "#0"},
				"up": {"uv": [6.2, 8.1, 8, 10], "texture": "#0"},
				"down": {"uv": [6.2, 8.2, 7.8, 9.7], "texture": "#0"}
			}
		},
		{
			"from": [7.9, 1.55, 7.1],
			"to": [8.6, 2.25, 7.8],
			"faces": {
				"north": {"uv": [6.1, 8, 7.3, 9.3], "texture": "#0"},
				"east": {"uv": [6.1, 8.1, 8, 9.8], "texture": "#0"},
				"south": {"uv": [6.4, 8.1, 7.3, 9.4], "texture": "#0"},
				"west": {"uv": [6.5, 8.9, 6.8, 8.5], "texture": "#0"},
				"up": {"uv": [6.2, 8.1, 8, 10], "texture": "#0"},
				"down": {"uv": [6.2, 8.2, 7.8, 9.7], "texture": "#0"}
			}
		},
		{
			"from": [7.3, 0.85, 7.1],
			"to": [8, 1.55, 7.8],
			"faces": {
				"north": {"uv": [6.1, 8, 7.3, 9.3], "texture": "#0"},
				"east": {"uv": [6.1, 8.1, 8, 9.8], "texture": "#0"},
				"south": {"uv": [6.4, 8.1, 7.3, 9.4], "texture": "#0"},
				"west": {"uv": [6.5, 8.9, 6.8, 8.5], "texture": "#0"},
				"up": {"uv": [6.2, 8.1, 8, 10], "texture": "#0"},
				"down": {"uv": [6.2, 8.2, 7.8, 9.7], "texture": "#0"}
			}
		},
		{
			"from": [7, 0.15, 7.1],
			"to": [7.7, 0.85, 7.8],
			"faces": {
				"north": {"uv": [6.1, 8, 7.3, 9.3], "texture": "#0"},
				"east": {"uv": [6.1, 8.1, 8, 9.8], "texture": "#0"},
				"south": {"uv": [6.4, 8.1, 7.3, 9.4], "texture": "#0"},
				"west": {"uv": [6.5, 8.9, 6.8, 8.5], "texture": "#0"},
				"up": {"uv": [6.2, 8.1, 8, 10], "texture": "#0"},
				"down": {"uv": [6.2, 8.2, 7.8, 9.7], "texture": "#0"}
			}
		},
		{
			"from": [7, 0.85, 7.7],
			"to": [7.7, 1.55, 8.4],
			"faces": {
				"north": {"uv": [6.1, 8, 7.3, 9.3], "texture": "#0"},
				"east": {"uv": [6.1, 8.1, 8, 9.8], "texture": "#0"},
				"south": {"uv": [6.4, 8.1, 7.3, 9.4], "texture": "#0"},
				"west": {"uv": [6.5, 8.9, 6.8, 8.5], "texture": "#0"},
				"up": {"uv": [6.2, 8.1, 8, 10], "texture": "#0"},
				"down": {"uv": [6.2, 8.2, 7.8, 9.7], "texture": "#0"}
			}
		},
		{
			"from": [7.6, 1.55, 7.7],
			"to": [8.3, 2.25, 8.4],
			"faces": {
				"north": {"uv": [6.1, 8, 7.3, 9.3], "texture": "#0"},
				"east": {"uv": [6.1, 8.1, 8, 9.8], "texture": "#0"},
				"south": {"uv": [6.4, 8.1, 7.3, 9.4], "texture": "#0"},
				"west": {"uv": [6.5, 8.9, 6.8, 8.5], "texture": "#0"},
				"up": {"uv": [6.2, 8.1, 8, 10], "texture": "#0"},
				"down": {"uv": [6.2, 8.2, 7.8, 9.7], "texture": "#0"}
			}
		},
		{
			"from": [7.3, 2.25, 7.7],
			"to": [8, 2.95, 8.4],
			"faces": {
				"north": {"uv": [6.1, 8, 7.3, 9.3], "texture": "#0"},
				"east": {"uv": [6.1, 8.1, 8, 9.8], "texture": "#0"},
				"south": {"uv": [6.4, 8.1, 7.3, 9.4], "texture": "#0"},
				"west": {"uv": [6.5, 8.9, 6.8, 8.5], "texture": "#0"},
				"up": {"uv": [6.2, 8.1, 8, 10], "texture": "#0"},
				"down": {"uv": [6.2, 8.2, 7.8, 9.7], "texture": "#0"}
			}
		},
		{
			"from": [7, -0.55, 7.7],
			"to": [7.7, 0.15, 8.4],
			"faces": {
				"north": {"uv": [6.1, 8, 7.3, 9.3], "texture": "#0"},
				"east": {"uv": [6.1, 8.1, 8, 9.8], "texture": "#0"},
				"south": {"uv": [6.4, 8.1, 7.3, 9.4], "texture": "#0"},
				"west": {"uv": [6.5, 8.9, 6.8, 8.5], "texture": "#0"},
				"up": {"uv": [6.2, 8.1, 8, 10], "texture": "#0"},
				"down": {"uv": [6.2, 8.2, 7.8, 9.7], "texture": "#0"}
			}
		},
		{
			"from": [7.5, -1.25, 7.7],
			"to": [8.2, -0.55, 8.4],
			"faces": {
				"north": {"uv": [6.1, 8, 7.3, 9.3], "texture": "#0"},
				"east": {"uv": [6.1, 8.1, 8, 9.8], "texture": "#0"},
				"south": {"uv": [6.4, 8.1, 7.3, 9.4], "texture": "#0"},
				"west": {"uv": [6.5, 8.9, 6.8, 8.5], "texture": "#0"},
				"up": {"uv": [6.2, 8.1, 8, 10], "texture": "#0"},
				"down": {"uv": [6.2, 8.2, 7.8, 9.7], "texture": "#0"}
			}
		},
		{
			"from": [7.9, -1.95, 7.7],
			"to": [8.6, -1.25, 8.4],
			"faces": {
				"north": {"uv": [6.1, 8, 7.3, 9.3], "texture": "#0"},
				"east": {"uv": [6.1, 8.1, 8, 9.8], "texture": "#0"},
				"south": {"uv": [6.4, 8.1, 7.3, 9.4], "texture": "#0"},
				"west": {"uv": [6.5, 8.9, 6.8, 8.5], "texture": "#0"},
				"up": {"uv": [6.2, 8.1, 8, 10], "texture": "#0"},
				"down": {"uv": [6.2, 8.2, 7.8, 9.7], "texture": "#0"}
			}
		},
		{
			"from": [7.9, -2.65, 7.1],
			"to": [8.6, -1.95, 7.8],
			"faces": {
				"north": {"uv": [6.1, 8, 7.3, 9.3], "texture": "#0"},
				"east": {"uv": [6.1, 8.1, 8, 9.8], "texture": "#0"},
				"south": {"uv": [6.4, 8.1, 7.3, 9.4], "texture": "#0"},
				"west": {"uv": [6.5, 8.9, 6.8, 8.5], "texture": "#0"},
				"up": {"uv": [6.2, 8.1, 8, 10], "texture": "#0"},
				"down": {"uv": [6.2, 8.2, 7.8, 9.7], "texture": "#0"}
			}
		},
		{
			"from": [7.3, -1.95, 7.1],
			"to": [8, -1.25, 7.8],
			"faces": {
				"north": {"uv": [6.1, 8, 7.3, 9.3], "texture": "#0"},
				"east": {"uv": [6.1, 8.1, 8, 9.8], "texture": "#0"},
				"south": {"uv": [6.4, 8.1, 7.3, 9.4], "texture": "#0"},
				"west": {"uv": [6.5, 8.9, 6.8, 8.5], "texture": "#0"},
				"up": {"uv": [6.2, 8.1, 8, 10], "texture": "#0"},
				"down": {"uv": [6.2, 8.2, 7.8, 9.7], "texture": "#0"}
			}
		},
		{
			"from": [7, -1.25, 7.1],
			"to": [7.7, -0.55, 7.8],
			"faces": {
				"north": {"uv": [6.1, 8, 7.3, 9.3], "texture": "#0"},
				"east": {"uv": [6.1, 8.1, 8, 9.8], "texture": "#0"},
				"south": {"uv": [6.4, 8.1, 7.3, 9.4], "texture": "#0"},
				"west": {"uv": [6.5, 8.9, 6.8, 8.5], "texture": "#0"},
				"up": {"uv": [6.2, 8.1, 8, 10], "texture": "#0"},
				"down": {"uv": [6.2, 8.2, 7.8, 9.7], "texture": "#0"}
			}
		},
		{
			"from": [7.4, -3.35, 7.1],
			"to": [8.1, -2.65, 7.8],
			"faces": {
				"north": {"uv": [6.1, 8, 7.3, 9.3], "texture": "#0"},
				"east": {"uv": [6.1, 8.1, 8, 9.8], "texture": "#0"},
				"south": {"uv": [6.4, 8.1, 7.3, 9.4], "texture": "#0"},
				"west": {"uv": [6.5, 8.9, 6.8, 8.5], "texture": "#0"},
				"up": {"uv": [6.2, 8.1, 8, 10], "texture": "#0"},
				"down": {"uv": [6.2, 8.2, 7.8, 9.7], "texture": "#0"}
			}
		},
		{
			"from": [7, -4.05, 7.1],
			"to": [7.7, -3.35, 7.8],
			"faces": {
				"north": {"uv": [6.1, 8, 7.3, 9.3], "texture": "#0"},
				"east": {"uv": [6.1, 8.1, 8, 9.8], "texture": "#0"},
				"south": {"uv": [6.4, 8.1, 7.3, 9.4], "texture": "#0"},
				"west": {"uv": [6.5, 8.9, 6.8, 8.5], "texture": "#0"},
				"up": {"uv": [6.2, 8.1, 8, 10], "texture": "#0"},
				"down": {"uv": [6.2, 8.2, 7.8, 9.7], "texture": "#0"}
			}
		},
		{
			"from": [7, -3.35, 7.7],
			"to": [7.7, -2.65, 8.4],
			"faces": {
				"north": {"uv": [6.1, 8, 7.3, 9.3], "texture": "#0"},
				"east": {"uv": [6.1, 8.1, 8, 9.8], "texture": "#0"},
				"south": {"uv": [6.4, 8.1, 7.3, 9.4], "texture": "#0"},
				"west": {"uv": [6.5, 8.9, 6.8, 8.5], "texture": "#0"},
				"up": {"uv": [6.2, 8.1, 8, 10], "texture": "#0"},
				"down": {"uv": [6.2, 8.2, 7.8, 9.7], "texture": "#0"}
			}
		},
		{
			"from": [7.4, -2.65, 7.7],
			"to": [8.1, -1.95, 8.4],
			"faces": {
				"north": {"uv": [6.1, 8, 7.3, 9.3], "texture": "#0"},
				"east": {"uv": [6.1, 8.1, 8, 9.8], "texture": "#0"},
				"south": {"uv": [6.4, 8.1, 7.3, 9.4], "texture": "#0"},
				"west": {"uv": [6.5, 8.9, 6.8, 8.5], "texture": "#0"},
				"up": {"uv": [6.2, 8.1, 8, 10], "texture": "#0"},
				"down": {"uv": [6.2, 8.2, 7.8, 9.7], "texture": "#0"}
			}
		},
		{
			"from": [7, -4.75, 7.7],
			"to": [7.7, -4.05, 8.4],
			"faces": {
				"north": {"uv": [6.1, 8, 7.3, 9.3], "texture": "#0"},
				"east": {"uv": [6.1, 8.1, 8, 9.8], "texture": "#0"},
				"south": {"uv": [6.4, 8.1, 7.3, 9.4], "texture": "#0"},
				"west": {"uv": [6.5, 8.9, 6.8, 8.5], "texture": "#0"},
				"up": {"uv": [6.2, 8.1, 8, 10], "texture": "#0"},
				"down": {"uv": [6.2, 8.2, 7.8, 9.7], "texture": "#0"}
			}
		},
		{
			"from": [7.4, -5.45, 7.7],
			"to": [8.1, -4.75, 8.4],
			"faces": {
				"north": {"uv": [6.1, 8, 7.3, 9.3], "texture": "#0"},
				"east": {"uv": [6.1, 8.1, 8, 9.8], "texture": "#0"},
				"south": {"uv": [6.4, 8.1, 7.3, 9.4], "texture": "#0"},
				"west": {"uv": [6.5, 8.9, 6.8, 8.5], "texture": "#0"},
				"up": {"uv": [6.2, 8.1, 8, 10], "texture": "#0"},
				"down": {"uv": [6.2, 8.2, 7.8, 9.7], "texture": "#0"}
			}
		},
		{
			"from": [7.9, -6.15, 7.7],
			"to": [8.6, -5.45, 8.4],
			"faces": {
				"north": {"uv": [6.1, 8, 7.3, 9.3], "texture": "#0"},
				"east": {"uv": [6.1, 8.1, 8, 9.8], "texture": "#0"},
				"south": {"uv": [6.4, 8.1, 7.3, 9.4], "texture": "#0"},
				"west": {"uv": [6.5, 8.9, 6.8, 8.5], "texture": "#0"},
				"up": {"uv": [6.2, 8.1, 8, 10], "texture": "#0"},
				"down": {"uv": [6.2, 8.2, 7.8, 9.7], "texture": "#0"}
			}
		},
		{
			"from": [7.9, -6.85, 7.1],
			"to": [8.6, -6.15, 7.8],
			"faces": {
				"north": {"uv": [6.1, 8, 7.3, 9.3], "texture": "#0"},
				"east": {"uv": [6.1, 8.1, 8, 9.8], "texture": "#0"},
				"south": {"uv": [6.4, 8.1, 7.3, 9.4], "texture": "#0"},
				"west": {"uv": [6.5, 8.9, 6.8, 8.5], "texture": "#0"},
				"up": {"uv": [6.2, 8.1, 8, 10], "texture": "#0"},
				"down": {"uv": [6.2, 8.2, 7.8, 9.7], "texture": "#0"}
			}
		},
		{
			"from": [7.4, -7.55, 7.1],
			"to": [8.1, -6.85, 7.8],
			"faces": {
				"north": {"uv": [6.1, 8, 7.3, 9.3], "texture": "#0"},
				"east": {"uv": [6.1, 8.1, 8, 9.8], "texture": "#0"},
				"south": {"uv": [6.4, 8.1, 7.3, 9.4], "texture": "#0"},
				"west": {"uv": [6.5, 8.9, 6.8, 8.5], "texture": "#0"},
				"up": {"uv": [6.2, 8.1, 8, 10], "texture": "#0"},
				"down": {"uv": [6.2, 8.2, 7.8, 9.7], "texture": "#0"}
			}
		},
		{
			"from": [7.9, -7.55, 7.5],
			"to": [8.6, -6.85, 8.2],
			"faces": {
				"north": {"uv": [6.1, 8, 7.3, 9.3], "texture": "#0"},
				"east": {"uv": [6.1, 8.1, 8, 9.8], "texture": "#0"},
				"south": {"uv": [6.4, 8.1, 7.3, 9.4], "texture": "#0"},
				"west": {"uv": [6.5, 8.9, 6.8, 8.5], "texture": "#0"},
				"up": {"uv": [6.2, 8.1, 8, 10], "texture": "#0"},
				"down": {"uv": [6.2, 8.2, 7.8, 9.7], "texture": "#0"}
			}
		},
		{
			"from": [7.9, 4.35, 7.7],
			"to": [8.6, 5.05, 8.4],
			"faces": {
				"north": {"uv": [6.1, 8, 7.3, 9.3], "texture": "#0"},
				"east": {"uv": [6.1, 8.1, 8, 9.8], "texture": "#0"},
				"south": {"uv": [6.4, 8.1, 7.3, 9.4], "texture": "#0"},
				"west": {"uv": [6.5, 8.9, 6.8, 8.5], "texture": "#0"},
				"up": {"uv": [6.2, 8.1, 8, 10], "texture": "#0"},
				"down": {"uv": [6.2, 8.2, 7.8, 9.7], "texture": "#0"}
			}
		},
		{
			"from": [7.9, 3.65, 7.1],
			"to": [8.6, 4.25, 7.8],
			"faces": {
				"north": {"uv": [6.1, 8, 7.3, 9.3], "texture": "#0"},
				"east": {"uv": [6.1, 8.1, 8, 9.8], "texture": "#0"},
				"south": {"uv": [6.4, 8.1, 7.3, 9.4], "texture": "#0"},
				"west": {"uv": [6.5, 8.9, 6.8, 8.5], "texture": "#0"},
				"up": {"uv": [6.2, 8.1, 8, 10], "texture": "#0"},
				"down": {"uv": [6.2, 8.2, 7.8, 9.7], "texture": "#0"}
			}
		},
		{
			"from": [7.2, 4.05, 7.1],
			"to": [7.9, 4.75, 7.8],
			"faces": {
				"north": {"uv": [6.1, 8, 7.3, 9.3], "texture": "#0"},
				"east": {"uv": [6.1, 8.1, 8, 9.8], "texture": "#0"},
				"south": {"uv": [6.4, 8.1, 7.3, 9.4], "texture": "#0"},
				"west": {"uv": [6.5, 8.9, 6.8, 8.5], "texture": "#0"},
				"up": {"uv": [6.2, 8.1, 8, 10], "texture": "#0"},
				"down": {"uv": [6.2, 8.2, 7.8, 9.7], "texture": "#0"}
			}
		},
		{
			"from": [7.01, 3.96, 7.11],
			"to": [7.69, 4.54, 7.79],
			"faces": {
				"north": {"uv": [6.1, 8, 7.3, 9.3], "texture": "#0"},
				"east": {"uv": [6.1, 8.1, 8, 9.8], "texture": "#0"},
				"south": {"uv": [6.4, 8.1, 7.3, 9.4], "texture": "#0"},
				"west": {"uv": [6.5, 8.9, 6.8, 8.5], "texture": "#0"},
				"up": {"uv": [6.2, 8.1, 8, 10], "texture": "#0"},
				"down": {"uv": [6.2, 8.2, 7.8, 9.7], "texture": "#0"}
			}
		},
		{
			"from": [7.9, 6.45, 7.1],
			"to": [8.6, 7.15, 7.8],
			"faces": {
				"north": {"uv": [6.1, 8, 7.3, 9.3], "texture": "#0"},
				"east": {"uv": [6.1, 8.1, 8, 9.8], "texture": "#0"},
				"south": {"uv": [6.4, 8.1, 7.3, 9.4], "texture": "#0"},
				"west": {"uv": [6.5, 8.9, 6.8, 8.5], "texture": "#0"},
				"up": {"uv": [6.2, 8.1, 8, 10], "texture": "#0"},
				"down": {"uv": [6.2, 8.2, 7.8, 9.7], "texture": "#0"}
			}
		},
		{
			"from": [7.4, 6.85, 7],
			"to": [8.1, 7.55, 7.7],
			"faces": {
				"north": {"uv": [6.1, 8, 7.3, 9.3], "texture": "#0"},
				"east": {"uv": [6.1, 8.1, 8, 9.8], "texture": "#0"},
				"south": {"uv": [6.4, 8.1, 7.3, 9.4], "texture": "#0"},
				"west": {"uv": [6.5, 8.9, 6.8, 8.5], "texture": "#0"},
				"up": {"uv": [6.2, 8.1, 8, 10], "texture": "#0"},
				"down": {"uv": [6.2, 8.2, 7.8, 9.7], "texture": "#0"}
			}
		},
		{
			"from": [6.9, 7.35, 7.1],
			"to": [7.6, 8.05, 7.8],
			"faces": {
				"north": {"uv": [6.1, 8, 7.3, 9.3], "texture": "#0"},
				"east": {"uv": [6.1, 8.1, 8, 9.8], "texture": "#0"},
				"south": {"uv": [6.4, 8.1, 7.3, 9.4], "texture": "#0"},
				"west": {"uv": [6.5, 8.9, 6.8, 8.5], "texture": "#0"},
				"up": {"uv": [6.2, 8.1, 8, 10], "texture": "#0"},
				"down": {"uv": [6.2, 8.2, 7.8, 9.7], "texture": "#0"}
			}
		},
		{
			"from": [7, 7.95, 7.4],
			"to": [7.7, 8.65, 8.1],
			"faces": {
				"north": {"uv": [6.1, 8, 7.3, 9.3], "texture": "#0"},
				"east": {"uv": [6.1, 8.1, 8, 9.8], "texture": "#0"},
				"south": {"uv": [6.4, 8.1, 7.3, 9.4], "texture": "#0"},
				"west": {"uv": [6.5, 8.9, 6.8, 8.5], "texture": "#0"},
				"up": {"uv": [6.2, 8.1, 8, 10], "texture": "#0"},
				"down": {"uv": [6.2, 8.2, 7.8, 9.7], "texture": "#0"}
			}
		},
		{
			"from": [7.6, 9.45, 7.7],
			"to": [8.3, 10.15, 8.4],
			"faces": {
				"north": {"uv": [6.1, 8, 7.3, 9.3], "texture": "#0"},
				"east": {"uv": [6.1, 8.1, 8, 9.8], "texture": "#0"},
				"south": {"uv": [6.4, 8.1, 7.3, 9.4], "texture": "#0"},
				"west": {"uv": [6.5, 8.9, 6.8, 8.5], "texture": "#0"},
				"up": {"uv": [6.2, 8.1, 8, 10], "texture": "#0"},
				"down": {"uv": [6.2, 8.2, 7.8, 9.7], "texture": "#0"}
			}
		}
	],
	"gui_light": "front",
	"display": {
		"thirdperson_righthand": {
			"rotation": [7, -90, -2],
			"translation": [0.5, 0, 1.25],
			"scale": [0.73, 0.97, 0.78]
		},
		"thirdperson_lefthand": {
			"rotation": [7, 90, 2],
			"translation": [0.5, 0, 1.25],
			"scale": [0.73, 0.97, 0.78]
		},
		"firstperson_righthand": {
			"rotation": [-32, 80, 3],
			"translation": [8.75, -5, 0],
			"scale": [0.9, 1.19, 0.9]
		},
		"firstperson_lefthand": {
			"rotation": [-32, -92, 3],
			"translation": [8.75, -4, 0],
			"scale": [0.9, 1.19, 0.9]
		},
		"ground": {
			"rotation": [32, 82, 0],
			"translation": [0, 3, 0],
			"scale": [0.26, 0.35, 0.26]
		},
		"gui": {
			"rotation": [0, 0, -45],
			"translation": [-1.25, -1.25, 0],
			"scale": [0.31, 0.45, 0.88]
		},
		"fixed": {
			"rotation": [0, 0, 45],
			"translation": [1.5, -1.25, 0],
			"scale": [0.34, 0.51, 0.97]
		}
	},
	"groups": [
		0,
		1,
		2,
		3,
		4,
		5,
		6,
		7,
		8,
		9,
		10,
		11,
		12,
		13,
		14,
		15,
		16,
		17,
		18,
		19,
		20,
		21,
		22,
		23,
		24,
		25,
		26,
		27,
		28,
		29,
		30,
		31,
		32,
		{
			"name": "group",
			"origin": [8, 8, 8],
			"color": 0,
			"children": [
				33,
				34,
				35,
				36,
				37,
				38,
				39,
				40,
				41,
				42,
				43,
				44,
				45,
				46,
				47,
				48,
				49,
				50,
				51,
				52,
				53,
				54,
				55,
				56,
				57,
				58,
				59,
				60,
				61,
				62,
				63,
				64,
				65,
				66,
				67,
				68,
				69,
				70,
				71,
				72,
				73,
				74,
				75,
				76,
				77,
				78,
				79,
				80,
				81,
				82,
				83,
				84,
				85,
				86,
				87,
				88,
				89,
				90,
				91,
				92,
				93,
				94,
				95,
				96,
				97,
				98,
				99,
				100,
				101,
				102,
				103,
				104,
				105,
				106,
				107,
				108,
				109,
				110,
				111
			]
		}
	]
}