{
	"credit": "Made with Blockbench",
	"texture_size": [64, 64],
	"textures": {
		"0": "item/blossom_blade",
		"particle": "item/blossom_blade"
	},
	"elements": [
		{
			"from": [18, 10, -5],
			"to": [28, 20, 1],
			"rotation": {"angle": 22.5, "axis": "x", "origin": [15, 0, 0]},
			"faces": {
				"north": {"uv": [0.25, 0.25, 2.75, 2.75], "texture": "#0"},
				"east": {"uv": [7.75, 0.5, 6.25, 3], "texture": "#0"},
				"south": {"uv": [8.5, 0, 11, 2.5], "texture": "#0"},
				"west": {"uv": [6.25, 0.5, 7.75, 3], "texture": "#0"},
				"up": {"uv": [11, 1.975, 8.5, 0.5], "texture": "#0"},
				"down": {"uv": [10.975, 2.75, 8.525, 4.225], "texture": "#0"}
			}
		},
		{
			"from": [19, 6, -5],
			"to": [27, 10, -2],
			"rotation": {"angle": 22.5, "axis": "x", "origin": [15, 0, 0]},
			"faces": {
				"north": {"uv": [3.5, 0.25, 5.5, 1.25], "texture": "#0"},
				"east": {"uv": [0.025, 0.025, 0.725, 0.95], "texture": "#0"},
				"south": {"uv": [8.75, 0.75, 10.75, 1.75], "texture": "#0"},
				"west": {"uv": [0.025, 0.025, 0.725, 0.975], "texture": "#0"},
				"up": {"uv": [0.025, 0.025, 2, 0.75], "texture": "#0"},
				"down": {"uv": [0.375, 0.025, 2.375, 0.475], "texture": "#0"}
			}
		},
		{
			"from": [18.8, 19.2, 2.9],
			"to": [20.8, 23.9, 4.9],
			"faces": {
				"north": {"uv": [0.5, 3.5, 1, 4.675], "texture": "#0"},
				"east": {"uv": [0.5, 3.5, 1, 4.675], "texture": "#0"},
				"south": {"uv": [0.5, 3.5, 1, 4.675], "texture": "#0"},
				"west": {"uv": [0.5, 3.5, 1, 4.675], "texture": "#0"},
				"up": {"uv": [0.5, 3.5, 1, 4], "texture": "#0"},
				"down": {"uv": [0.5, 3.5, 1, 4], "texture": "#0"}
			}
		},
		{
			"from": [19.3, 22.9, -6],
			"to": [20.3, 26.9, -5],
			"rotation": {"angle": 22.5, "axis": "x", "origin": [0, 0, 0]},
			"faces": {
				"north": {"uv": [0.75, 3.5, 1, 4.5], "texture": "#0"},
				"east": {"uv": [0.75, 3.5, 1, 4.5], "texture": "#0"},
				"south": {"uv": [0.75, 3.5, 1, 4.5], "texture": "#0"},
				"west": {"uv": [0.75, 3.5, 1, 4.5], "texture": "#0"},
				"up": {"uv": [0.75, 3.5, 1, 3.75], "texture": "#0"},
				"down": {"uv": [0.75, 3.5, 1, 3.75], "texture": "#0"}
			}
		},
		{
			"from": [25.7, 22.9, -6],
			"to": [26.7, 26.9, -5],
			"rotation": {"angle": 22.5, "axis": "x", "origin": [0, 0, 0]},
			"faces": {
				"north": {"uv": [0.75, 3.5, 1, 4.5], "texture": "#0"},
				"east": {"uv": [0.75, 3.5, 1, 4.5], "texture": "#0"},
				"south": {"uv": [0.75, 3.5, 1, 4.5], "texture": "#0"},
				"west": {"uv": [0.75, 3.5, 1, 4.5], "texture": "#0"},
				"up": {"uv": [0.75, 3.5, 1, 3.75], "texture": "#0"},
				"down": {"uv": [0.75, 3.5, 1, 3.75], "texture": "#0"}
			}
		},
		{
			"from": [25.2, 19.2, 2.9],
			"to": [27.2, 23.9, 4.9],
			"faces": {
				"north": {"uv": [0.5, 3.5, 1, 4.675], "texture": "#0"},
				"east": {"uv": [0.5, 3.5, 1, 4.675], "texture": "#0"},
				"south": {"uv": [0.5, 3.5, 1, 4.675], "texture": "#0"},
				"west": {"uv": [0.5, 3.5, 1, 4.675], "texture": "#0"},
				"up": {"uv": [0.5, 3.5, 1, 4], "texture": "#0"},
				"down": {"uv": [0.5, 3.5, 1, 4], "texture": "#0"}
			}
		},
		{
			"from": [19, 5, 4],
			"to": [27, 18, 12],
			"rotation": {"angle": 0, "axis": "y", "origin": [15, 0, 0]},
			"faces": {
				"north": {"uv": [2.25, 3.5, 4.25, 6.75], "texture": "#0"},
				"east": {"uv": [2.25, 3.5, 4.25, 6.75], "texture": "#0"},
				"south": {"uv": [2.25, 3.5, 4.25, 6.75], "texture": "#0"},
				"west": {"uv": [2.25, 3.5, 4.25, 6.75], "texture": "#0"},
				"up": {"uv": [2.25, 3.5, 4.25, 5.5], "texture": "#0"},
				"down": {"uv": [2.25, 3.5, 4.25, 5.5], "texture": "#0"}
			}
		},
		{
			"from": [18, 1, 3],
			"to": [28, 8, 7],
			"rotation": {"angle": 0, "axis": "y", "origin": [15, 0, 0]},
			"faces": {
				"north": {"uv": [2.025, 4.25, 4.475, 6], "texture": "#0"},
				"east": {"uv": [2.05, 4.25, 3.05, 6], "texture": "#0"},
				"south": {"uv": [2.025, 4.25, 4.475, 6], "texture": "#0"},
				"west": {"uv": [2.8, 4.25, 3.8, 6], "texture": "#0"},
				"up": {"uv": [2.025, 4.25, 4.475, 5.25], "texture": "#0"},
				"down": {"uv": [2.05, 4.25, 4.45, 5.25], "texture": "#0"}
			}
		},
		{
			"from": [18, 1, 9],
			"to": [28, 8, 13],
			"rotation": {"angle": 0, "axis": "y", "origin": [15, 0, 0]},
			"faces": {
				"north": {"uv": [2.05, 4.25, 4.475, 6], "texture": "#0"},
				"east": {"uv": [2.025, 4.25, 3.025, 6], "texture": "#0"},
				"south": {"uv": [2.05, 4.25, 4.475, 6], "texture": "#0"},
				"west": {"uv": [2.75, 4.25, 3.75, 6], "texture": "#0"},
				"up": {"uv": [2.025, 4.25, 4.475, 5.25], "texture": "#0"},
				"down": {"uv": [2.075, 4.25, 4.475, 5.25], "texture": "#0"}
			}
		},
		{
			"from": [26, 0, 3.2],
			"to": [27, 1, 4.2],
			"rotation": {"angle": 0, "axis": "y", "origin": [15, 0, 0]},
			"faces": {
				"north": {"uv": [0.75, 9.25, 1, 9.75], "texture": "#0"},
				"east": {"uv": [0.75, 9.25, 1, 9.75], "texture": "#0"},
				"south": {"uv": [0.75, 9.25, 1, 9.75], "texture": "#0"},
				"west": {"uv": [0.75, 9.25, 1, 9.75], "texture": "#0"},
				"up": {"uv": [0.75, 9.25, 1, 9.5], "texture": "#0"},
				"down": {"uv": [0.75, 9.5, 1, 9.75], "texture": "#0"}
			}
		},
		{
			"from": [24, 0, 3.2],
			"to": [25, 1, 4.2],
			"rotation": {"angle": 0, "axis": "y", "origin": [15, 0, 0]},
			"faces": {
				"north": {"uv": [0.75, 9.25, 1, 9.75], "texture": "#0"},
				"east": {"uv": [0.75, 9.25, 1, 9.75], "texture": "#0"},
				"south": {"uv": [0.75, 9.25, 1, 9.75], "texture": "#0"},
				"west": {"uv": [0.75, 9.25, 1, 9.75], "texture": "#0"},
				"up": {"uv": [0.75, 9.25, 1, 9.5], "texture": "#0"},
				"down": {"uv": [0.75, 9.5, 1, 9.75], "texture": "#0"}
			}
		},
		{
			"from": [21, 0, 3.2],
			"to": [22, 1, 4.2],
			"rotation": {"angle": 0, "axis": "y", "origin": [15, 0, 0]},
			"faces": {
				"north": {"uv": [0.75, 9.25, 1, 9.75], "texture": "#0"},
				"east": {"uv": [0.75, 9.25, 1, 9.75], "texture": "#0"},
				"south": {"uv": [0.75, 9.25, 1, 9.75], "texture": "#0"},
				"west": {"uv": [0.75, 9.25, 1, 9.75], "texture": "#0"},
				"up": {"uv": [0.75, 9.25, 1, 9.5], "texture": "#0"},
				"down": {"uv": [0.75, 9.5, 1, 9.75], "texture": "#0"}
			}
		},
		{
			"from": [19, 0, 3.2],
			"to": [20, 1, 4.2],
			"rotation": {"angle": 0, "axis": "y", "origin": [15, 0, 0]},
			"faces": {
				"north": {"uv": [0.75, 9.25, 1, 9.75], "texture": "#0"},
				"east": {"uv": [0.75, 9.25, 1, 9.75], "texture": "#0"},
				"south": {"uv": [0.75, 9.25, 1, 9.75], "texture": "#0"},
				"west": {"uv": [0.75, 9.25, 1, 9.75], "texture": "#0"},
				"up": {"uv": [0.75, 9.25, 1, 9.5], "texture": "#0"},
				"down": {"uv": [0.75, 9.5, 1, 9.75], "texture": "#0"}
			}
		},
		{
			"from": [26, 0, 11.8],
			"to": [27, 1, 12.8],
			"rotation": {"angle": 0, "axis": "y", "origin": [15, 0, 0]},
			"faces": {
				"north": {"uv": [0.75, 9.25, 1, 9.75], "texture": "#0"},
				"east": {"uv": [0.75, 9.25, 1, 9.75], "texture": "#0"},
				"south": {"uv": [0.75, 9.25, 1, 9.75], "texture": "#0"},
				"west": {"uv": [0.75, 9.25, 1, 9.75], "texture": "#0"},
				"up": {"uv": [0.75, 9.25, 1, 9.5], "texture": "#0"},
				"down": {"uv": [0.75, 9.5, 1, 9.75], "texture": "#0"}
			}
		},
		{
			"from": [24, 0, 11.8],
			"to": [25, 1, 12.8],
			"rotation": {"angle": 0, "axis": "y", "origin": [15, 0, 0]},
			"faces": {
				"north": {"uv": [0.75, 9.25, 1, 9.75], "texture": "#0"},
				"east": {"uv": [0.75, 9.25, 1, 9.75], "texture": "#0"},
				"south": {"uv": [0.75, 9.25, 1, 9.75], "texture": "#0"},
				"west": {"uv": [0.75, 9.25, 1, 9.75], "texture": "#0"},
				"up": {"uv": [0.75, 9.25, 1, 9.5], "texture": "#0"},
				"down": {"uv": [0.75, 9.5, 1, 9.75], "texture": "#0"}
			}
		},
		{
			"from": [21, 0, 11.8],
			"to": [22, 1, 12.8],
			"rotation": {"angle": 0, "axis": "y", "origin": [15, 0, 0]},
			"faces": {
				"north": {"uv": [0.75, 9.25, 1, 9.75], "texture": "#0"},
				"east": {"uv": [0.75, 9.25, 1, 9.75], "texture": "#0"},
				"south": {"uv": [0.75, 9.25, 1, 9.75], "texture": "#0"},
				"west": {"uv": [0.75, 9.25, 1, 9.75], "texture": "#0"},
				"up": {"uv": [0.75, 9.25, 1, 9.5], "texture": "#0"},
				"down": {"uv": [0.75, 9.5, 1, 9.75], "texture": "#0"}
			}
		},
		{
			"from": [19, 0, 11.8],
			"to": [20, 1, 12.8],
			"rotation": {"angle": 0, "axis": "y", "origin": [15, 0, 0]},
			"faces": {
				"north": {"uv": [0.75, 9.25, 1, 9.75], "texture": "#0"},
				"east": {"uv": [0.75, 9.25, 1, 9.75], "texture": "#0"},
				"south": {"uv": [0.75, 9.25, 1, 9.75], "texture": "#0"},
				"west": {"uv": [0.75, 9.25, 1, 9.75], "texture": "#0"},
				"up": {"uv": [0.75, 9.25, 1, 9.5], "texture": "#0"},
				"down": {"uv": [0.75, 9.5, 1, 9.75], "texture": "#0"}
			}
		},
		{
			"from": [19, -1, 3.2],
			"to": [20, 0, 12.8],
			"rotation": {"angle": 0, "axis": "y", "origin": [15, 0, 0]},
			"faces": {
				"north": {"uv": [5.75, 4.75, 6, 5], "texture": "#0"},
				"east": {"uv": [1, 7.75, 2.9, 8], "texture": "#0"},
				"south": {"uv": [5.75, 4.75, 6, 5], "texture": "#0"},
				"west": {"uv": [1, 7.75, 2.9, 8], "texture": "#0"},
				"up": {"uv": [5.75, 4.75, 6, 6.65], "texture": "#0"},
				"down": {"uv": [5.75, 4.75, 6, 6.65], "texture": "#0"}
			}
		},
		{
			"from": [21, -1, 3.2],
			"to": [22, 0, 12.8],
			"rotation": {"angle": 0, "axis": "y", "origin": [15, 0, 0]},
			"faces": {
				"north": {"uv": [5.75, 4.75, 6, 5], "texture": "#0"},
				"east": {"uv": [1.5, 7.75, 3.4, 8], "texture": "#0"},
				"south": {"uv": [5.75, 4.75, 6, 5], "texture": "#0"},
				"west": {"uv": [1.5, 7.75, 3.4, 8], "texture": "#0"},
				"up": {"uv": [5.75, 4.75, 6, 6.65], "texture": "#0"},
				"down": {"uv": [5.75, 4.75, 6, 6.65], "texture": "#0"}
			}
		},
		{
			"from": [24, -1, 3.2],
			"to": [25, 0, 12.8],
			"rotation": {"angle": 0, "axis": "y", "origin": [15, 0, 0]},
			"faces": {
				"north": {"uv": [5.75, 4.75, 6, 5], "texture": "#0"},
				"east": {"uv": [1.75, 8, 3.65, 8.25], "texture": "#0"},
				"south": {"uv": [5.75, 4.75, 6, 5], "texture": "#0"},
				"west": {"uv": [1.75, 8, 3.65, 8.25], "texture": "#0"},
				"up": {"uv": [5.75, 4.75, 6, 6.65], "texture": "#0"},
				"down": {"uv": [5.75, 4.75, 6, 6.65], "texture": "#0"}
			}
		},
		{
			"from": [26, -1, 3.2],
			"to": [27, 0, 12.8],
			"rotation": {"angle": 0, "axis": "y", "origin": [15, 0, 0]},
			"faces": {
				"north": {"uv": [5.75, 4.75, 6, 5], "texture": "#0"},
				"east": {"uv": [1.75, 7.75, 3.65, 8], "texture": "#0"},
				"south": {"uv": [5.75, 4.75, 6, 5], "texture": "#0"},
				"west": {"uv": [1.75, 7.75, 3.65, 8], "texture": "#0"},
				"up": {"uv": [5.75, 4.75, 6, 6.65], "texture": "#0"},
				"down": {"uv": [5.75, 4.75, 6, 6.65], "texture": "#0"}
			}
		},
		{
			"from": [17, 1.6, 7],
			"to": [32, 3.6, 9],
			"rotation": {"angle": 0, "axis": "y", "origin": [16, 0, 0]},
			"faces": {
				"north": {"uv": [8, 7.25, 11.75, 7.75], "texture": "#0"},
				"east": {"uv": [9.25, 7.25, 9.75, 7.75], "texture": "#0"},
				"south": {"uv": [8, 7.25, 11.75, 7.75], "texture": "#0"},
				"west": {"uv": [9.25, 7.25, 9.75, 7.75], "texture": "#0"},
				"up": {"uv": [8, 7.25, 11.75, 7.75], "texture": "#0"},
				"down": {"uv": [8, 7.25, 11.75, 7.75], "texture": "#0"}
			}
		},
		{
			"from": [13, 0.6, 6],
			"to": [17, 4.6, 10],
			"rotation": {"angle": 0, "axis": "y", "origin": [16, 0, 0]},
			"faces": {
				"north": {"uv": [0.75, 10.75, 2.25, 12.25], "texture": "#0"},
				"east": {"uv": [9, 0.75, 10, 1.75], "texture": "#0"},
				"south": {"uv": [9, 0.75, 10, 1.75], "texture": "#0"},
				"west": {"uv": [9.25, 0.75, 10.25, 1.75], "texture": "#0"},
				"up": {"uv": [9.25, 0.75, 10.25, 1.75], "texture": "#0"},
				"down": {"uv": [9.25, 0.75, 10.25, 1.75], "texture": "#0"}
			}
		},
		{
			"from": [-12, 1.6, 7.9],
			"to": [13, 3.4, 8.1],
			"rotation": {"angle": 0, "axis": "y", "origin": [16, 0, 0]},
			"faces": {
				"north": {"uv": [4.25, 10.5, 14, 11.5], "texture": "#0"},
				"east": {"uv": [4.25, 10.5, 4.3, 11], "texture": "#0"},
				"south": {"uv": [4.25, 10.5, 14, 11.5], "texture": "#0"},
				"west": {"uv": [4.25, 10.5, 4.3, 11], "texture": "#0"},
				"up": {"uv": [4.25, 10.5, 14, 11.05], "texture": "#0"},
				"down": {"uv": [4.25, 10.5, 14, 11.05], "texture": "#0"}
			}
		},
		{
			"from": [5.7, 3.4, 7.9],
			"to": [13, 3.6, 8.1],
			"rotation": {"angle": 0, "axis": "y", "origin": [16, 0, 0]},
			"faces": {
				"north": {"uv": [8, 10.75, 11.25, 11.25], "texture": "#0"},
				"east": {"uv": [4.75, 10.75, 5.55, 10.75], "texture": "#0"},
				"south": {"uv": [8, 10.75, 10.75, 11.25], "texture": "#0"},
				"west": {"uv": [4.75, 10.75, 5.55, 10.75], "texture": "#0"},
				"up": {"uv": [8, 10.75, 12, 10.8], "texture": "#0"},
				"down": {"uv": [8, 10.75, 12, 10.8], "texture": "#0"}
			}
		},
		{
			"from": [-12, 3.4, 7.9],
			"to": [-4.7, 3.6, 8.1],
			"rotation": {"angle": 0, "axis": "y", "origin": [16, 0, 0]},
			"faces": {
				"north": {"uv": [6.5, 10.75, 10.25, 11.25], "texture": "#0"},
				"east": {"uv": [5.25, 10.75, 4.55, 10.75], "texture": "#0"},
				"south": {"uv": [6.5, 10.75, 9.5, 11.25], "texture": "#0"},
				"west": {"uv": [5.25, 10.75, 4.55, 10.75], "texture": "#0"},
				"up": {"uv": [6.5, 10.75, 13, 10.8], "texture": "#0"},
				"down": {"uv": [6.5, 10.75, 13, 10.8], "texture": "#0"}
			}
		},
		{
			"from": [-16, 3.1, 7.9],
			"to": [-12, 3.6, 8.1],
			"rotation": {"angle": 0, "axis": "y", "origin": [16, 0, 0]},
			"faces": {
				"north": {"uv": [12.5, 10.75, 13.775, 11], "texture": "#0"},
				"east": {"uv": [12.25, 10.75, 12.55, 11.05], "texture": "#0"},
				"south": {"uv": [12.25, 10.75, 13.5, 10.975], "texture": "#0"},
				"west": {"uv": [12.25, 10.75, 12.55, 11], "texture": "#0"},
				"up": {"uv": [12.25, 10.75, 13.5, 10.975], "texture": "#0"},
				"down": {"uv": [12.25, 10.75, 13.5, 10.975], "texture": "#0"}
			}
		},
		{
			"from": [-15, 2.6, 7.9],
			"to": [-12, 3.1, 8.1],
			"rotation": {"angle": 0, "axis": "y", "origin": [16, 0, 0]},
			"faces": {
				"north": {"uv": [12.25, 10.75, 13.275, 11], "texture": "#0"},
				"east": {"uv": [12.25, 10.75, 12.55, 10.975], "texture": "#0"},
				"south": {"uv": [12.25, 10.75, 13.25, 10.975], "texture": "#0"},
				"west": {"uv": [12.25, 10.75, 12.55, 11], "texture": "#0"},
				"up": {"uv": [12.25, 10.75, 13.25, 10.975], "texture": "#0"},
				"down": {"uv": [12.25, 10.75, 13.25, 10.975], "texture": "#0"}
			}
		},
		{
			"from": [-14, 2.1, 7.9],
			"to": [-12, 2.6, 8.1],
			"rotation": {"angle": 0, "axis": "y", "origin": [16, 0, 0]},
			"faces": {
				"north": {"uv": [12.25, 10.75, 13.025, 10.975], "texture": "#0"},
				"east": {"uv": [12.25, 10.75, 12.55, 11], "texture": "#0"},
				"south": {"uv": [12.25, 10.75, 13, 10.975], "texture": "#0"},
				"west": {"uv": [12.25, 10.75, 12.55, 11], "texture": "#0"},
				"up": {"uv": [12.25, 10.75, 13, 10.925], "texture": "#0"},
				"down": {"uv": [12.25, 10.75, 13, 10.925], "texture": "#0"}
			}
		},
		{
			"from": [-13, 1.6, 7.9],
			"to": [-12, 2.1, 8.1],
			"rotation": {"angle": 0, "axis": "y", "origin": [16, 0, 0]},
			"faces": {
				"north": {"uv": [12.25, 10.75, 12.75, 11], "texture": "#0"},
				"east": {"uv": [12.25, 10.75, 12.5, 11], "texture": "#0"},
				"south": {"uv": [12.25, 10.75, 12.75, 10.975], "texture": "#0"},
				"west": {"uv": [12.25, 10.75, 12.55, 11], "texture": "#0"},
				"up": {"uv": [12.25, 10.75, 12.75, 10.975], "texture": "#0"},
				"down": {"uv": [12.25, 10.75, 12.75, 10.975], "texture": "#0"}
			}
		},
		{
			"from": [17.7, 2, 2.7],
			"to": [28.3, 4, 5.5],
			"faces": {
				"north": {"uv": [1, 7.75, 3.65, 8.25], "texture": "#0"},
				"east": {"uv": [2.25, 7.75, 2.95, 8.25], "texture": "#0"},
				"south": {"uv": [1.3, 7.75, 3.95, 8.25], "texture": "#0"},
				"west": {"uv": [2.25, 7.75, 2.95, 8.25], "texture": "#0"},
				"up": {"uv": [1.35, 7.65, 4, 8.35], "texture": "#0"},
				"down": {"uv": [1.325, 7.675, 3.975, 8.375], "texture": "#0"}
			}
		},
		{
			"from": [17.7, 5, 2.7],
			"to": [28.3, 7, 5.5],
			"faces": {
				"north": {"uv": [1.25, 7.75, 3.9, 8.25], "texture": "#0"},
				"east": {"uv": [2, 7.75, 2.7, 8.25], "texture": "#0"},
				"south": {"uv": [1.05, 7.75, 3.7, 8.25], "texture": "#0"},
				"west": {"uv": [2, 7.75, 2.7, 8.25], "texture": "#0"},
				"up": {"uv": [1.1, 7.65, 3.75, 8.35], "texture": "#0"},
				"down": {"uv": [1.075, 7.675, 3.725, 8.375], "texture": "#0"}
			}
		},
		{
			"from": [17.7, 5, 10.5],
			"to": [28.3, 7, 13.3],
			"faces": {
				"north": {"uv": [1, 7.75, 3.65, 8.25], "texture": "#0"},
				"east": {"uv": [2, 7.75, 2.7, 8.25], "texture": "#0"},
				"south": {"uv": [0.8, 7.75, 3.45, 8.25], "texture": "#0"},
				"west": {"uv": [2, 7.75, 2.7, 8.25], "texture": "#0"},
				"up": {"uv": [1.1, 7.65, 3.75, 8.35], "texture": "#0"},
				"down": {"uv": [1.075, 7.675, 3.725, 8.375], "texture": "#0"}
			}
		},
		{
			"from": [17.7, 2, 10.5],
			"to": [28.3, 4, 13.3],
			"faces": {
				"north": {"uv": [1, 7.75, 3.65, 8.25], "texture": "#0"},
				"east": {"uv": [2, 7.75, 2.7, 8.25], "texture": "#0"},
				"south": {"uv": [1.3, 7.75, 3.95, 8.25], "texture": "#0"},
				"west": {"uv": [2, 7.75, 2.7, 8.25], "texture": "#0"},
				"up": {"uv": [1.1, 7.65, 3.75, 8.35], "texture": "#0"},
				"down": {"uv": [1.075, 7.675, 3.725, 8.375], "texture": "#0"}
			}
		},
		{
			"from": [18.8, 16.9, 3.4],
			"to": [27.1, 18.3, 12.3],
			"faces": {
				"north": {"uv": [3.75, 13.5, 6.4, 14.25], "texture": "#0"},
				"east": {"uv": [4.75, 13.5, 5.45, 14.25], "texture": "#0"},
				"south": {"uv": [3.8, 13.5, 6.45, 14.25], "texture": "#0"},
				"west": {"uv": [4.75, 13.5, 5.45, 14.25], "texture": "#0"},
				"up": {"uv": [3.85, 13.4, 6.75, 15.1], "texture": "#0"},
				"down": {"uv": [3.825, 13.425, 6.725, 15.125], "texture": "#0"}
			}
		},
		{
			"from": [18.7, 6.4, 6.7],
			"to": [19.3, 7.4, 9.5],
			"faces": {
				"north": {"uv": [1, 7.75, 3.65, 8.25], "texture": "#0"},
				"east": {"uv": [2, 7.75, 2.7, 8.25], "texture": "#0"},
				"south": {"uv": [1.05, 7.75, 3.7, 8.25], "texture": "#0"},
				"west": {"uv": [2, 7.75, 2.7, 8.25], "texture": "#0"},
				"up": {"uv": [1.1, 7.65, 3.75, 8.35], "texture": "#0"},
				"down": {"uv": [1.075, 7.675, 3.725, 8.375], "texture": "#0"}
			}
		},
		{
			"from": [18.7, 5.3, 6.7],
			"to": [19.3, 6.3, 9.5],
			"faces": {
				"north": {"uv": [1, 7.75, 3.65, 8.25], "texture": "#0"},
				"east": {"uv": [2, 7.75, 2.7, 8.25], "texture": "#0"},
				"south": {"uv": [1.05, 7.75, 3.7, 8.25], "texture": "#0"},
				"west": {"uv": [2, 7.75, 2.7, 8.25], "texture": "#0"},
				"up": {"uv": [1.1, 7.65, 3.75, 8.35], "texture": "#0"},
				"down": {"uv": [1.075, 7.675, 3.725, 8.375], "texture": "#0"}
			}
		},
		{
			"from": [26.7, 6.4, 6.7],
			"to": [27.3, 7.4, 9.5],
			"faces": {
				"north": {"uv": [1, 7.75, 3.65, 8.25], "texture": "#0"},
				"east": {"uv": [2, 7.75, 2.7, 8.25], "texture": "#0"},
				"south": {"uv": [1.05, 7.75, 3.7, 8.25], "texture": "#0"},
				"west": {"uv": [2, 7.75, 2.7, 8.25], "texture": "#0"},
				"up": {"uv": [1.1, 7.65, 3.75, 8.35], "texture": "#0"},
				"down": {"uv": [1.075, 7.675, 3.725, 8.375], "texture": "#0"}
			}
		},
		{
			"from": [26.7, 5.3, 6.7],
			"to": [27.3, 6.3, 9.5],
			"faces": {
				"north": {"uv": [1, 7.75, 3.65, 8.25], "texture": "#0"},
				"east": {"uv": [2, 7.75, 2.7, 8.25], "texture": "#0"},
				"south": {"uv": [1.05, 7.75, 3.7, 8.25], "texture": "#0"},
				"west": {"uv": [2, 7.75, 2.7, 8.25], "texture": "#0"},
				"up": {"uv": [1.1, 7.65, 3.75, 8.35], "texture": "#0"},
				"down": {"uv": [1.075, 7.675, 3.725, 8.375], "texture": "#0"}
			}
		},
		{
			"from": [18.89, 7.19, 3.89],
			"to": [19.11, 17.01, 4.11],
			"rotation": {"angle": 0, "axis": "y", "origin": [16, 0, 0]},
			"faces": {
				"north": {"uv": [8, 10.75, 11.25, 11.25], "rotation": 270, "texture": "#0"},
				"east": {"uv": [8, 10.75, 12, 10.8], "rotation": 90, "texture": "#0"},
				"south": {"uv": [8, 10.75, 10.75, 11.25], "rotation": 90, "texture": "#0"},
				"west": {"uv": [6.75, 11, 13.75, 11.05], "rotation": 90, "texture": "#0"},
				"up": {"uv": [4.75, 10.75, 5.55, 10.75], "rotation": 90, "texture": "#0"},
				"down": {"uv": [4.75, 10.75, 5.55, 10.75], "rotation": 90, "texture": "#0"}
			}
		},
		{
			"from": [18.9, 7.9, 3.9],
			"to": [19.1, 8.1, 12.1],
			"rotation": {"angle": 0, "axis": "y", "origin": [16, 0, 0]},
			"faces": {
				"north": {"uv": [4.75, 10.75, 5.55, 10.75], "rotation": 270, "texture": "#0"},
				"east": {"uv": [8, 10.75, 12, 10.8], "texture": "#0"},
				"south": {"uv": [4.75, 10.75, 5.55, 10.75], "rotation": 90, "texture": "#0"},
				"west": {"uv": [6.75, 11, 13.75, 11.05], "rotation": 180, "texture": "#0"},
				"up": {"uv": [8, 10.75, 11.25, 11.25], "rotation": 90, "texture": "#0"},
				"down": {"uv": [8, 10.75, 10.75, 11.25], "rotation": 90, "texture": "#0"}
			}
		},
		{
			"from": [26.9, 7.9, 3.9],
			"to": [27.1, 8.1, 12.1],
			"rotation": {"angle": 0, "axis": "y", "origin": [16, 0, 0]},
			"faces": {
				"north": {"uv": [4.75, 10.75, 5.55, 10.75], "rotation": 270, "texture": "#0"},
				"east": {"uv": [8, 10.75, 12, 10.8], "texture": "#0"},
				"south": {"uv": [4.75, 10.75, 5.55, 10.75], "rotation": 90, "texture": "#0"},
				"west": {"uv": [6.75, 11, 13.75, 11.05], "rotation": 180, "texture": "#0"},
				"up": {"uv": [8, 10.75, 11.25, 11.25], "rotation": 90, "texture": "#0"},
				"down": {"uv": [8, 10.75, 10.75, 11.25], "rotation": 90, "texture": "#0"}
			}
		},
		{
			"from": [19.1, 7.9, 11.9],
			"to": [26.9, 8.1, 12.1],
			"rotation": {"angle": 0, "axis": "y", "origin": [16, 0, 0]},
			"faces": {
				"north": {"uv": [8, 10.75, 12, 10.8], "texture": "#0"},
				"east": {"uv": [4.75, 10.75, 5.55, 10.75], "rotation": 90, "texture": "#0"},
				"south": {"uv": [6.75, 11, 13.75, 11.05], "rotation": 180, "texture": "#0"},
				"west": {"uv": [4.75, 10.75, 5.55, 10.75], "rotation": 270, "texture": "#0"},
				"up": {"uv": [8, 10.75, 11.25, 11.25], "texture": "#0"},
				"down": {"uv": [8, 10.75, 10.75, 11.25], "rotation": 180, "texture": "#0"}
			}
		},
		{
			"from": [19.1, 7.9, 3.9],
			"to": [26.9, 8.1, 4.1],
			"rotation": {"angle": 0, "axis": "y", "origin": [16, 0, 0]},
			"faces": {
				"north": {"uv": [8, 10.75, 12, 10.8], "texture": "#0"},
				"east": {"uv": [4.75, 10.75, 5.55, 10.75], "rotation": 90, "texture": "#0"},
				"south": {"uv": [6.75, 11, 13.75, 11.05], "rotation": 180, "texture": "#0"},
				"west": {"uv": [4.75, 10.75, 5.55, 10.75], "rotation": 270, "texture": "#0"},
				"up": {"uv": [8, 10.75, 11.25, 11.25], "texture": "#0"},
				"down": {"uv": [8, 10.75, 10.75, 11.25], "rotation": 180, "texture": "#0"}
			}
		},
		{
			"from": [18.9, 16.7, 3.9],
			"to": [19.1, 16.9, 12.1],
			"rotation": {"angle": 0, "axis": "y", "origin": [16, 0, 0]},
			"faces": {
				"north": {"uv": [4.75, 10.75, 5.55, 10.75], "rotation": 270, "texture": "#0"},
				"east": {"uv": [8, 10.75, 12, 10.8], "texture": "#0"},
				"south": {"uv": [4.75, 10.75, 5.55, 10.75], "rotation": 90, "texture": "#0"},
				"west": {"uv": [6.75, 11, 13.75, 11.05], "rotation": 180, "texture": "#0"},
				"up": {"uv": [8, 10.75, 11.25, 11.25], "rotation": 90, "texture": "#0"},
				"down": {"uv": [8, 10.75, 10.75, 11.25], "rotation": 90, "texture": "#0"}
			}
		},
		{
			"from": [19.1, 16.7, 11.9],
			"to": [26.9, 16.9, 12.1],
			"rotation": {"angle": 0, "axis": "y", "origin": [16, 0, 0]},
			"faces": {
				"north": {"uv": [8, 10.75, 12, 10.8], "texture": "#0"},
				"east": {"uv": [4.75, 10.75, 5.55, 10.75], "rotation": 90, "texture": "#0"},
				"south": {"uv": [6.75, 11, 13.75, 11.05], "rotation": 180, "texture": "#0"},
				"west": {"uv": [4.75, 10.75, 5.55, 10.75], "rotation": 270, "texture": "#0"},
				"up": {"uv": [8, 10.75, 11.25, 11.25], "texture": "#0"},
				"down": {"uv": [8, 10.75, 10.75, 11.25], "rotation": 180, "texture": "#0"}
			}
		},
		{
			"from": [26.9, 16.7, 3.9],
			"to": [27.1, 16.9, 12.1],
			"rotation": {"angle": 0, "axis": "y", "origin": [16, 0, 0]},
			"faces": {
				"north": {"uv": [4.75, 10.75, 5.55, 10.75], "rotation": 270, "texture": "#0"},
				"east": {"uv": [8, 10.75, 12, 10.8], "texture": "#0"},
				"south": {"uv": [4.75, 10.75, 5.55, 10.75], "rotation": 90, "texture": "#0"},
				"west": {"uv": [6.75, 11, 13.75, 11.05], "rotation": 180, "texture": "#0"},
				"up": {"uv": [8, 10.75, 11.25, 11.25], "rotation": 90, "texture": "#0"},
				"down": {"uv": [8, 10.75, 10.75, 11.25], "rotation": 90, "texture": "#0"}
			}
		},
		{
			"from": [19.1, 16.7, 3.9],
			"to": [26.9, 16.9, 4.1],
			"rotation": {"angle": 0, "axis": "y", "origin": [16, 0, 0]},
			"faces": {
				"north": {"uv": [8, 10.75, 12, 10.8], "texture": "#0"},
				"east": {"uv": [4.75, 10.75, 5.55, 10.75], "rotation": 90, "texture": "#0"},
				"south": {"uv": [6.75, 11, 13.75, 11.05], "rotation": 180, "texture": "#0"},
				"west": {"uv": [4.75, 10.75, 5.55, 10.75], "rotation": 270, "texture": "#0"},
				"up": {"uv": [8, 10.75, 11.25, 11.25], "texture": "#0"},
				"down": {"uv": [8, 10.75, 10.75, 11.25], "rotation": 180, "texture": "#0"}
			}
		},
		{
			"from": [26.89, 7.19, 11.89],
			"to": [27.11, 16.91, 12.11],
			"rotation": {"angle": 0, "axis": "y", "origin": [16, 0, 0]},
			"faces": {
				"north": {"uv": [8, 10.75, 11.25, 11.25], "rotation": 270, "texture": "#0"},
				"east": {"uv": [8, 10.75, 12, 10.8], "rotation": 90, "texture": "#0"},
				"south": {"uv": [8, 10.75, 10.75, 11.25], "rotation": 90, "texture": "#0"},
				"west": {"uv": [6.75, 11, 13.75, 11.05], "rotation": 90, "texture": "#0"},
				"up": {"uv": [4.75, 10.75, 5.55, 10.75], "rotation": 90, "texture": "#0"},
				"down": {"uv": [4.75, 10.75, 5.55, 10.75], "rotation": 90, "texture": "#0"}
			}
		},
		{
			"from": [26.89, 7.19, 10.89],
			"to": [27.11, 16.91, 11.11],
			"rotation": {"angle": 0, "axis": "y", "origin": [16, 0, 0]},
			"faces": {
				"north": {"uv": [8, 10.75, 11.25, 11.25], "rotation": 270, "texture": "#0"},
				"east": {"uv": [8, 10.75, 12, 10.8], "rotation": 90, "texture": "#0"},
				"south": {"uv": [8, 10.75, 10.75, 11.25], "rotation": 90, "texture": "#0"},
				"west": {"uv": [6.75, 11, 13.75, 11.05], "rotation": 90, "texture": "#0"},
				"up": {"uv": [4.75, 10.75, 5.55, 10.75], "rotation": 90, "texture": "#0"},
				"down": {"uv": [4.75, 10.75, 5.55, 10.75], "rotation": 90, "texture": "#0"}
			}
		},
		{
			"from": [26.89, 7.19, 8.89],
			"to": [27.11, 16.91, 9.11],
			"rotation": {"angle": 0, "axis": "y", "origin": [16, 0, 0]},
			"faces": {
				"north": {"uv": [8, 10.75, 11.25, 11.25], "rotation": 270, "texture": "#0"},
				"east": {"uv": [8, 10.75, 12, 10.8], "rotation": 90, "texture": "#0"},
				"south": {"uv": [8, 10.75, 10.75, 11.25], "rotation": 90, "texture": "#0"},
				"west": {"uv": [6.75, 11, 13.75, 11.05], "rotation": 90, "texture": "#0"},
				"up": {"uv": [4.75, 10.75, 5.55, 10.75], "rotation": 90, "texture": "#0"},
				"down": {"uv": [4.75, 10.75, 5.55, 10.75], "rotation": 90, "texture": "#0"}
			}
		},
		{
			"from": [26.89, 7.19, 9.89],
			"to": [27.11, 16.91, 10.11],
			"rotation": {"angle": 0, "axis": "y", "origin": [16, 0, 0]},
			"faces": {
				"north": {"uv": [8, 10.75, 11.25, 11.25], "rotation": 270, "texture": "#0"},
				"east": {"uv": [8, 10.75, 12, 10.8], "rotation": 90, "texture": "#0"},
				"south": {"uv": [8, 10.75, 10.75, 11.25], "rotation": 90, "texture": "#0"},
				"west": {"uv": [6.75, 11, 13.75, 11.05], "rotation": 90, "texture": "#0"},
				"up": {"uv": [4.75, 10.75, 5.55, 10.75], "rotation": 90, "texture": "#0"},
				"down": {"uv": [4.75, 10.75, 5.55, 10.75], "rotation": 90, "texture": "#0"}
			}
		},
		{
			"from": [26.89, 7.19, 4.89],
			"to": [27.11, 16.91, 5.11],
			"rotation": {"angle": 0, "axis": "y", "origin": [16, 0, 0]},
			"faces": {
				"north": {"uv": [8, 10.75, 11.25, 11.25], "rotation": 270, "texture": "#0"},
				"east": {"uv": [8, 10.75, 12, 10.8], "rotation": 90, "texture": "#0"},
				"south": {"uv": [8, 10.75, 10.75, 11.25], "rotation": 90, "texture": "#0"},
				"west": {"uv": [6.75, 11, 13.75, 11.05], "rotation": 90, "texture": "#0"},
				"up": {"uv": [4.75, 10.75, 5.55, 10.75], "rotation": 90, "texture": "#0"},
				"down": {"uv": [4.75, 10.75, 5.55, 10.75], "rotation": 90, "texture": "#0"}
			}
		},
		{
			"from": [26.89, 7.19, 5.89],
			"to": [27.11, 16.91, 6.11],
			"rotation": {"angle": 0, "axis": "y", "origin": [16, 0, 0]},
			"faces": {
				"north": {"uv": [8, 10.75, 11.25, 11.25], "rotation": 270, "texture": "#0"},
				"east": {"uv": [8, 10.75, 12, 10.8], "rotation": 90, "texture": "#0"},
				"south": {"uv": [8, 10.75, 10.75, 11.25], "rotation": 90, "texture": "#0"},
				"west": {"uv": [6.75, 11, 13.75, 11.05], "rotation": 90, "texture": "#0"},
				"up": {"uv": [4.75, 10.75, 5.55, 10.75], "rotation": 90, "texture": "#0"},
				"down": {"uv": [4.75, 10.75, 5.55, 10.75], "rotation": 90, "texture": "#0"}
			}
		},
		{
			"from": [26.89, 7.19, 6.89],
			"to": [27.11, 16.91, 7.11],
			"rotation": {"angle": 0, "axis": "y", "origin": [16, 0, 0]},
			"faces": {
				"north": {"uv": [8, 10.75, 11.25, 11.25], "rotation": 270, "texture": "#0"},
				"east": {"uv": [8, 10.75, 12, 10.8], "rotation": 90, "texture": "#0"},
				"south": {"uv": [8, 10.75, 10.75, 11.25], "rotation": 90, "texture": "#0"},
				"west": {"uv": [6.75, 11, 13.75, 11.05], "rotation": 90, "texture": "#0"},
				"up": {"uv": [4.75, 10.75, 5.55, 10.75], "rotation": 90, "texture": "#0"},
				"down": {"uv": [4.75, 10.75, 5.55, 10.75], "rotation": 90, "texture": "#0"}
			}
		},
		{
			"from": [26.89, 7.19, 7.89],
			"to": [27.11, 16.91, 8.11],
			"rotation": {"angle": 0, "axis": "y", "origin": [16, 0, 0]},
			"faces": {
				"north": {"uv": [8, 10.75, 11.25, 11.25], "rotation": 270, "texture": "#0"},
				"east": {"uv": [8, 10.75, 12, 10.8], "rotation": 90, "texture": "#0"},
				"south": {"uv": [8, 10.75, 10.75, 11.25], "rotation": 90, "texture": "#0"},
				"west": {"uv": [6.75, 11, 13.75, 11.05], "rotation": 90, "texture": "#0"},
				"up": {"uv": [4.75, 10.75, 5.55, 10.75], "rotation": 90, "texture": "#0"},
				"down": {"uv": [4.75, 10.75, 5.55, 10.75], "rotation": 90, "texture": "#0"}
			}
		},
		{
			"from": [18.89, 7.19, 11.89],
			"to": [19.11, 17.01, 12.11],
			"rotation": {"angle": 0, "axis": "y", "origin": [16, 0, 0]},
			"faces": {
				"north": {"uv": [8, 10.75, 11.25, 11.25], "rotation": 270, "texture": "#0"},
				"east": {"uv": [8, 10.75, 12, 10.8], "rotation": 90, "texture": "#0"},
				"south": {"uv": [8, 10.75, 10.75, 11.25], "rotation": 90, "texture": "#0"},
				"west": {"uv": [6.75, 11, 13.75, 11.05], "rotation": 90, "texture": "#0"},
				"up": {"uv": [4.75, 10.75, 5.55, 10.75], "rotation": 90, "texture": "#0"},
				"down": {"uv": [4.75, 10.75, 5.55, 10.75], "rotation": 90, "texture": "#0"}
			}
		},
		{
			"from": [19.89, 7.19, 11.89],
			"to": [20.11, 17.01, 12.11],
			"rotation": {"angle": 0, "axis": "y", "origin": [16, 0, 0]},
			"faces": {
				"north": {"uv": [8, 10.75, 11.25, 11.25], "rotation": 270, "texture": "#0"},
				"east": {"uv": [8, 10.75, 12, 10.8], "rotation": 90, "texture": "#0"},
				"south": {"uv": [8, 10.75, 10.75, 11.25], "rotation": 90, "texture": "#0"},
				"west": {"uv": [6.75, 11, 13.75, 11.05], "rotation": 90, "texture": "#0"},
				"up": {"uv": [4.75, 10.75, 5.55, 10.75], "rotation": 90, "texture": "#0"},
				"down": {"uv": [4.75, 10.75, 5.55, 10.75], "rotation": 90, "texture": "#0"}
			}
		},
		{
			"from": [21.89, 7.19, 11.89],
			"to": [22.11, 17.01, 12.11],
			"rotation": {"angle": 0, "axis": "y", "origin": [16, 0, 0]},
			"faces": {
				"north": {"uv": [8, 10.75, 11.25, 11.25], "rotation": 270, "texture": "#0"},
				"east": {"uv": [8, 10.75, 12, 10.8], "rotation": 90, "texture": "#0"},
				"south": {"uv": [8, 10.75, 10.75, 11.25], "rotation": 90, "texture": "#0"},
				"west": {"uv": [6.75, 11, 13.75, 11.05], "rotation": 90, "texture": "#0"},
				"up": {"uv": [4.75, 10.75, 5.55, 10.75], "rotation": 90, "texture": "#0"},
				"down": {"uv": [4.75, 10.75, 5.55, 10.75], "rotation": 90, "texture": "#0"}
			}
		},
		{
			"from": [20.89, 7.19, 11.89],
			"to": [21.11, 17.01, 12.11],
			"rotation": {"angle": 0, "axis": "y", "origin": [16, 0, 0]},
			"faces": {
				"north": {"uv": [8, 10.75, 11.25, 11.25], "rotation": 270, "texture": "#0"},
				"east": {"uv": [8, 10.75, 12, 10.8], "rotation": 90, "texture": "#0"},
				"south": {"uv": [8, 10.75, 10.75, 11.25], "rotation": 90, "texture": "#0"},
				"west": {"uv": [6.75, 11, 13.75, 11.05], "rotation": 90, "texture": "#0"},
				"up": {"uv": [4.75, 10.75, 5.55, 10.75], "rotation": 90, "texture": "#0"},
				"down": {"uv": [4.75, 10.75, 5.55, 10.75], "rotation": 90, "texture": "#0"}
			}
		},
		{
			"from": [23.89, 7.19, 11.89],
			"to": [24.11, 17.01, 12.11],
			"rotation": {"angle": 0, "axis": "y", "origin": [16, 0, 0]},
			"faces": {
				"north": {"uv": [8, 10.75, 11.25, 11.25], "rotation": 270, "texture": "#0"},
				"east": {"uv": [8, 10.75, 12, 10.8], "rotation": 90, "texture": "#0"},
				"south": {"uv": [8, 10.75, 10.75, 11.25], "rotation": 90, "texture": "#0"},
				"west": {"uv": [6.75, 11, 13.75, 11.05], "rotation": 90, "texture": "#0"},
				"up": {"uv": [4.75, 10.75, 5.55, 10.75], "rotation": 90, "texture": "#0"},
				"down": {"uv": [4.75, 10.75, 5.55, 10.75], "rotation": 90, "texture": "#0"}
			}
		},
		{
			"from": [22.89, 7.19, 11.89],
			"to": [23.11, 17.01, 12.11],
			"rotation": {"angle": 0, "axis": "y", "origin": [16, 0, 0]},
			"faces": {
				"north": {"uv": [8, 10.75, 11.25, 11.25], "rotation": 270, "texture": "#0"},
				"east": {"uv": [8, 10.75, 12, 10.8], "rotation": 90, "texture": "#0"},
				"south": {"uv": [8, 10.75, 10.75, 11.25], "rotation": 90, "texture": "#0"},
				"west": {"uv": [6.75, 11, 13.75, 11.05], "rotation": 90, "texture": "#0"},
				"up": {"uv": [4.75, 10.75, 5.55, 10.75], "rotation": 90, "texture": "#0"},
				"down": {"uv": [4.75, 10.75, 5.55, 10.75], "rotation": 90, "texture": "#0"}
			}
		},
		{
			"from": [25.89, 7.19, 11.89],
			"to": [26.11, 17.01, 12.11],
			"rotation": {"angle": 0, "axis": "y", "origin": [16, 0, 0]},
			"faces": {
				"north": {"uv": [8, 10.75, 11.25, 11.25], "rotation": 270, "texture": "#0"},
				"east": {"uv": [8, 10.75, 12, 10.8], "rotation": 90, "texture": "#0"},
				"south": {"uv": [8, 10.75, 10.75, 11.25], "rotation": 90, "texture": "#0"},
				"west": {"uv": [6.75, 11, 13.75, 11.05], "rotation": 90, "texture": "#0"},
				"up": {"uv": [4.75, 10.75, 5.55, 10.75], "rotation": 90, "texture": "#0"},
				"down": {"uv": [4.75, 10.75, 5.55, 10.75], "rotation": 90, "texture": "#0"}
			}
		},
		{
			"from": [24.89, 7.19, 11.89],
			"to": [25.11, 17.01, 12.11],
			"rotation": {"angle": 0, "axis": "y", "origin": [16, 0, 0]},
			"faces": {
				"north": {"uv": [8, 10.75, 11.25, 11.25], "rotation": 270, "texture": "#0"},
				"east": {"uv": [8, 10.75, 12, 10.8], "rotation": 90, "texture": "#0"},
				"south": {"uv": [8, 10.75, 10.75, 11.25], "rotation": 90, "texture": "#0"},
				"west": {"uv": [6.75, 11, 13.75, 11.05], "rotation": 90, "texture": "#0"},
				"up": {"uv": [4.75, 10.75, 5.55, 10.75], "rotation": 90, "texture": "#0"},
				"down": {"uv": [4.75, 10.75, 5.55, 10.75], "rotation": 90, "texture": "#0"}
			}
		},
		{
			"from": [18.89, 7.19, 10.89],
			"to": [19.11, 17.01, 11.11],
			"rotation": {"angle": 0, "axis": "y", "origin": [16, 0, 0]},
			"faces": {
				"north": {"uv": [8, 10.75, 11.25, 11.25], "rotation": 270, "texture": "#0"},
				"east": {"uv": [8, 10.75, 12, 10.8], "rotation": 90, "texture": "#0"},
				"south": {"uv": [8, 10.75, 10.75, 11.25], "rotation": 90, "texture": "#0"},
				"west": {"uv": [6.75, 11, 13.75, 11.05], "rotation": 90, "texture": "#0"},
				"up": {"uv": [4.75, 10.75, 5.55, 10.75], "rotation": 90, "texture": "#0"},
				"down": {"uv": [4.75, 10.75, 5.55, 10.75], "rotation": 90, "texture": "#0"}
			}
		},
		{
			"from": [18.89, 7.19, 8.89],
			"to": [19.11, 17.01, 9.11],
			"rotation": {"angle": 0, "axis": "y", "origin": [16, 0, 0]},
			"faces": {
				"north": {"uv": [8, 10.75, 11.25, 11.25], "rotation": 270, "texture": "#0"},
				"east": {"uv": [8, 10.75, 12, 10.8], "rotation": 90, "texture": "#0"},
				"south": {"uv": [8, 10.75, 10.75, 11.25], "rotation": 90, "texture": "#0"},
				"west": {"uv": [6.75, 11, 13.75, 11.05], "rotation": 90, "texture": "#0"},
				"up": {"uv": [4.75, 10.75, 5.55, 10.75], "rotation": 90, "texture": "#0"},
				"down": {"uv": [4.75, 10.75, 5.55, 10.75], "rotation": 90, "texture": "#0"}
			}
		},
		{
			"from": [18.89, 7.19, 9.89],
			"to": [19.11, 17.01, 10.11],
			"rotation": {"angle": 0, "axis": "y", "origin": [16, 0, 0]},
			"faces": {
				"north": {"uv": [8, 10.75, 11.25, 11.25], "rotation": 270, "texture": "#0"},
				"east": {"uv": [8, 10.75, 12, 10.8], "rotation": 90, "texture": "#0"},
				"south": {"uv": [8, 10.75, 10.75, 11.25], "rotation": 90, "texture": "#0"},
				"west": {"uv": [6.75, 11, 13.75, 11.05], "rotation": 90, "texture": "#0"},
				"up": {"uv": [4.75, 10.75, 5.55, 10.75], "rotation": 90, "texture": "#0"},
				"down": {"uv": [4.75, 10.75, 5.55, 10.75], "rotation": 90, "texture": "#0"}
			}
		},
		{
			"from": [18.89, 7.19, 6.89],
			"to": [19.11, 17.01, 7.11],
			"rotation": {"angle": 0, "axis": "y", "origin": [16, 0, 0]},
			"faces": {
				"north": {"uv": [8, 10.75, 11.25, 11.25], "rotation": 270, "texture": "#0"},
				"east": {"uv": [8, 10.75, 12, 10.8], "rotation": 90, "texture": "#0"},
				"south": {"uv": [8, 10.75, 10.75, 11.25], "rotation": 90, "texture": "#0"},
				"west": {"uv": [6.75, 11, 13.75, 11.05], "rotation": 90, "texture": "#0"},
				"up": {"uv": [4.75, 10.75, 5.55, 10.75], "rotation": 90, "texture": "#0"},
				"down": {"uv": [4.75, 10.75, 5.55, 10.75], "rotation": 90, "texture": "#0"}
			}
		},
		{
			"from": [18.89, 7.19, 7.89],
			"to": [19.11, 17.01, 8.11],
			"rotation": {"angle": 0, "axis": "y", "origin": [16, 0, 0]},
			"faces": {
				"north": {"uv": [8, 10.75, 11.25, 11.25], "rotation": 270, "texture": "#0"},
				"east": {"uv": [8, 10.75, 12, 10.8], "rotation": 90, "texture": "#0"},
				"south": {"uv": [8, 10.75, 10.75, 11.25], "rotation": 90, "texture": "#0"},
				"west": {"uv": [6.75, 11, 13.75, 11.05], "rotation": 90, "texture": "#0"},
				"up": {"uv": [4.75, 10.75, 5.55, 10.75], "rotation": 90, "texture": "#0"},
				"down": {"uv": [4.75, 10.75, 5.55, 10.75], "rotation": 90, "texture": "#0"}
			}
		},
		{
			"from": [18.89, 7.19, 4.89],
			"to": [19.11, 17.01, 5.11],
			"rotation": {"angle": 0, "axis": "y", "origin": [16, 0, 0]},
			"faces": {
				"north": {"uv": [8, 10.75, 11.25, 11.25], "rotation": 270, "texture": "#0"},
				"east": {"uv": [8, 10.75, 12, 10.8], "rotation": 90, "texture": "#0"},
				"south": {"uv": [8, 10.75, 10.75, 11.25], "rotation": 90, "texture": "#0"},
				"west": {"uv": [6.75, 11, 13.75, 11.05], "rotation": 90, "texture": "#0"},
				"up": {"uv": [4.75, 10.75, 5.55, 10.75], "rotation": 90, "texture": "#0"},
				"down": {"uv": [4.75, 10.75, 5.55, 10.75], "rotation": 90, "texture": "#0"}
			}
		},
		{
			"from": [18.89, 7.19, 5.89],
			"to": [19.11, 17.01, 6.11],
			"rotation": {"angle": 0, "axis": "y", "origin": [16, 0, 0]},
			"faces": {
				"north": {"uv": [8, 10.75, 11.25, 11.25], "rotation": 270, "texture": "#0"},
				"east": {"uv": [8, 10.75, 12, 10.8], "rotation": 90, "texture": "#0"},
				"south": {"uv": [8, 10.75, 10.75, 11.25], "rotation": 90, "texture": "#0"},
				"west": {"uv": [6.75, 11, 13.75, 11.05], "rotation": 90, "texture": "#0"},
				"up": {"uv": [4.75, 10.75, 5.55, 10.75], "rotation": 90, "texture": "#0"},
				"down": {"uv": [4.75, 10.75, 5.55, 10.75], "rotation": 90, "texture": "#0"}
			}
		},
		{
			"from": [26.89, 7.19, 3.89],
			"to": [27.11, 17.01, 4.11],
			"rotation": {"angle": 0, "axis": "y", "origin": [16, 0, 0]},
			"faces": {
				"north": {"uv": [8, 10.75, 11.25, 11.25], "rotation": 270, "texture": "#0"},
				"east": {"uv": [8, 10.75, 12, 10.8], "rotation": 90, "texture": "#0"},
				"south": {"uv": [8, 10.75, 10.75, 11.25], "rotation": 90, "texture": "#0"},
				"west": {"uv": [6.75, 11, 13.75, 11.05], "rotation": 90, "texture": "#0"},
				"up": {"uv": [4.75, 10.75, 5.55, 10.75], "rotation": 90, "texture": "#0"},
				"down": {"uv": [4.75, 10.75, 5.55, 10.75], "rotation": 90, "texture": "#0"}
			}
		}
	],
	"display": {
		"thirdperson_righthand": {
			"rotation": [90, -90, 0],
			"translation": [0, 7, 3.5],
			"scale": [0.6, 0.6, 0.6]
		},
		"thirdperson_lefthand": {
			"rotation": [90, 90, 0],
			"translation": [0, 7, 3.75],
			"scale": [0.6, 0.6, 0.6]
		},
		"firstperson_righthand": {
			"rotation": [-154.91, -81.28, 116.64],
			"translation": [6.75, 0.75, 0],
			"scale": [0.8, 0.8, 0.8]
		},
		"firstperson_lefthand": {
			"rotation": [29, 74, 47],
			"translation": [6.5, 3.25, 0],
			"scale": [0.8, 0.8, 0.8]
		},
		"ground": {
			"rotation": [0, 0, -76],
			"translation": [0, 6.75, 0],
			"scale": [0.4, 0.4, 0.4]
		},
		"gui": {
			"rotation": [-9, 180, -54],
			"translation": [1, 0.75, 0],
			"scale": [0.33, 0.33, 0.33]
		},
		"head": {
			"translation": [-1.25, 3.5, 0]
		},
		"fixed": {
			"rotation": [0, 0, -45],
			"translation": [-1, 1, 1],
			"scale": [0.4, 0.4, 0.4]
		}
	},
	"groups": [
		{
			"name": "head",
			"origin": [15, 0, 0],
			"color": 0,
			"children": [0, 1, 2, 3, 4, 5]
		},
		6,
		7,
		8,
		9,
		10,
		11,
		12,
		13,
		14,
		15,
		16,
		17,
		18,
		19,
		20,
		{
			"name": "sword",
			"origin": [16, 0, 0],
			"color": 0,
			"children": [21, 22, 23, 24, 25, 26, 27, 28, 29]
		},
		30,
		31,
		32,
		33,
		34,
		35,
		36,
		37,
		38,
		39,
		40,
		41,
		42,
		43,
		44,
		45,
		46,
		47,
		48,
		49,
		50,
		51,
		52,
		53,
		54,
		55,
		56,
		57,
		58,
		59,
		60,
		61,
		62,
		63,
		64,
		65,
		66,
		67,
		68,
		69,
		70,
		71
	]
}