{
	"credit": "Made by HQEli",
	"texture_size": [64, 64],
	"textures": {
		"0": "item/candy_cane_cutlass",
		"particle": "item/candy_cane_cutlass"
	},
	"elements": [
		{
			"from": [7.1, -5, 7.6],
			"to": [8.9, 0, 9.4],
			"faces": {
				"north": {"uv": [4.55, 3.55, 5.425, 5.6], "texture": "#0"},
				"east": {"uv": [4.55, 3.55, 5.425, 5.6], "texture": "#0"},
				"south": {"uv": [4.55, 3.55, 5.425, 5.6], "texture": "#0"},
				"west": {"uv": [4.55, 3.55, 5.425, 5.6], "texture": "#0"},
				"up": {"uv": [4.55, 2.8, 5.425, 3.62], "texture": "#0"},
				"down": {"uv": [4.55, 3.55, 5.425, 4.37], "texture": "#0"}
			}
		},
		{
			"from": [7.5, -9.2, 8],
			"to": [8.5, -5, 9],
			"faces": {
				"north": {"uv": [0, 0, 0.25, 1], "texture": "#0"},
				"east": {"uv": [0.25, 0, 0.5, 1], "texture": "#0"},
				"south": {"uv": [0.5, 0, 0.75, 1], "texture": "#0"},
				"west": {"uv": [0.75, 0, 1, 1], "texture": "#0"},
				"up": {"uv": [0.25, 1.25, 0, 1], "texture": "#0"},
				"down": {"uv": [1.25, 0, 1, 0.25], "texture": "#0"}
			}
		},
		{
			"from": [7.5, -0.2, 8],
			"to": [8.5, 9, 9],
			"faces": {
				"north": {"uv": [0, 0, 0.25, 1], "texture": "#0"},
				"east": {"uv": [0.25, 0, 0.5, 1], "texture": "#0"},
				"south": {"uv": [0.5, 0, 0.75, 1], "texture": "#0"},
				"west": {"uv": [0.75, 0, 1, 1], "texture": "#0"},
				"up": {"uv": [0.25, 1.25, 0, 1], "texture": "#0"},
				"down": {"uv": [1.25, 0, 1, 0.25], "texture": "#0"}
			}
		},
		{
			"from": [7.6, 9, 8],
			"to": [8.4, 14.2, 8.8],
			"faces": {
				"north": {"uv": [0, 0, 0.25, 1], "texture": "#0"},
				"east": {"uv": [0.25, 0, 0.5, 1], "texture": "#0"},
				"south": {"uv": [0.5, 0, 0.75, 1], "texture": "#0"},
				"west": {"uv": [0.75, 0, 1, 1], "texture": "#0"},
				"up": {"uv": [0.25, 1.25, 0, 1], "texture": "#0"},
				"down": {"uv": [1.25, 0, 1, 0.25], "texture": "#0"}
			}
		},
		{
			"from": [7.7, 14.2, 8],
			"to": [8.3, 17.4, 8.7],
			"faces": {
				"north": {"uv": [0, 0, 0.25, 1], "texture": "#0"},
				"east": {"uv": [0.25, 0, 0.5, 1], "texture": "#0"},
				"south": {"uv": [0.5, 0, 0.75, 1], "texture": "#0"},
				"west": {"uv": [0.75, 0, 1, 1], "texture": "#0"},
				"up": {"uv": [0.25, 1.25, 0, 1], "texture": "#0"},
				"down": {"uv": [1.25, 0, 1, 0.25], "texture": "#0"}
			}
		},
		{
			"from": [7.8, 17.4, 8],
			"to": [8.2, 19.6, 8.5],
			"faces": {
				"north": {"uv": [0, 0, 0.25, 1], "texture": "#0"},
				"east": {"uv": [0.25, 0, 0.5, 1], "texture": "#0"},
				"south": {"uv": [0.5, 0, 0.75, 1], "texture": "#0"},
				"west": {"uv": [0.75, 0, 1, 1], "texture": "#0"},
				"up": {"uv": [0.25, 1.25, 0, 1], "texture": "#0"},
				"down": {"uv": [1.25, 0, 1, 0.25], "texture": "#0"}
			}
		},
		{
			"from": [7.501, -13.98361, 4.97447],
			"to": [8.499, -12.98561, 5.97247],
			"rotation": {"angle": -22.5, "axis": "x", "origin": [0, -3.48461, -3.02653]},
			"faces": {
				"north": {"uv": [2.825, 3.025, 3.2, 3.45], "texture": "#0"},
				"east": {"uv": [2.8, 3.025, 3.2, 3.45], "texture": "#0"},
				"south": {"uv": [2.8, 3.025, 3.2, 3.45], "texture": "#0"},
				"west": {"uv": [2.8, 3.025, 3.2, 3.45], "texture": "#0"},
				"up": {"uv": [2.75, 1, 3, 1], "texture": "#0"},
				"down": {"uv": [2.75, 1, 3, 1], "texture": "#0"}
			}
		},
		{
			"from": [7.5, -10.62388, 8.58979],
			"to": [8.5, -9.62388, 9.58979],
			"rotation": {"angle": -45, "axis": "x", "origin": [8, -10.12388, 9.08979]},
			"faces": {
				"north": {"uv": [1.825, 3.025, 2.2, 3.45], "texture": "#0"},
				"east": {"uv": [1.8, 3.025, 2.2, 3.45], "texture": "#0"},
				"south": {"uv": [1.8, 3.025, 2.2, 3.45], "texture": "#0"},
				"west": {"uv": [1.8, 3.025, 2.2, 3.45], "texture": "#0"},
				"up": {"uv": [1.75, 1, 2, 1], "texture": "#0"},
				"down": {"uv": [1.75, 1, 2, 1], "texture": "#0"}
			}
		},
		{
			"from": [7.5, -11.21367, 10.01367],
			"to": [8.5, -10.21367, 11.01367],
			"rotation": {"angle": 0, "axis": "y", "origin": [8, -10.71367, 10.51367]},
			"faces": {
				"north": {"uv": [1.75, 1, 2, 1], "rotation": 180, "texture": "#0"},
				"east": {"uv": [1.8, 3.025, 2.2, 3.45], "rotation": 90, "texture": "#0"},
				"south": {"uv": [1.75, 1, 2, 1], "texture": "#0"},
				"west": {"uv": [1.8, 3.025, 2.2, 3.45], "rotation": 270, "texture": "#0"},
				"up": {"uv": [1.8, 3.025, 2.2, 3.45], "texture": "#0"},
				"down": {"uv": [1.825, 3.025, 2.2, 3.45], "rotation": 180, "texture": "#0"}
			}
		},
		{
			"from": [7.501, -11.44207, 10.86139],
			"to": [8.499, -10.44407, 11.85939],
			"rotation": {"angle": -22.5, "axis": "x", "origin": [8, -10.94307, 10.36039]},
			"faces": {
				"north": {"uv": [2.75, 1, 3, 1], "rotation": 180, "texture": "#0"},
				"east": {"uv": [2.8, 3.025, 3.2, 3.45], "rotation": 90, "texture": "#0"},
				"south": {"uv": [2.75, 1, 3, 1], "texture": "#0"},
				"west": {"uv": [2.8, 3.025, 3.2, 3.45], "rotation": 270, "texture": "#0"},
				"up": {"uv": [2.8, 3.025, 3.2, 3.45], "texture": "#0"},
				"down": {"uv": [2.825, 3.025, 3.2, 3.45], "rotation": 180, "texture": "#0"}
			}
		},
		{
			"from": [7.5, -12.03809, 12.02334],
			"to": [8.5, -11.03809, 13.02334],
			"rotation": {"angle": -45, "axis": "x", "origin": [8, -11.53809, 10.52334]},
			"faces": {
				"north": {"uv": [1.75, 1, 2, 1], "rotation": 180, "texture": "#0"},
				"east": {"uv": [1.8, 3.025, 2.2, 3.45], "rotation": 90, "texture": "#0"},
				"south": {"uv": [1.75, 1, 2, 1], "texture": "#0"},
				"west": {"uv": [1.8, 3.025, 2.2, 3.45], "rotation": 270, "texture": "#0"},
				"up": {"uv": [1.8, 3.025, 2.2, 3.45], "texture": "#0"},
				"down": {"uv": [1.825, 3.025, 2.2, 3.45], "rotation": 180, "texture": "#0"}
			}
		},
		{
			"from": [7.501, -9.81736, 11.10969],
			"to": [8.499, -8.81936, 12.10769],
			"rotation": {"angle": 22.5, "axis": "x", "origin": [8, -11.31836, 11.60869]},
			"faces": {
				"north": {"uv": [2.8, 3.025, 3.2, 3.45], "rotation": 180, "texture": "#0"},
				"east": {"uv": [2.8, 3.025, 3.2, 3.45], "rotation": 180, "texture": "#0"},
				"south": {"uv": [2.825, 3.025, 3.2, 3.45], "rotation": 180, "texture": "#0"},
				"west": {"uv": [2.8, 3.025, 3.2, 3.45], "rotation": 180, "texture": "#0"},
				"up": {"uv": [2.75, 1, 3, 1], "texture": "#0"},
				"down": {"uv": [2.75, 1, 3, 1], "texture": "#0"}
			}
		},
		{
			"from": [7.5, -9.2, 12.02734],
			"to": [8.5, -8.2, 13.02734],
			"rotation": {"angle": 0, "axis": "y", "origin": [8, -10.7, 12.52734]},
			"faces": {
				"north": {"uv": [1.8, 3.025, 2.2, 3.45], "rotation": 180, "texture": "#0"},
				"east": {"uv": [1.8, 3.025, 2.2, 3.45], "rotation": 180, "texture": "#0"},
				"south": {"uv": [1.825, 3.025, 2.2, 3.45], "rotation": 180, "texture": "#0"},
				"west": {"uv": [1.8, 3.025, 2.2, 3.45], "rotation": 180, "texture": "#0"},
				"up": {"uv": [1.75, 3.25, 2, 3.25], "texture": "#0"},
				"down": {"uv": [1.75, 3.25, 2, 3.25], "texture": "#0"}
			}
		},
		{
			"from": [7.501, -11.05939, 9.24407],
			"to": [8.499, -10.06139, 10.24207],
			"rotation": {"angle": 22.5, "axis": "x", "origin": [8, -10.56039, 9.74307]},
			"faces": {
				"north": {"uv": [2.75, 1, 3, 1], "rotation": 180, "texture": "#0"},
				"east": {"uv": [2.8, 3.025, 3.2, 3.45], "rotation": 90, "texture": "#0"},
				"south": {"uv": [2.75, 1, 3, 1], "texture": "#0"},
				"west": {"uv": [2.8, 3.025, 3.2, 3.45], "rotation": 270, "texture": "#0"},
				"up": {"uv": [2.8, 3.025, 3.2, 3.45], "texture": "#0"},
				"down": {"uv": [2.825, 3.025, 3.2, 3.45], "rotation": 180, "texture": "#0"}
			}
		},
		{
			"from": [7, -6, 7.5],
			"to": [9, -5.5, 9.5],
			"faces": {
				"north": {"uv": [5.85, 3.15, 6.675, 3.85], "texture": "#0"},
				"east": {"uv": [5.85, 3.15, 6.675, 3.85], "texture": "#0"},
				"south": {"uv": [5.85, 3.15, 6.675, 3.85], "texture": "#0"},
				"west": {"uv": [5.85, 3.15, 6.675, 3.85], "texture": "#0"},
				"up": {"uv": [5.85, 3.125, 6.675, 3.875], "texture": "#0"},
				"down": {"uv": [5.85, 3.075, 6.675, 3.9], "texture": "#0"}
			}
		},
		{
			"from": [6.6, -5.25, 8.25],
			"to": [7.1, -2.75, 8.75],
			"faces": {
				"north": {"uv": [5.95, 7.65, 6.2, 8.4], "texture": "#0"},
				"east": {"uv": [5.95, 7.65, 6.2, 8.4], "texture": "#0"},
				"south": {"uv": [5.95, 7.65, 6.2, 8.4], "texture": "#0"},
				"west": {"uv": [5.95, 7.65, 6.2, 8.4], "texture": "#0"},
				"up": {"uv": [5.95, 7.65, 6.2, 7.9], "texture": "#0"},
				"down": {"uv": [5.95, 7.65, 6.2, 7.9], "texture": "#0"}
			}
		},
		{
			"from": [6.1, -6, 8.25],
			"to": [6.6, -2.75, 8.75],
			"faces": {
				"north": {"uv": [5.95, 7.65, 6.2, 8.5875], "texture": "#0"},
				"east": {"uv": [5.95, 7.65, 6.2, 8.5875], "texture": "#0"},
				"south": {"uv": [5.95, 7.65, 6.2, 8.5875], "texture": "#0"},
				"west": {"uv": [5.95, 7.65, 6.2, 8.5875], "texture": "#0"},
				"up": {"uv": [5.95, 7.65, 6.2, 7.9], "texture": "#0"},
				"down": {"uv": [5.95, 7.65, 6.2, 7.9], "texture": "#0"}
			}
		},
		{
			"from": [5.6, -6, 8.25],
			"to": [6.1, -3.5, 8.75],
			"faces": {
				"north": {"uv": [5.95, 7.65, 6.2, 8.4], "texture": "#0"},
				"east": {"uv": [5.95, 7.65, 6.2, 8.4], "texture": "#0"},
				"south": {"uv": [5.95, 7.65, 6.2, 8.4], "texture": "#0"},
				"west": {"uv": [5.95, 7.65, 6.2, 8.4], "texture": "#0"},
				"up": {"uv": [5.95, 7.65, 6.2, 7.9], "texture": "#0"},
				"down": {"uv": [5.95, 7.65, 6.2, 7.9], "texture": "#0"}
			}
		},
		{
			"from": [5.1, -5.25, 8.25],
			"to": [5.6, -3.5, 8.75],
			"faces": {
				"north": {"uv": [5.95, 7.65, 6.2, 8.2125], "texture": "#0"},
				"east": {"uv": [5.95, 7.65, 6.2, 8.2125], "texture": "#0"},
				"south": {"uv": [5.95, 7.65, 6.2, 8.2125], "texture": "#0"},
				"west": {"uv": [5.95, 7.65, 6.2, 8.2125], "texture": "#0"},
				"up": {"uv": [5.95, 7.65, 6.2, 7.9], "texture": "#0"},
				"down": {"uv": [5.95, 7.65, 6.2, 7.9], "texture": "#0"}
			}
		},
		{
			"from": [4.6, -5.75, 8.25],
			"to": [5.1, -3.25, 8.75],
			"faces": {
				"north": {"uv": [5.95, 7.65, 6.2, 8.4], "texture": "#0"},
				"east": {"uv": [5.95, 7.65, 6.2, 8.4], "texture": "#0"},
				"south": {"uv": [5.95, 7.65, 6.2, 8.4], "texture": "#0"},
				"west": {"uv": [5.95, 7.65, 6.2, 8.4], "texture": "#0"},
				"up": {"uv": [5.95, 7.65, 6.2, 7.9], "texture": "#0"},
				"down": {"uv": [5.95, 7.65, 6.2, 7.9], "texture": "#0"}
			}
		},
		{
			"from": [4.1, -4.25, 8.25],
			"to": [4.6, -2.75, 8.75],
			"faces": {
				"north": {"uv": [5.95, 7.65, 6.2, 8.15], "texture": "#0"},
				"east": {"uv": [5.95, 7.65, 6.2, 8.15], "texture": "#0"},
				"south": {"uv": [5.95, 7.65, 6.2, 8.15], "texture": "#0"},
				"west": {"uv": [5.95, 7.65, 6.2, 8.15], "texture": "#0"},
				"up": {"uv": [5.95, 7.65, 6.2, 7.9], "texture": "#0"},
				"down": {"uv": [5.95, 7.65, 6.2, 7.9], "texture": "#0"}
			}
		},
		{
			"from": [3.6, -4, 8.25],
			"to": [4.1, -3, 8.75],
			"faces": {
				"north": {"uv": [5.95, 7.65, 6.2, 8.025], "texture": "#0"},
				"east": {"uv": [5.95, 7.65, 6.2, 8.025], "texture": "#0"},
				"south": {"uv": [5.95, 7.65, 6.2, 8.025], "texture": "#0"},
				"west": {"uv": [5.95, 7.65, 6.2, 8.025], "texture": "#0"},
				"up": {"uv": [5.95, 7.65, 6.2, 7.9], "texture": "#0"},
				"down": {"uv": [5.95, 7.65, 6.2, 7.9], "texture": "#0"}
			}
		},
		{
			"from": [4.1, -6.25, 8.25],
			"to": [4.6, -4.75, 8.75],
			"faces": {
				"north": {"uv": [5.95, 7.65, 6.2, 8.15], "texture": "#0"},
				"east": {"uv": [5.95, 7.65, 6.2, 8.15], "texture": "#0"},
				"south": {"uv": [5.95, 7.65, 6.2, 8.15], "texture": "#0"},
				"west": {"uv": [5.95, 7.65, 6.2, 8.15], "texture": "#0"},
				"up": {"uv": [5.95, 7.65, 6.2, 7.9], "texture": "#0"},
				"down": {"uv": [5.95, 7.65, 6.2, 7.9], "texture": "#0"}
			}
		},
		{
			"from": [3.6, -6.25, 8.25],
			"to": [4.1, -5.25, 8.75],
			"faces": {
				"north": {"uv": [5.95, 7.65, 6.2, 8.025], "texture": "#0"},
				"east": {"uv": [5.95, 7.65, 6.2, 8.025], "texture": "#0"},
				"south": {"uv": [5.95, 7.65, 6.2, 8.025], "texture": "#0"},
				"west": {"uv": [5.95, 7.65, 6.2, 8.025], "texture": "#0"},
				"up": {"uv": [5.95, 7.65, 6.2, 7.9], "texture": "#0"},
				"down": {"uv": [5.95, 7.65, 6.2, 7.9], "texture": "#0"}
			}
		},
		{
			"from": [3.1, -6.25, 8.25],
			"to": [3.6, -4.75, 8.75],
			"faces": {
				"north": {"uv": [5.95, 7.65, 6.2, 8.15], "texture": "#0"},
				"east": {"uv": [5.95, 7.65, 6.2, 8.15], "texture": "#0"},
				"south": {"uv": [5.95, 7.65, 6.2, 8.15], "texture": "#0"},
				"west": {"uv": [5.95, 7.65, 6.2, 8.15], "texture": "#0"},
				"up": {"uv": [5.95, 7.65, 6.2, 7.9], "texture": "#0"},
				"down": {"uv": [5.95, 7.65, 6.2, 7.9], "texture": "#0"}
			}
		},
		{
			"from": [2.6, -5.75, 8.25],
			"to": [3.1, -4.25, 8.75],
			"faces": {
				"north": {"uv": [5.95, 7.65, 6.2, 8.15], "texture": "#0"},
				"east": {"uv": [5.95, 7.65, 6.2, 8.15], "texture": "#0"},
				"south": {"uv": [5.95, 7.65, 6.2, 8.15], "texture": "#0"},
				"west": {"uv": [5.95, 7.65, 6.2, 8.15], "texture": "#0"},
				"up": {"uv": [5.95, 7.65, 6.2, 7.9], "texture": "#0"},
				"down": {"uv": [5.95, 7.65, 6.2, 7.9], "texture": "#0"}
			}
		},
		{
			"from": [8.9, -5.25, 8.25],
			"to": [9.4, -2.75, 8.75],
			"faces": {
				"north": {"uv": [5.95, 7.65, 6.2, 8.4], "texture": "#0"},
				"east": {"uv": [5.95, 7.65, 6.2, 8.4], "texture": "#0"},
				"south": {"uv": [5.95, 7.65, 6.2, 8.4], "texture": "#0"},
				"west": {"uv": [5.95, 7.65, 6.2, 8.4], "texture": "#0"},
				"up": {"uv": [5.95, 7.65, 6.2, 7.9], "texture": "#0"},
				"down": {"uv": [5.95, 7.65, 6.2, 7.9], "texture": "#0"}
			}
		},
		{
			"from": [9.4, -6, 8.25],
			"to": [9.9, -2.75, 8.75],
			"faces": {
				"north": {"uv": [5.95, 7.65, 6.2, 8.5875], "texture": "#0"},
				"east": {"uv": [5.95, 7.65, 6.2, 8.5875], "texture": "#0"},
				"south": {"uv": [5.95, 7.65, 6.2, 8.5875], "texture": "#0"},
				"west": {"uv": [5.95, 7.65, 6.2, 8.5875], "texture": "#0"},
				"up": {"uv": [5.95, 7.65, 6.2, 7.9], "texture": "#0"},
				"down": {"uv": [5.95, 7.65, 6.2, 7.9], "texture": "#0"}
			}
		},
		{
			"from": [9.9, -6, 8.25],
			"to": [10.4, -3.5, 8.75],
			"faces": {
				"north": {"uv": [5.95, 7.65, 6.2, 8.4], "texture": "#0"},
				"east": {"uv": [5.95, 7.65, 6.2, 8.4], "texture": "#0"},
				"south": {"uv": [5.95, 7.65, 6.2, 8.4], "texture": "#0"},
				"west": {"uv": [5.95, 7.65, 6.2, 8.4], "texture": "#0"},
				"up": {"uv": [5.95, 7.65, 6.2, 7.9], "texture": "#0"},
				"down": {"uv": [5.95, 7.65, 6.2, 7.9], "texture": "#0"}
			}
		},
		{
			"from": [10.4, -5.25, 8.25],
			"to": [10.9, -3.5, 8.75],
			"faces": {
				"north": {"uv": [5.95, 7.65, 6.2, 8.2125], "texture": "#0"},
				"east": {"uv": [5.95, 7.65, 6.2, 8.2125], "texture": "#0"},
				"south": {"uv": [5.95, 7.65, 6.2, 8.2125], "texture": "#0"},
				"west": {"uv": [5.95, 7.65, 6.2, 8.2125], "texture": "#0"},
				"up": {"uv": [5.95, 7.65, 6.2, 7.9], "texture": "#0"},
				"down": {"uv": [5.95, 7.65, 6.2, 7.9], "texture": "#0"}
			}
		},
		{
			"from": [10.9, -5.75, 8.25],
			"to": [11.4, -3.25, 8.75],
			"faces": {
				"north": {"uv": [5.95, 7.65, 6.2, 8.4], "texture": "#0"},
				"east": {"uv": [5.95, 7.65, 6.2, 8.4], "texture": "#0"},
				"south": {"uv": [5.95, 7.65, 6.2, 8.4], "texture": "#0"},
				"west": {"uv": [5.95, 7.65, 6.2, 8.4], "texture": "#0"},
				"up": {"uv": [5.95, 7.65, 6.2, 7.9], "texture": "#0"},
				"down": {"uv": [5.95, 7.65, 6.2, 7.9], "texture": "#0"}
			}
		},
		{
			"from": [11.4, -4.25, 8.25],
			"to": [11.9, -2.75, 8.75],
			"faces": {
				"north": {"uv": [5.95, 7.65, 6.2, 8.15], "texture": "#0"},
				"east": {"uv": [5.95, 7.65, 6.2, 8.15], "texture": "#0"},
				"south": {"uv": [5.95, 7.65, 6.2, 8.15], "texture": "#0"},
				"west": {"uv": [5.95, 7.65, 6.2, 8.15], "texture": "#0"},
				"up": {"uv": [5.95, 7.65, 6.2, 7.9], "texture": "#0"},
				"down": {"uv": [5.95, 7.65, 6.2, 7.9], "texture": "#0"}
			}
		},
		{
			"from": [11.9, -4, 8.25],
			"to": [12.4, -3, 8.75],
			"faces": {
				"north": {"uv": [5.95, 7.65, 6.2, 8.025], "texture": "#0"},
				"east": {"uv": [5.95, 7.65, 6.2, 8.025], "texture": "#0"},
				"south": {"uv": [5.95, 7.65, 6.2, 8.025], "texture": "#0"},
				"west": {"uv": [5.95, 7.65, 6.2, 8.025], "texture": "#0"},
				"up": {"uv": [5.95, 7.65, 6.2, 7.9], "texture": "#0"},
				"down": {"uv": [5.95, 7.65, 6.2, 7.9], "texture": "#0"}
			}
		},
		{
			"from": [11.4, -6.25, 8.25],
			"to": [11.9, -4.75, 8.75],
			"faces": {
				"north": {"uv": [5.95, 7.65, 6.2, 8.15], "texture": "#0"},
				"east": {"uv": [5.95, 7.65, 6.2, 8.15], "texture": "#0"},
				"south": {"uv": [5.95, 7.65, 6.2, 8.15], "texture": "#0"},
				"west": {"uv": [5.95, 7.65, 6.2, 8.15], "texture": "#0"},
				"up": {"uv": [5.95, 7.65, 6.2, 7.9], "texture": "#0"},
				"down": {"uv": [5.95, 7.65, 6.2, 7.9], "texture": "#0"}
			}
		},
		{
			"from": [11.9, -6.25, 8.25],
			"to": [12.4, -5.25, 8.75],
			"faces": {
				"north": {"uv": [5.95, 7.65, 6.2, 8.025], "texture": "#0"},
				"east": {"uv": [5.95, 7.65, 6.2, 8.025], "texture": "#0"},
				"south": {"uv": [5.95, 7.65, 6.2, 8.025], "texture": "#0"},
				"west": {"uv": [5.95, 7.65, 6.2, 8.025], "texture": "#0"},
				"up": {"uv": [5.95, 7.65, 6.2, 7.9], "texture": "#0"},
				"down": {"uv": [5.95, 7.65, 6.2, 7.9], "texture": "#0"}
			}
		},
		{
			"from": [12.4, -6.25, 8.25],
			"to": [12.9, -4.75, 8.75],
			"faces": {
				"north": {"uv": [5.95, 7.65, 6.2, 8.15], "texture": "#0"},
				"east": {"uv": [5.95, 7.65, 6.2, 8.15], "texture": "#0"},
				"south": {"uv": [5.95, 7.65, 6.2, 8.15], "texture": "#0"},
				"west": {"uv": [5.95, 7.65, 6.2, 8.15], "texture": "#0"},
				"up": {"uv": [5.95, 7.65, 6.2, 7.9], "texture": "#0"},
				"down": {"uv": [5.95, 7.65, 6.2, 7.9], "texture": "#0"}
			}
		},
		{
			"from": [12.9, -5.75, 8.25],
			"to": [13.4, -4.25, 8.75],
			"faces": {
				"north": {"uv": [5.95, 7.65, 6.2, 8.15], "texture": "#0"},
				"east": {"uv": [5.95, 7.65, 6.2, 8.15], "texture": "#0"},
				"south": {"uv": [5.95, 7.65, 6.2, 8.15], "texture": "#0"},
				"west": {"uv": [5.95, 7.65, 6.2, 8.15], "texture": "#0"},
				"up": {"uv": [5.95, 7.65, 6.2, 7.9], "texture": "#0"},
				"down": {"uv": [5.95, 7.65, 6.2, 7.9], "texture": "#0"}
			}
		}
	],
	"display": {
		"thirdperson_righthand": {
			"rotation": [0, 90, 0],
			"translation": [0, 14.75, 1]
		},
		"thirdperson_lefthand": {
			"rotation": [0, 90, 0],
			"translation": [0, 14.75, 1]
		},
		"firstperson_righthand": {
			"translation": [2.5, 4, 0]
		},
		"firstperson_lefthand": {
			"translation": [2.75, 4, 0]
		},
		"ground": {
			"translation": [0, 5.5, 0],
			"scale": [0.4, 0.4, 0.4]
		},
		"gui": {
			"rotation": [-90, -45.5, -90],
			"translation": [2.5, 1.25, 0],
			"scale": [0.56, 0.56, 0.56]
		},
		"head": {
			"rotation": [90, 0, 90],
			"translation": [-0.5, 2, 0]
		},
		"fixed": {
			"rotation": [-90, 45.25, 90],
			"translation": [-2.25, 1, 0],
			"scale": [0.66, 0.66, 0.66]
		}
	}
}