{
	"credit": "Made with Blockbench",
	"texture_size": [64, 64],
	"textures": {
		"0": "item/fazbear_sword",
		"particle": "item/fazbear_sword"
	},
	"elements": [
		{
			"from": [6, 4, 7],
			"to": [10, 8, 11],
			"faces": {
				"north": {"uv": [0.75, 9, 2.75, 11], "texture": "#0"},
				"east": {"uv": [0.75, 12, 2.75, 14], "texture": "#0"},
				"south": {"uv": [0.75, 12, 2.75, 14], "texture": "#0"},
				"west": {"uv": [0.75, 12, 2.75, 14], "texture": "#0"},
				"up": {"uv": [2.75, 14, 0.75, 12], "texture": "#0"},
				"down": {"uv": [2.75, 12, 0.75, 14], "texture": "#0"}
			}
		},
		{
			"from": [7, 8, 8.8],
			"to": [9, 26, 9.1],
			"faces": {
				"north": {"uv": [7.75, 2.25, 8.75, 11], "texture": "#0"},
				"east": {"uv": [8.25, 2.25, 8.3, 11], "texture": "#0"},
				"south": {"uv": [7.75, 2.25, 8.75, 11], "texture": "#0"},
				"west": {"uv": [8.25, 2.325, 8.3, 11], "texture": "#0"},
				"up": {"uv": [8.25, 5.5, 8.4, 6.35], "texture": "#0"},
				"down": {"uv": [8, 4.5, 8.4, 4.825], "texture": "#0"}
			}
		},
		{
			"from": [9, 8, 8.9],
			"to": [9.7, 26, 9],
			"faces": {
				"north": {"uv": [13, 2.25, 13.5, 11], "texture": "#0"},
				"east": {"uv": [13, 2.5, 13.1, 11], "texture": "#0"},
				"south": {"uv": [13, 2.25, 13.5, 11], "texture": "#0"},
				"west": {"uv": [13.25, 2.5, 13.35, 11], "texture": "#0"},
				"up": {"uv": [12.75, 4.5, 13.55, 4.6], "texture": "#0"},
				"down": {"uv": [12.75, 4.5, 13.55, 4.6], "texture": "#0"}
			}
		},
		{
			"from": [6.3, 8, 8.9],
			"to": [7, 26, 9],
			"faces": {
				"north": {"uv": [13, 2.25, 13.5, 11], "texture": "#0"},
				"east": {"uv": [13.25, 2.25, 13.35, 11], "texture": "#0"},
				"south": {"uv": [13, 2.25, 13.5, 11], "texture": "#0"},
				"west": {"uv": [13.175, 2.25, 13.275, 11], "texture": "#0"},
				"up": {"uv": [12.75, 6.25, 13.55, 6.35], "texture": "#0"},
				"down": {"uv": [12.75, 6.25, 13.55, 6.35], "texture": "#0"}
			}
		},
		{
			"from": [7, 26, 8.9],
			"to": [9, 26.8, 9],
			"faces": {
				"north": {"uv": [12.75, 2.25, 13.75, 2.75], "texture": "#0"},
				"east": {"uv": [13, 4, 13.1, 5], "texture": "#0"},
				"south": {"uv": [12.75, 3.5, 13.75, 4], "texture": "#0"},
				"west": {"uv": [13, 4, 13.1, 5], "texture": "#0"},
				"up": {"uv": [12.75, 3.5, 13.75, 3.6], "texture": "#0"},
				"down": {"uv": [13, 3.25, 14.5, 3.35], "texture": "#0"}
			}
		},
		{
			"from": [6.6, 26, 8.9],
			"to": [7, 26.4, 9],
			"faces": {
				"north": {"uv": [13, 5, 13.25, 5.25], "texture": "#0"},
				"east": {"uv": [13, 4.75, 13.1, 5.25], "texture": "#0"},
				"south": {"uv": [13, 3.5, 12.75, 3.75], "texture": "#0"},
				"west": {"uv": [13, 4.75, 13.1, 5.25], "texture": "#0"},
				"up": {"uv": [13.25, 3.25, 13.75, 3.35], "texture": "#0"},
				"down": {"uv": [13.25, 3.25, 13.75, 3.35], "texture": "#0"}
			}
		},
		{
			"from": [9, 26, 8.9],
			"to": [9.4, 26.4, 9],
			"faces": {
				"north": {"uv": [13, 2.5, 13.25, 2.75], "texture": "#0"},
				"east": {"uv": [13, 4, 13.1, 4.5], "texture": "#0"},
				"south": {"uv": [13, 3.5, 12.75, 3.75], "texture": "#0"},
				"west": {"uv": [13, 4, 13.1, 4.5], "texture": "#0"},
				"up": {"uv": [13.25, 3.25, 13.75, 3.35], "texture": "#0"},
				"down": {"uv": [13.25, 3.25, 13.75, 3.35], "texture": "#0"}
			}
		},
		{
			"from": [7.3, -0.3, 8.5],
			"to": [8.7, 4, 9.5],
			"faces": {
				"north": {"uv": [5.75, 8.875, 6.25, 10.9], "texture": "#0"},
				"east": {"uv": [5.75, 9, 6.25, 10.75], "texture": "#0"},
				"south": {"uv": [5.75, 8.875, 6.25, 10.9], "texture": "#0"},
				"west": {"uv": [5.75, 9, 6.25, 10.75], "texture": "#0"},
				"up": {"uv": [5.75, 9.75, 6.15, 10.5], "texture": "#0"},
				"down": {"uv": [5.75, 9, 6.25, 10.05], "texture": "#0"}
			}
		},
		{
			"from": [4, -7.3, 8],
			"to": [6, -5.3, 10],
			"rotation": {"angle": 45, "axis": "z", "origin": [0, 0, 0]},
			"faces": {
				"north": {"uv": [5.75, 11.75, 6.75, 12.75], "texture": "#0"},
				"east": {"uv": [5.75, 13.75, 6.75, 14.75], "texture": "#0"},
				"south": {"uv": [7.75, 11.75, 8.75, 12.75], "texture": "#0"},
				"west": {"uv": [5.75, 13.75, 6.75, 14.75], "texture": "#0"},
				"up": {"uv": [5.75, 13.75, 6.75, 14.75], "texture": "#0"},
				"down": {"uv": [5.75, 13.75, 6.75, 14.75], "texture": "#0"}
			}
		},
		{
			"from": [5.6, 7.5, 7.5],
			"to": [6.6, 8.5, 8.5],
			"faces": {
				"north": {"uv": [3.75, 12.75, 4.25, 13.25], "texture": "#0"},
				"east": {"uv": [3.75, 12.75, 4.25, 13.25], "texture": "#0"},
				"south": {"uv": [3.75, 12.75, 4.25, 13.25], "texture": "#0"},
				"west": {"uv": [3.75, 12.75, 4.25, 13.25], "texture": "#0"},
				"up": {"uv": [3.75, 12.75, 4.25, 13.25], "texture": "#0"},
				"down": {"uv": [3.75, 12.75, 4.25, 13.25], "texture": "#0"}
			}
		},
		{
			"from": [9.4, 7.5, 7.5],
			"to": [10.4, 8.5, 8.5],
			"faces": {
				"north": {"uv": [3.75, 12.75, 4.25, 13.25], "texture": "#0"},
				"east": {"uv": [3.75, 12.75, 4.25, 13.25], "texture": "#0"},
				"south": {"uv": [3.75, 12.75, 4.25, 13.25], "texture": "#0"},
				"west": {"uv": [3.75, 12.75, 4.25, 13.25], "texture": "#0"},
				"up": {"uv": [3.75, 12.75, 4.25, 13.25], "texture": "#0"},
				"down": {"uv": [3.75, 12.75, 4.25, 13.25], "texture": "#0"}
			}
		},
		{
			"from": [6.501, 5.001, 6.701],
			"to": [9.499, 5.999, 7.699],
			"faces": {
				"north": {"uv": [2, 1.75, 3.5, 2.25], "texture": "#0"},
				"east": {"uv": [2, 1.75, 2.625, 2.25], "texture": "#0"},
				"south": {"uv": [2, 1.75, 3.5, 2.25], "texture": "#0"},
				"west": {"uv": [2, 1.75, 2.625, 2.25], "texture": "#0"},
				"up": {"uv": [2, 1.75, 3.5, 2.25], "texture": "#0"},
				"down": {"uv": [2, 1.75, 3.5, 2.25], "texture": "#0"}
			}
		},
		{
			"from": [6.501, 4.001, 6.701],
			"to": [9.499, 4.499, 7.699],
			"faces": {
				"north": {"uv": [1, 12.5, 2.5, 12.75], "texture": "#0"},
				"east": {"uv": [1, 12.5, 1.625, 12.75], "texture": "#0"},
				"south": {"uv": [1, 12.5, 2.5, 12.75], "texture": "#0"},
				"west": {"uv": [1, 12.5, 1.625, 12.75], "texture": "#0"},
				"up": {"uv": [1, 12.5, 2.5, 12.75], "texture": "#0"},
				"down": {"uv": [1, 12.5, 2.5, 12.75], "texture": "#0"}
			}
		},
		{
			"from": [7.5, 5.5, 6.5],
			"to": [8.5, 6, 7.5],
			"faces": {
				"north": {"uv": [1, 3, 1.25, 3.125], "texture": "#0"},
				"east": {"uv": [1, 3, 1.25, 3.125], "texture": "#0"},
				"south": {"uv": [1, 3, 1.25, 3.125], "texture": "#0"},
				"west": {"uv": [1, 3, 1.25, 3.125], "texture": "#0"},
				"up": {"uv": [1, 3, 1.25, 3.25], "texture": "#0"},
				"down": {"uv": [1, 3, 1.25, 3.25], "texture": "#0"}
			}
		},
		{
			"from": [8.9, 4.4, 6.8],
			"to": [9.4, 4.9, 6.81],
			"faces": {
				"north": {"uv": [0.55, 1.05, 0.675, 1.175], "texture": "#0"},
				"east": {"uv": [0.55, 1.05, 0.5525, 1.175], "texture": "#0"},
				"south": {"uv": [0.55, 1.05, 0.675, 1.175], "texture": "#0"},
				"west": {"uv": [0.55, 1.05, 0.5525, 1.175], "texture": "#0"},
				"up": {"uv": [0.55, 1.05, 0.675, 1.0525], "texture": "#0"},
				"down": {"uv": [0.55, 1.05, 0.675, 1.0525], "texture": "#0"}
			}
		},
		{
			"from": [8.2, 4.4, 6.8],
			"to": [8.7, 4.9, 6.81],
			"faces": {
				"north": {"uv": [0.55, 1.05, 0.675, 1.175], "texture": "#0"},
				"east": {"uv": [0.55, 1.05, 0.5525, 1.175], "texture": "#0"},
				"south": {"uv": [0.55, 1.05, 0.675, 1.175], "texture": "#0"},
				"west": {"uv": [0.55, 1.05, 0.5525, 1.175], "texture": "#0"},
				"up": {"uv": [0.55, 1.05, 0.675, 1.0525], "texture": "#0"},
				"down": {"uv": [0.55, 1.05, 0.675, 1.0525], "texture": "#0"}
			}
		},
		{
			"from": [7.3, 4.4, 6.8],
			"to": [7.8, 4.9, 6.81],
			"faces": {
				"north": {"uv": [0.55, 1.05, 0.675, 1.175], "texture": "#0"},
				"east": {"uv": [0.55, 1.05, 0.5525, 1.175], "texture": "#0"},
				"south": {"uv": [0.55, 1.05, 0.675, 1.175], "texture": "#0"},
				"west": {"uv": [0.55, 1.05, 0.5525, 1.175], "texture": "#0"},
				"up": {"uv": [0.55, 1.05, 0.675, 1.0525], "texture": "#0"},
				"down": {"uv": [0.55, 1.05, 0.675, 1.0525], "texture": "#0"}
			}
		},
		{
			"from": [6.6, 4.4, 6.8],
			"to": [7.1, 4.9, 6.81],
			"faces": {
				"north": {"uv": [0.55, 1.05, 0.675, 1.175], "texture": "#0"},
				"east": {"uv": [0.55, 1.05, 0.5525, 1.175], "texture": "#0"},
				"south": {"uv": [0.55, 1.05, 0.675, 1.175], "texture": "#0"},
				"west": {"uv": [0.55, 1.05, 0.5525, 1.175], "texture": "#0"},
				"up": {"uv": [0.55, 1.05, 0.675, 1.0525], "texture": "#0"},
				"down": {"uv": [0.55, 1.05, 0.675, 1.0525], "texture": "#0"}
			}
		},
		{
			"from": [7, 8, 7.4],
			"to": [9, 8.2, 10.6],
			"faces": {
				"north": {"uv": [1.675, 5.725, 2.175, 5.775], "texture": "#0"},
				"east": {"uv": [1.675, 5.725, 2.475, 5.775], "texture": "#0"},
				"south": {"uv": [1.675, 5.725, 2.175, 5.775], "texture": "#0"},
				"west": {"uv": [1.675, 5.725, 2.475, 5.775], "texture": "#0"},
				"up": {"uv": [1.675, 5.725, 2.175, 6.525], "texture": "#0"},
				"down": {"uv": [1.675, 5.725, 2.175, 6.525], "texture": "#0"}
			}
		},
		{
			"from": [7.4, 8.2, 7.4],
			"to": [8.6, 9.2, 10.6],
			"faces": {
				"north": {"uv": [1.675, 5.725, 1.975, 5.975], "texture": "#0"},
				"east": {"uv": [1.675, 5.725, 2.475, 5.975], "texture": "#0"},
				"south": {"uv": [1.675, 5.725, 1.975, 5.975], "texture": "#0"},
				"west": {"uv": [1.675, 5.725, 2.475, 5.975], "texture": "#0"},
				"up": {"uv": [1.675, 5.725, 1.975, 6.525], "texture": "#0"},
				"down": {"uv": [1.675, 5.725, 1.975, 6.525], "texture": "#0"}
			}
		}
	],
	"display": {
		"thirdperson_righthand": {
			"rotation": [0, 90, 0],
			"translation": [-0.75, 4.5, 1.75]
		},
		"thirdperson_lefthand": {
			"rotation": [0, 90, 0],
			"translation": [-0.75, 4.5, 1.75]
		},
		"firstperson_righthand": {
			"rotation": [-8.5, 83, 0],
			"translation": [0.75, 4.5, 0.25],
			"scale": [0.8, 0.8, 0.8]
		},
		"firstperson_lefthand": {
			"rotation": [-8.5, 83, 0],
			"translation": [0.75, 4.5, 0.25],
			"scale": [0.8, 0.8, 0.8]
		},
		"ground": {
			"rotation": [0, 0, 19],
			"translation": [0, 1.75, 0],
			"scale": [0.5, 0.5, 0.5]
		},
		"gui": {
			"rotation": [0, 180, 45],
			"translation": [-2.25, -2, 0],
			"scale": [0.65, 0.65, 0.65]
		},
		"fixed": {
			"rotation": [0, 0, 45],
			"translation": [2.75, -2.75, 0],
			"scale": [0.8, 0.8, 0.8]
		}
	},
	"groups": [
		0,
		{
			"name": "bow",
			"origin": [0, 0, 0],
			"color": 0,
			"children": []
		},
		1,
		2,
		3,
		4,
		5,
		6,
		7,
		8,
		9,
		10,
		{
			"name": "whiskers",
			"origin": [0, 0, 0],
			"color": 0,
			"children": []
		},
		{
			"name": "flower",
			"origin": [8, 8, 8],
			"color": 0,
			"children": []
		},
		{
			"name": "flower",
			"origin": [8, 8, 8],
			"color": 0,
			"children": []
		},
		{
			"name": "flower",
			"origin": [8, 8, 8],
			"color": 0,
			"children": []
		},
		{
			"name": "flower",
			"origin": [8, 8, 8],
			"color": 0,
			"children": []
		},
		{
			"name": "flower",
			"origin": [8, 8, 8],
			"color": 0,
			"children": []
		},
		{
			"name": "flower",
			"origin": [8, 8, 8],
			"color": 0,
			"children": []
		},
		11,
		12,
		13,
		14,
		15,
		16,
		17,
		18,
		19
	]
}