{
	"credit": "Made with Blockbench",
	"parent": "custom/items/cosmetics/hat-parent",
	"texture_size": [64, 64],
	"textures": {
		"2": "item/fox_mask",
		"particle": "item/fox_mask"
	},
	"elements": [
		{
			"from": [3.49, -8.51, 2.99],
			"to": [12.51, 0.51, 5.01],
			"faces": {
				"north": {"uv": [0.5, 4.75, 2.75, 7], "texture": "#2"},
				"east": {"uv": [0.025, 4.775, 0.5, 6.975], "texture": "#2"},
				"south": {"uv": [3.25, 4.75, 5.5, 7], "texture": "#2"},
				"west": {"uv": [2.75, 4.75, 3.225, 6.975], "texture": "#2"},
				"up": {"uv": [2.75, 4.75, 0.5, 4.25], "texture": "#2"},
				"down": {"uv": [5, 4.25, 2.75, 4.75], "texture": "#2"}
			}
		},
		{
			"from": [3.99, -11.36, 4.99],
			"to": [12.01, -0.44, 12.01],
			"rotation": {"angle": 0, "axis": "y", "origin": [0, -0.5, 0]},
			"faces": {
				"north": {"uv": [1.75, 1.5, 3.75, 4.25], "texture": "#2"},
				"east": {"uv": [0, 1.5, 1.75, 4.25], "texture": "#2"},
				"south": {"uv": [5.5, 1.5, 7.5, 4.25], "texture": "#2"},
				"west": {"uv": [3.75, 1.5, 5.5, 4.25], "texture": "#2"},
				"up": {"uv": [3.75, 1.75, 1.75, 0], "texture": "#2"},
				"down": {"uv": [5.75, 0, 3.75, 1.75], "texture": "#2"}
			}
		},
		{
			"from": [4.99, -8.51, -0.01],
			"to": [11.01, -4.49, 3.01],
			"faces": {
				"north": {"uv": [6.25, 5, 7.75, 5.975], "texture": "#2"},
				"east": {"uv": [5.525, 5.025, 6.25, 5.975], "texture": "#2"},
				"south": {"uv": [8.5, 5, 10, 6], "texture": "#2"},
				"west": {"uv": [7.75, 5, 8.475, 5.975], "texture": "#2"},
				"up": {"uv": [7.725, 5, 6.275, 4.275], "texture": "#2"},
				"down": {"uv": [9.225, 4.275, 7.775, 5], "texture": "#2"}
			}
		},
		{
			"from": [3.25, -2, 3.025],
			"to": [6.25, 2, 5.025],
			"rotation": {"angle": 22.5, "axis": "z", "origin": [0, 0, 0]},
			"faces": {
				"north": {"uv": [0.5, 9.25, 1.25, 10.25], "texture": "#2"},
				"east": {"uv": [0, 9.25, 0.5, 10.25], "texture": "#2"},
				"south": {"uv": [1.75, 9.25, 2.5, 10.25], "texture": "#2"},
				"west": {"uv": [1.25, 9.25, 1.75, 10.25], "texture": "#2"},
				"up": {"uv": [1.25, 9.25, 0.5, 8.75], "texture": "#2"},
				"down": {"uv": [2, 8.75, 1.25, 9.25], "texture": "#missing"}
			}
		},
		{
			"from": [2.25, -4, 3],
			"to": [6.25, 3, 3],
			"rotation": {"angle": 22.5, "axis": "z", "origin": [0, 0, 0]},
			"faces": {
				"north": {"uv": [0, 7, 1, 8.75], "texture": "#2"},
				"east": {"uv": [0, 7, 0, 8.5], "texture": "#missing"},
				"south": {"uv": [1, 7, 2, 8.75], "texture": "#2"},
				"west": {"uv": [1, 7, 1, 8.5], "texture": "#missing"},
				"up": {"uv": [1, 7, 0, 7], "texture": "#missing"},
				"down": {"uv": [2, 7, 1, 7], "texture": "#missing"}
			}
		},
		{
			"from": [2.25, -4, 5.025],
			"to": [6.25, 3, 5.025],
			"rotation": {"angle": 22.5, "axis": "z", "origin": [0, 0, 0]},
			"faces": {
				"north": {"uv": [0, 7, 1, 8.75], "texture": "#2"},
				"east": {"uv": [0, 7, 0, 8.5], "texture": "#missing"},
				"south": {"uv": [1, 7, 2, 8.75], "texture": "#2"},
				"west": {"uv": [1, 7, 1, 8.5], "texture": "#missing"},
				"up": {"uv": [1, 7, 0, 7], "texture": "#missing"},
				"down": {"uv": [2, 7, 1, 7], "texture": "#missing"}
			}
		},
		{
			"from": [9.75, -4, 3],
			"to": [13.75, 3, 3],
			"rotation": {"angle": -22.5, "axis": "z", "origin": [16, 0, 0]},
			"faces": {
				"north": {"uv": [1, 7, 0, 8.75], "texture": "#2"},
				"east": {"uv": [1, 7, 1, 8.5], "texture": "#missing"},
				"south": {"uv": [2, 7, 1, 8.75], "texture": "#2"},
				"west": {"uv": [0, 7, 0, 8.5], "texture": "#missing"},
				"up": {"uv": [0, 7, 1, 7], "texture": "#missing"},
				"down": {"uv": [1, 7, 2, 7], "texture": "#missing"}
			}
		},
		{
			"from": [9.75, -2, 3.025],
			"to": [12.75, 2, 5.025],
			"rotation": {"angle": -22.5, "axis": "z", "origin": [16, 0, 0]},
			"faces": {
				"north": {"uv": [1.25, 9.25, 0.5, 10.25], "texture": "#2"},
				"east": {"uv": [1.75, 9.25, 1.25, 10.25], "texture": "#2"},
				"south": {"uv": [2.5, 9.25, 1.75, 10.25], "texture": "#2"},
				"west": {"uv": [0.5, 9.25, 0, 10.25], "texture": "#2"},
				"up": {"uv": [0.5, 9.25, 1.25, 8.75], "texture": "#2"},
				"down": {"uv": [1.25, 8.75, 2, 9.25], "texture": "#missing"}
			}
		},
		{
			"from": [9.75, -4, 5.025],
			"to": [13.75, 3, 5.025],
			"rotation": {"angle": -22.5, "axis": "z", "origin": [16, 0, 0]},
			"faces": {
				"north": {"uv": [1, 7, 0, 8.75], "texture": "#2"},
				"east": {"uv": [1, 7, 1, 8.5], "texture": "#missing"},
				"south": {"uv": [2, 7, 1, 8.75], "texture": "#2"},
				"west": {"uv": [0, 7, 0, 8.5], "texture": "#missing"},
				"up": {"uv": [0, 7, 1, 7], "texture": "#missing"},
				"down": {"uv": [1, 7, 2, 7], "texture": "#missing"}
			}
		},
		{
			"from": [11.06839, -9.75, 4.44347],
			"to": [12.06839, -2.75, 8.44347],
			"rotation": {"angle": 22.5, "axis": "y", "origin": [13, 0, 4.5]},
			"faces": {
				"north": {"uv": [4, 8.5, 4.25, 10.25], "texture": "#2"},
				"east": {"uv": [3, 8.5, 4, 10.25], "texture": "#2"},
				"south": {"uv": [4.25, 8.5, 4.25, 10.25], "texture": "#2"},
				"west": {"uv": [4.25, 8.5, 4.25, 10.25], "texture": "#2"},
				"up": {"uv": [4, 8.5, 3.75, 7.5], "texture": "#2"},
				"down": {"uv": [4.25, 7.5, 4.25, 8.5], "texture": "#2"}
			}
		},
		{
			"from": [3.93161, -9.75, 4.44347],
			"to": [4.93161, -2.75, 8.44347],
			"rotation": {"angle": -22.5, "axis": "y", "origin": [3, 0, 4.5]},
			"faces": {
				"north": {"uv": [4.25, 8.5, 4, 10.25], "texture": "#2"},
				"east": {"uv": [4.25, 8.5, 4.25, 10.25], "texture": "#2"},
				"south": {"uv": [4.25, 8.5, 4.25, 10.25], "texture": "#2"},
				"west": {"uv": [4, 8.5, 3, 10.25], "texture": "#2"},
				"up": {"uv": [3.75, 8.5, 4, 7.5], "texture": "#2"},
				"down": {"uv": [4.25, 7.5, 4.25, 8.5], "texture": "#2"}
			}
		},
		{
			"from": [12.06839, -2.75, 8.44347],
			"to": [11.06839, -9.75, 4.44347],
			"rotation": {"angle": 22.5, "axis": "y", "origin": [13, 0, 4.5]},
			"faces": {
				"north": {"uv": [4.25, 10.25, 4.25, 8.5], "texture": "#2"},
				"east": {"uv": [4.25, 10.25, 4.25, 8.5], "texture": "#2"},
				"south": {"uv": [4, 10.25, 4.25, 8.5], "texture": "#2"},
				"west": {"uv": [3, 10.25, 4, 8.5], "texture": "#2"},
				"up": {"uv": [4.25, 7.5, 4.25, 8.5], "texture": "#2"},
				"down": {"uv": [3.75, 8.5, 4, 7.5], "texture": "#2"}
			}
		},
		{
			"from": [12.512, 0.512, 5.012],
			"to": [3.488, -8.512, 2.988],
			"faces": {
				"north": {"uv": [3.25, 7, 5.5, 4.75], "texture": "#2"},
				"east": {"uv": [2.75, 7, 3.25, 4.75], "texture": "#2"},
				"south": {"uv": [0.5, 7, 2.75, 4.75], "texture": "#2"},
				"west": {"uv": [0, 7, 0.5, 4.75], "texture": "#2"},
				"up": {"uv": [2.75, 4.25, 5, 4.75], "texture": "#2"},
				"down": {"uv": [0.5, 4.75, 2.75, 4.25], "texture": "#2"}
			}
		},
		{
			"from": [4.93161, -2.75, 8.44347],
			"to": [3.93161, -9.75, 4.44347],
			"rotation": {"angle": -22.5, "axis": "y", "origin": [3, 0, 4.5]},
			"faces": {
				"north": {"uv": [4.25, 10.25, 4.25, 8.5], "texture": "#2"},
				"east": {"uv": [4, 10.25, 3, 8.5], "texture": "#2"},
				"south": {"uv": [4.25, 10.25, 4, 8.5], "texture": "#2"},
				"west": {"uv": [4.25, 10.25, 4.25, 8.5], "texture": "#2"},
				"up": {"uv": [4.25, 7.5, 4.25, 8.5], "texture": "#2"},
				"down": {"uv": [4, 8.5, 3.75, 7.5], "texture": "#2"}
			}
		}
	],
	"display": {
		"thirdperson_righthand": {
			"translation": [-0.5, 12, 0]
		},
		"thirdperson_lefthand": {
			"translation": [0, 12.25, 0]
		},
		"ground": {
			"translation": [0, 16.75, 0]
		},
		"gui": {
			"rotation": [0, 180, 0],
			"translation": [0, 9, 0],
			"scale": [0.9, 0.9, 0.9]
		},
		"head": {
			"translation": [0, 18.75, 0],
			"scale": [1.6, 1.6, 1.6]
		},
		"fixed": {
			"translation": [0, 10.25, 3.5]
		}
	}
}