{
	"credit": "Made with Blockbench",
	"textures": {
		"16": "item/peter"
	},
	"elements": [
		{
			"from": [8.5, 0, 5],
			"to": [11.5, 3, 11],
			"faces": {
				"north": {"uv": [3.25, 3.5, 4.5, 4.25], "texture": "#16"},
				"east": {"uv": [3.25, 3.5, 4.5, 4.25], "texture": "#16"},
				"south": {"uv": [3.25, 3.5, 4.5, 4.25], "texture": "#16"},
				"west": {"uv": [3.25, 3.5, 4.5, 4.25], "texture": "#16"},
				"up": {"uv": [3.25, 3.5, 4.5, 4.25], "texture": "#16"},
				"down": {"uv": [3.25, 3.5, 4.5, 4.25], "texture": "#16"}
			}
		},
		{
			"from": [4.5, 0, 5],
			"to": [7.5, 3, 11],
			"faces": {
				"north": {"uv": [3.25, 3.5, 4.5, 4.25], "texture": "#16"},
				"east": {"uv": [3.25, 3.5, 4.5, 4.25], "texture": "#16"},
				"south": {"uv": [3.25, 3.5, 4.5, 4.25], "texture": "#16"},
				"west": {"uv": [3.25, 3.5, 4.5, 4.25], "texture": "#16"},
				"up": {"uv": [3.25, 3.5, 4.5, 4.25], "texture": "#16"},
				"down": {"uv": [3.25, 3.5, 4.5, 4.25], "texture": "#16"}
			}
		},
		{
			"from": [8.5, 3, 8],
			"to": [11.5, 9, 11],
			"faces": {
				"north": {"uv": [1.5, 3.5, 2, 4.5], "texture": "#16"},
				"east": {"uv": [1.5, 3.5, 2, 4.5], "texture": "#16"},
				"south": {"uv": [1.5, 3.5, 2, 4.5], "texture": "#16"},
				"west": {"uv": [1.5, 3.5, 2, 4.5], "texture": "#16"},
				"up": {"uv": [1.5, 3.5, 2, 4.5], "texture": "#16"},
				"down": {"uv": [1.5, 3.5, 2, 4.5], "texture": "#16"}
			}
		},
		{
			"from": [4.5, 3, 8],
			"to": [7.5, 9, 11],
			"faces": {
				"north": {"uv": [1.5, 3.5, 2, 4.5], "texture": "#16"},
				"east": {"uv": [1.5, 3.5, 2, 4.5], "texture": "#16"},
				"south": {"uv": [1.5, 3.5, 2, 4.5], "texture": "#16"},
				"west": {"uv": [1.5, 3.5, 2, 4.5], "texture": "#16"},
				"up": {"uv": [1.5, 3.5, 2, 4.5], "texture": "#16"},
				"down": {"uv": [1.5, 3.5, 2, 4.5], "texture": "#16"}
			}
		},
		{
			"from": [1.5, 11, 9],
			"to": [4.5, 19, 12],
			"faces": {
				"north": {"uv": [0, 3.5, 0.75, 5.5], "texture": "#16"},
				"east": {"uv": [0, 3.5, 0.75, 5.5], "texture": "#16"},
				"south": {"uv": [0, 3.5, 0.75, 5.5], "texture": "#16"},
				"west": {"uv": [0, 3.5, 0.75, 5.5], "texture": "#16"},
				"up": {"uv": [0, 3.5, 0.75, 4], "rotation": 90, "texture": "#16"},
				"down": {"uv": [0, 4.25, 0.75, 4.75], "rotation": 90, "texture": "#16"}
			}
		},
		{
			"from": [11.5, 11, 9],
			"to": [14.5, 19, 12],
			"faces": {
				"north": {"uv": [0, 3.5, 0.75, 5.5], "texture": "#16"},
				"east": {"uv": [0, 3.5, 0.75, 5.5], "texture": "#16"},
				"south": {"uv": [0, 3.5, 0.75, 5.5], "texture": "#16"},
				"west": {"uv": [0, 3.5, 0.75, 5.5], "texture": "#16"},
				"up": {"uv": [0, 3.5, 0.75, 4], "rotation": 90, "texture": "#16"},
				"down": {"uv": [0, 4.25, 0.75, 4.75], "rotation": 90, "texture": "#16"}
			}
		},
		{
			"from": [4.5, 9, 6],
			"to": [11.5, 16, 13],
			"faces": {
				"north": {"uv": [0, 0, 1.75, 1.75], "texture": "#16"},
				"east": {"uv": [3.75, 1.75, 5.5, 3.5], "texture": "#16"},
				"south": {"uv": [3.75, 1.75, 5.5, 3.5], "texture": "#16"},
				"west": {"uv": [3.75, 1.75, 5.5, 3.5], "texture": "#16"},
				"up": {"uv": [12, 0, 13.75, 1.75], "rotation": 90, "texture": "#16"},
				"down": {"uv": [1.5, 3.5, 2.25, 4.5], "rotation": 270, "texture": "#16"}
			}
		},
		{
			"from": [4.5, 16, 8],
			"to": [11.5, 19, 13],
			"faces": {
				"north": {"uv": [12, 0, 13.75, 0.75], "texture": "#16"},
				"east": {"uv": [4, 2, 5.25, 2.75], "texture": "#16"},
				"south": {"uv": [4, 2, 5.25, 2.75], "texture": "#16"},
				"west": {"uv": [4, 2, 5.25, 2.75], "texture": "#16"},
				"up": {"uv": [4, 2, 5, 2.75], "rotation": 90, "texture": "#16"},
				"down": {"uv": [4, 2, 4.75, 2.75], "rotation": 270, "texture": "#16"}
			}
		},
		{
			"from": [4.5, 19, 7],
			"to": [11.5, 23, 14],
			"faces": {
				"north": {"uv": [5.25, 0, 7, 1], "texture": "#16"},
				"east": {"uv": [2, 0.25, 3, 1.25], "texture": "#16"},
				"south": {"uv": [2.25, 0, 3.25, 0.75], "texture": "#16"},
				"west": {"uv": [2.25, 0.25, 3.25, 1.25], "texture": "#16"},
				"up": {"uv": [1.75, 0, 3.25, 1.25], "rotation": 90, "texture": "#16"},
				"down": {"uv": [2.25, 0, 3.5, 1.25], "rotation": 270, "texture": "#16"}
			}
		},
		{
			"from": [5, 23, 7.5],
			"to": [11, 27.8, 14],
			"faces": {
				"north": {"uv": [7.25, 0, 8.75, 1.25], "texture": "#16"},
				"east": {"uv": [10, 0, 11.75, 1.25], "texture": "#16"},
				"south": {"uv": [0, 1.75, 1.5, 3], "texture": "#16"},
				"west": {"uv": [10, 1.75, 11.75, 3], "texture": "#16"},
				"up": {"uv": [2.025, 1.775, 3.725, 3.225], "rotation": 90, "texture": "#16"},
				"down": {"uv": [0, 0, 6.5, 6], "rotation": 270, "texture": "#16"}
			}
		},
		{
			"from": [8.2, 19.7, 6.5],
			"to": [9.4, 20.9, 7],
			"faces": {
				"north": {"uv": [2, 0, 3.2, 1.2], "texture": "#16"},
				"east": {"uv": [2, 0, 2.5, 1.2], "texture": "#16"},
				"south": {"uv": [2, 0, 3.2, 1.2], "texture": "#16"},
				"west": {"uv": [2, 0, 2.75, 1.25], "texture": "#16"},
				"up": {"uv": [2.25, 0, 2.75, 1.2], "rotation": 90, "texture": "#16"},
				"down": {"uv": [2, 0, 2.5, 1.2], "rotation": 270, "texture": "#16"}
			}
		},
		{
			"from": [6.6, 19.7, 6.5],
			"to": [7.8, 20.9, 7],
			"faces": {
				"north": {"uv": [2, 0.25, 3.2, 1.45], "texture": "#16"},
				"east": {"uv": [2.25, 0, 2.75, 1.2], "texture": "#16"},
				"south": {"uv": [2, 0.25, 3.2, 1.45], "texture": "#16"},
				"west": {"uv": [2.25, 0, 3, 1.25], "texture": "#16"},
				"up": {"uv": [2, 0, 2.5, 1.2], "rotation": 90, "texture": "#16"},
				"down": {"uv": [2.25, 0, 2.75, 1.2], "rotation": 270, "texture": "#16"}
			}
		},
		{
			"from": [7.2, 23, 6.8],
			"to": [8.9, 24.2, 7.5],
			"faces": {
				"north": {"uv": [1.75, 0, 3.45, 1.2], "texture": "#16"},
				"east": {"uv": [1.75, 0, 2.45, 1.2], "texture": "#16"},
				"south": {"uv": [1.75, 0, 3.45, 1.2], "texture": "#16"},
				"west": {"uv": [1.75, 0, 2.45, 1.2], "texture": "#16"},
				"up": {"uv": [1.75, 0, 2.45, 1.7], "rotation": 90, "texture": "#16"},
				"down": {"uv": [1.75, 0, 2.45, 1.7], "rotation": 270, "texture": "#16"}
			}
		},
		{
			"from": [9.4, 25.2, 7.4],
			"to": [9.6, 25.4, 8.4],
			"faces": {
				"north": {"uv": [9.25, 0, 9.5, 0.25], "texture": "#16"},
				"east": {"uv": [9.25, 0, 9.5, 0.25], "texture": "#16"},
				"south": {"uv": [9.25, 0, 9.5, 0.25], "texture": "#16"},
				"west": {"uv": [9.25, 0, 9.5, 0.25], "texture": "#16"},
				"up": {"uv": [9.25, 0, 9.5, 0.25], "rotation": 90, "texture": "#16"},
				"down": {"uv": [9.25, 0, 9.5, 0.25], "rotation": 270, "texture": "#16"}
			}
		},
		{
			"from": [6.4, 25.2, 7.4],
			"to": [6.6, 25.4, 8.4],
			"faces": {
				"north": {"uv": [9.25, 0, 9.5, 0.25], "texture": "#16"},
				"east": {"uv": [9.25, 0, 9.5, 0.25], "texture": "#16"},
				"south": {"uv": [9.25, 0, 9.5, 0.25], "texture": "#16"},
				"west": {"uv": [9.25, 0, 9.5, 0.25], "texture": "#16"},
				"up": {"uv": [9.25, 0, 9.5, 0.25], "rotation": 90, "texture": "#16"},
				"down": {"uv": [9.25, 0, 9.5, 0.25], "rotation": 270, "texture": "#16"}
			}
		}
	],
	"display": {
		"thirdperson_righthand": {
			"rotation": [68, 0, 0],
			"translation": [-6, -5.75, -16],
			"scale": [3, 3, 3]
		},
		"ground": {
			"translation": [0, 2.5, 0],
			"scale": [0.7, 0.7, 0.7]
		},
		"gui": {
			"rotation": [140, 2, 68],
			"translation": [3.25, 2, 0],
			"scale": [0.6, 0.6, 0.6]
		},
		"head": {
			"translation": [0, 4.5, 0]
		},
		"fixed": {
			"translation": [0, -18, -18.5],
			"scale": [4, 4, 4]
		}
	}
}