{
	"credit": "Made with Blockbench",
	"texture_size": [32, 32],
	"textures": {
		"0": "item/pink_astronaut_helmet",
		"particle": "item/pink_astronaut_helmet"
	},
	"elements": [
		{
			"from": [3.999, -0.001, 2.999],
			"to": [12.001, 8.001, 11.001],
			"faces": {
				"north": {"uv": [0, 12, 4, 16], "texture": "#0"},
				"east": {"uv": [0, 12, 4, 16], "texture": "#0"},
				"south": {"uv": [0, 12, 4, 16], "texture": "#0"},
				"west": {"uv": [0, 12, 4, 16], "texture": "#0"},
				"up": {"uv": [4, 16, 0, 12], "texture": "#0"},
				"down": {"uv": [4, 12, 0, 16], "texture": "#0"}
			}
		},
		{
			"from": [4.76537, 0, 1.15224],
			"to": [6.76537, 8, 3.15224],
			"rotation": {"angle": -22.5, "axis": "y", "origin": [4.76537, 0, 1.15224]},
			"faces": {
				"north": {"uv": [1, 4, 2, 8], "texture": "#0"},
				"east": {"uv": [0, 4, 1, 8], "texture": "#0"},
				"south": {"uv": [3, 4, 4, 8], "texture": "#0"},
				"west": {"uv": [2, 4, 3, 8], "texture": "#0"},
				"up": {"uv": [2, 3, 1, 2], "texture": "#0"},
				"down": {"uv": [3, 2, 2, 3], "texture": "#0"}
			}
		},
		{
			"from": [9.38787, 0, 1.91661],
			"to": [11.38787, 8, 3.91661],
			"rotation": {"angle": 22.5, "axis": "y", "origin": [9.38787, 0.001, 1.91661]},
			"faces": {
				"north": {"uv": [1, 4, 2, 8], "texture": "#0"},
				"east": {"uv": [0, 4, 1, 8], "texture": "#0"},
				"south": {"uv": [3, 4, 4, 8], "texture": "#0"},
				"west": {"uv": [2, 4, 3, 8], "texture": "#0"},
				"up": {"uv": [2, 3, 1, 2], "texture": "#0"},
				"down": {"uv": [3, 2, 2, 3], "texture": "#0"}
			}
		},
		{
			"from": [4.77537, 0.01, 1.16224],
			"to": [11.25537, 7.99, 3.14224],
			"rotation": {"angle": 0, "axis": "y", "origin": [4.76537, 6, 1.15224]},
			"faces": {
				"north": {"uv": [0, 4, 4.25, 8], "texture": "#0"},
				"east": {"uv": [0.5, 0, 1.5, 4], "texture": "#0"},
				"south": {"uv": [3.5, 0, 6.75, 4], "texture": "#0"},
				"west": {"uv": [1.5, 0, 2.5, 4], "texture": "#0"},
				"up": {"uv": [8.75, 5.5, 5.5, 4.5], "texture": "#0"},
				"down": {"uv": [9.25, 5.5, 6, 6.5], "texture": "#0"}
			}
		},
		{
			"from": [5.51, 7.40442, 4.45375],
			"to": [10.51, 9.40442, 6.45375],
			"rotation": {"angle": -22.5, "axis": "x", "origin": [4.01, 3.40442, 4.45375]},
			"faces": {
				"north": {"uv": [4, 13, 6.5, 14], "texture": "#0"},
				"east": {"uv": [3.3, 12, 4, 12.7], "texture": "#0"},
				"south": {"uv": [4, 13, 6.5, 14], "texture": "#0"},
				"west": {"uv": [0, 12, 0.75, 12.75], "texture": "#0"},
				"up": {"uv": [6.5, 16, 4, 15], "texture": "#0"},
				"down": {"uv": [6.5, 13, 4, 14], "texture": "#0"}
			}
		},
		{
			"from": [2.7, 2, 5],
			"to": [4.7, 6, 9],
			"rotation": {"angle": 0, "axis": "y", "origin": [0.5, 0, 0]},
			"faces": {
				"north": {"uv": [8, 14, 9, 16], "texture": "#0"},
				"east": {"uv": [6.5, 14, 8.5, 16], "texture": "#0"},
				"south": {"uv": [8, 14, 9, 16], "texture": "#0"},
				"west": {"uv": [8.5, 14, 10.5, 16], "texture": "#0"},
				"up": {"uv": [9, 16, 8, 14], "texture": "#0"},
				"down": {"uv": [9, 14, 8, 16], "texture": "#0"}
			}
		},
		{
			"from": [11.3, 2, 5],
			"to": [13.3, 6, 9],
			"rotation": {"angle": 0, "axis": "y", "origin": [-0.5, 0, 0]},
			"faces": {
				"north": {"uv": [8.05, 14, 9.05, 16], "texture": "#0"},
				"east": {"uv": [6.5, 14, 8.5, 16], "texture": "#0"},
				"south": {"uv": [8, 14, 9, 16], "texture": "#0"},
				"west": {"uv": [8.5, 14, 10.5, 16], "texture": "#0"},
				"up": {"uv": [9, 16, 8, 14], "texture": "#0"},
				"down": {"uv": [9, 14, 8, 16], "texture": "#0"}
			}
		},
		{
			"from": [8.5, 7, 11],
			"to": [10.5, 7.2, 12],
			"faces": {
				"north": {"uv": [12, 13, 13, 13], "texture": "#0"},
				"east": {"uv": [11.5, 13, 12, 13], "texture": "#0"},
				"south": {"uv": [12.5, 13, 13.5, 13], "texture": "#0"},
				"west": {"uv": [13, 13, 13.5, 13], "texture": "#0"},
				"up": {"uv": [13, 13, 12, 12.5], "texture": "#0"},
				"down": {"uv": [13.5, 12.5, 12.5, 13], "texture": "#0"}
			}
		},
		{
			"from": [5.5, 7, 11],
			"to": [7.5, 7.2, 12],
			"faces": {
				"north": {"uv": [12, 13, 13, 13], "texture": "#0"},
				"east": {"uv": [11.5, 13, 12, 13], "texture": "#0"},
				"south": {"uv": [12.5, 13, 13.5, 13], "texture": "#0"},
				"west": {"uv": [13, 13, 13.5, 13], "texture": "#0"},
				"up": {"uv": [13, 13, 12, 12.5], "texture": "#0"},
				"down": {"uv": [13.5, 12.5, 12.5, 13], "texture": "#0"}
			}
		},
		{
			"from": [5.5, 0.8, 11],
			"to": [7.5, 1, 12],
			"faces": {
				"north": {"uv": [12, 13, 13, 13], "texture": "#0"},
				"east": {"uv": [11.5, 13, 12, 13], "texture": "#0"},
				"south": {"uv": [12.5, 13, 13.5, 13], "texture": "#0"},
				"west": {"uv": [13, 13, 13.5, 13], "texture": "#0"},
				"up": {"uv": [13, 13, 12, 12.5], "texture": "#0"},
				"down": {"uv": [13.5, 12.5, 12.5, 13], "texture": "#0"}
			}
		},
		{
			"from": [8.5, 0.8, 11],
			"to": [10.5, 1, 12],
			"faces": {
				"north": {"uv": [12, 13, 13, 13], "texture": "#0"},
				"east": {"uv": [11.5, 13, 12, 13], "texture": "#0"},
				"south": {"uv": [12.5, 13, 13.5, 13], "texture": "#0"},
				"west": {"uv": [13, 13, 13.5, 13], "texture": "#0"},
				"up": {"uv": [13, 13, 12, 12.5], "texture": "#0"},
				"down": {"uv": [13.5, 12.5, 12.5, 13], "texture": "#0"}
			}
		},
		{
			"from": [10.5, 1, 11],
			"to": [10.7, 3, 12],
			"faces": {
				"north": {"uv": [12, 13, 12, 14], "texture": "#0"},
				"east": {"uv": [11.5, 13, 12, 14], "texture": "#0"},
				"south": {"uv": [11.5, 13, 11.5, 14], "texture": "#0"},
				"west": {"uv": [12, 13, 12.5, 14], "texture": "#0"},
				"up": {"uv": [12, 13, 12, 12.5], "texture": "#0"},
				"down": {"uv": [11.5, 12.5, 11.5, 13], "texture": "#0"}
			}
		},
		{
			"from": [10.5, 5, 11],
			"to": [10.7, 7, 12],
			"faces": {
				"north": {"uv": [12, 13, 12, 14], "texture": "#0"},
				"east": {"uv": [11.5, 13, 12, 14], "texture": "#0"},
				"south": {"uv": [11.5, 13, 11.5, 14], "texture": "#0"},
				"west": {"uv": [12, 13, 12.5, 14], "texture": "#0"},
				"up": {"uv": [12, 13, 12, 12.5], "texture": "#0"},
				"down": {"uv": [11.5, 12.5, 11.5, 13], "texture": "#0"}
			}
		},
		{
			"from": [5.3, 5, 11],
			"to": [5.5, 7, 12],
			"faces": {
				"north": {"uv": [12, 13, 12, 14], "texture": "#0"},
				"east": {"uv": [11.5, 13, 12, 14], "texture": "#0"},
				"south": {"uv": [11.5, 13, 11.5, 14], "texture": "#0"},
				"west": {"uv": [12, 13, 12.5, 14], "texture": "#0"},
				"up": {"uv": [12, 13, 12, 12.5], "texture": "#0"},
				"down": {"uv": [11.5, 12.5, 11.5, 13], "texture": "#0"}
			}
		},
		{
			"from": [5.6, 11.7, 8.7],
			"to": [5.8, 13.7, 9.3],
			"faces": {
				"north": {"uv": [15.35, 14.7, 15.35, 15.7], "texture": "#0"},
				"east": {"uv": [14.85, 14.7, 15.35, 15.7], "texture": "#0"},
				"south": {"uv": [15.85, 14.7, 15.85, 15.7], "texture": "#0"},
				"west": {"uv": [15.35, 14.7, 15.85, 15.7], "texture": "#0"},
				"up": {"uv": [15.35, 14.7, 15.35, 14.2], "texture": "#0"},
				"down": {"uv": [15.35, 14.2, 15.35, 14.7], "texture": "#0"}
			}
		},
		{
			"from": [5.3, 1, 11],
			"to": [5.5, 3, 12],
			"faces": {
				"north": {"uv": [12, 13, 12, 14], "texture": "#0"},
				"east": {"uv": [11.5, 13, 12, 14], "texture": "#0"},
				"south": {"uv": [11.5, 13, 11.5, 14], "texture": "#0"},
				"west": {"uv": [12, 13, 12.5, 14], "texture": "#0"},
				"up": {"uv": [12, 13, 12, 12.5], "texture": "#0"},
				"down": {"uv": [11.5, 12.5, 11.5, 13], "texture": "#0"}
			}
		},
		{
			"from": [5.5, 7.7, 4],
			"to": [10.5, 9.7, 10],
			"faces": {
				"north": {"uv": [4, 13, 6.5, 14], "texture": "#0"},
				"east": {"uv": [1, 12, 4, 13], "texture": "#0"},
				"south": {"uv": [4, 13, 6.5, 14], "texture": "#0"},
				"west": {"uv": [0, 12, 3, 13], "texture": "#0"},
				"up": {"uv": [6.5, 16, 4, 13], "texture": "#0"},
				"down": {"uv": [6.5, 13, 4, 16], "texture": "#0"}
			}
		},
		{
			"from": [5.6, 7.9, 9.4],
			"to": [10.4, 8.8, 10.5],
			"faces": {
				"north": {"uv": [4, 13, 6.5, 14], "texture": "#0"},
				"east": {"uv": [1, 12, 4, 13], "texture": "#0"},
				"south": {"uv": [4, 13, 6.5, 14], "texture": "#0"},
				"west": {"uv": [0, 12, 3, 13], "texture": "#0"},
				"up": {"uv": [6.5, 16, 4, 13], "texture": "#0"},
				"down": {"uv": [6.5, 13, 4, 16], "texture": "#0"}
			}
		},
		{
			"from": [4, 7.7, 1.1],
			"to": [12.1, 8.2, 3.2],
			"faces": {
				"north": {"uv": [0, 15.7, 4.3, 15.85], "texture": "#0"},
				"east": {"uv": [1, 14, 2.05, 14.25], "texture": "#0"},
				"south": {"uv": [0.5, 13.8, 3.45, 14.25], "texture": "#0"},
				"west": {"uv": [1.5, 13.5, 2.55, 13.75], "texture": "#0"},
				"up": {"uv": [0.5, 13.2, 3.5, 14.55], "texture": "#0"},
				"down": {"uv": [0.5, 13.65, 3.4, 14.55], "texture": "#0"}
			}
		},
		{
			"from": [12, 0, 2.6],
			"to": [12.4, 7.7, 3.2],
			"faces": {
				"north": {"uv": [1.5, 12.15, 1.6, 15.75], "texture": "#0"},
				"east": {"uv": [1.5, 12.65, 1.85, 15.35], "texture": "#0"},
				"south": {"uv": [1.5, 12.25, 1.75, 15.85], "texture": "#0"},
				"west": {"uv": [1.5, 12.15, 1.8, 15.85], "texture": "#0"},
				"up": {"uv": [1, 14.2, 1.45, 14.8], "texture": "#0"},
				"down": {"uv": [3, 12.5, 3.2, 12.8], "texture": "#0"}
			}
		},
		{
			"from": [3.6, 0, 2.6],
			"to": [4, 7.7, 3.2],
			"faces": {
				"north": {"uv": [1.5, 12.15, 1.6, 15.75], "texture": "#0"},
				"east": {"uv": [1.5, 12.65, 1.85, 15.35], "texture": "#0"},
				"south": {"uv": [1.5, 12.25, 1.75, 15.85], "texture": "#0"},
				"west": {"uv": [1.5, 12.15, 1.8, 15.85], "texture": "#0"},
				"up": {"uv": [1, 14.2, 1.45, 14.8], "texture": "#0"},
				"down": {"uv": [3, 12.5, 3.2, 12.8], "texture": "#0"}
			}
		},
		{
			"from": [4, -0.4, 1.1],
			"to": [12.1, 0.1, 3.2],
			"faces": {
				"north": {"uv": [0, 15.7, 4.05, 15.95], "texture": "#0"},
				"east": {"uv": [1.5, 14, 2.55, 14.25], "texture": "#0"},
				"south": {"uv": [0, 15.5, 4.05, 15.75], "texture": "#0"},
				"west": {"uv": [1.5, 14, 2.55, 14.25], "texture": "#0"},
				"up": {"uv": [0, 13.5, 4.05, 14.55], "texture": "#0"},
				"down": {"uv": [0, 13.5, 4.05, 14.55], "texture": "#0"}
			}
		},
		{
			"from": [4.5, 6.9, 5],
			"to": [5.5, 8.9, 9],
			"faces": {
				"north": {"uv": [13, 15, 13.5, 16], "texture": "#0"},
				"east": {"uv": [11, 15, 13, 16], "texture": "#0"},
				"south": {"uv": [12.5, 15, 13, 16], "texture": "#0"},
				"west": {"uv": [12, 15, 14, 16], "texture": "#0"},
				"up": {"uv": [12.5, 16, 12, 14], "texture": "#0"},
				"down": {"uv": [13, 14, 12.5, 16], "texture": "#0"}
			}
		},
		{
			"from": [10.5, 6.9, 5],
			"to": [11.5, 8.9, 9],
			"faces": {
				"north": {"uv": [12.5, 15, 13, 16], "texture": "#0"},
				"east": {"uv": [11, 15, 13, 16], "texture": "#0"},
				"south": {"uv": [12.5, 15, 13, 16], "texture": "#0"},
				"west": {"uv": [12, 15, 14, 16], "texture": "#0"},
				"up": {"uv": [12.5, 16, 12, 14], "texture": "#0"},
				"down": {"uv": [13, 14, 12.5, 16], "texture": "#0"}
			}
		},
		{
			"from": [4.25, 8, 6.75],
			"to": [6.25, 12, 9.75],
			"faces": {
				"north": {"uv": [14.6, 14.05, 15.4, 15.9], "texture": "#0"},
				"east": {"uv": [14.6, 14.05, 15.9, 15.9], "texture": "#0"},
				"south": {"uv": [15.1, 14.05, 15.9, 15.9], "texture": "#0"},
				"west": {"uv": [14.65, 14.05, 15.9, 15.9], "texture": "#0"},
				"up": {"uv": [15.4, 15.4, 14.6, 14.05], "texture": "#0"},
				"down": {"uv": [15.9, 14.55, 15.1, 15.9], "texture": "#0"}
			}
		},
		{
			"from": [9.75, 8, 7.75],
			"to": [11.05, 9.4, 9.75],
			"faces": {
				"north": {"uv": [14.5, 15, 15.5, 16], "texture": "#0"},
				"east": {"uv": [14.5, 14.5, 15.5, 15.5], "texture": "#0"},
				"south": {"uv": [15, 15, 16, 16], "texture": "#0"},
				"west": {"uv": [15, 15, 16, 16], "texture": "#0"},
				"up": {"uv": [16, 15, 15, 14], "texture": "#0"},
				"down": {"uv": [16, 14.5, 15, 15.5], "texture": "#0"}
			}
		},
		{
			"from": [9.75, 8, 5.55],
			"to": [11.25, 9.5, 7.45],
			"faces": {
				"north": {"uv": [14.5, 15, 15.5, 16], "texture": "#0"},
				"east": {"uv": [14.5, 14.5, 15.5, 15.5], "texture": "#0"},
				"south": {"uv": [15, 15, 16, 16], "texture": "#0"},
				"west": {"uv": [15, 15, 16, 16], "texture": "#0"},
				"up": {"uv": [16, 15.5, 15, 14.5], "texture": "#0"},
				"down": {"uv": [16, 14.5, 15, 15.5], "texture": "#0"}
			}
		},
		{
			"from": [5.5, 1, 12],
			"to": [10.5, 7, 12.2],
			"faces": {
				"north": {"uv": [11.5, 12.2, 14, 15.2], "texture": "#0"},
				"east": {"uv": [12.5, 12.7, 12.5, 15.7], "texture": "#0"},
				"south": {"uv": [11.5, 13, 14, 16], "texture": "#0"},
				"west": {"uv": [13, 12.7, 13, 15.7], "texture": "#0"},
				"up": {"uv": [13.65, 12.9, 11.15, 12.9], "texture": "#0"},
				"down": {"uv": [13.8, 13.25, 11.3, 13.25], "texture": "#0"}
			}
		},
		{
			"from": [11.5, -2.39239, 9.12183],
			"to": [13.2, 0.40761, 9.32183],
			"rotation": {"angle": -45, "axis": "x", "origin": [-4.2, -3.19239, -2.77817]},
			"faces": {
				"north": {"uv": [6.35, 14.25, 6.85, 15.25], "texture": "#0"},
				"east": {"uv": [6.35, 14.25, 6.35, 15.25], "texture": "#0"},
				"south": {"uv": [6.85, 14.25, 7.35, 15.25], "texture": "#0"},
				"west": {"uv": [6.85, 14.25, 6.85, 15.25], "texture": "#0"},
				"up": {"uv": [6.85, 14.25, 6.35, 14.25], "texture": "#0"},
				"down": {"uv": [7.35, 14.25, 6.85, 14.25], "texture": "#0"}
			}
		},
		{
			"from": [11.5, 7.13898, 7.95097],
			"to": [13.2, 7.33898, 10.75097],
			"rotation": {"angle": -45, "axis": "x", "origin": [-4.2, -2.06102, 14.05097]},
			"faces": {
				"north": {"uv": [6.4, 15.45, 6.9, 15.45], "texture": "#0"},
				"east": {"uv": [5.4, 15.45, 6.4, 15.45], "texture": "#0"},
				"south": {"uv": [7.9, 15.45, 8.4, 15.45], "texture": "#0"},
				"west": {"uv": [6.9, 15.45, 7.9, 15.45], "texture": "#0"},
				"up": {"uv": [6.9, 15.45, 6.4, 14.45], "texture": "#0"},
				"down": {"uv": [7.4, 14.45, 6.9, 15.45], "texture": "#0"}
			}
		},
		{
			"from": [2.8, 7.13898, 7.95097],
			"to": [4.5, 7.33898, 10.75097],
			"rotation": {"angle": -45, "axis": "x", "origin": [-3.2, -2.06102, 14.05097]},
			"faces": {
				"north": {"uv": [6.4, 15.6, 6.9, 15.6], "texture": "#0"},
				"east": {"uv": [5.4, 15.6, 6.4, 15.6], "texture": "#0"},
				"south": {"uv": [7.9, 15.6, 8.4, 15.6], "texture": "#0"},
				"west": {"uv": [6.9, 15.6, 7.9, 15.6], "texture": "#0"},
				"up": {"uv": [6.9, 15.6, 6.4, 14.6], "texture": "#0"},
				"down": {"uv": [7.4, 14.6, 6.9, 15.6], "texture": "#0"}
			}
		},
		{
			"from": [2.8, -2.39239, 9.12183],
			"to": [4.5, 0.40761, 9.32183],
			"rotation": {"angle": -45, "axis": "x", "origin": [-3.2, -3.19239, -2.77817]},
			"faces": {
				"north": {"uv": [6.35, 14.7, 6.85, 15.7], "texture": "#0"},
				"east": {"uv": [6.35, 14.7, 6.35, 15.7], "texture": "#0"},
				"south": {"uv": [6.85, 14.7, 7.35, 15.7], "texture": "#0"},
				"west": {"uv": [6.85, 14.7, 6.85, 15.7], "texture": "#0"},
				"up": {"uv": [5, 14.2, 4.5, 14.2], "texture": "#0"},
				"down": {"uv": [5.5, 14.2, 5, 14.2], "texture": "#0"}
			}
		},
		{
			"from": [12.9, 2.3, 1],
			"to": [13.9, 3.3, 1],
			"rotation": {"angle": 22.5, "axis": "z", "origin": [0, 0, 0]},
			"faces": {
				"north": {"uv": [0.7625, 1.2625, 1.4875, 1.9875], "texture": "#0"},
				"east": {"uv": [1.05, 1.3125, 1.05, 1.8125], "texture": "#0"},
				"south": {"uv": [0.7625, 1.2625, 1.4875, 1.9875], "texture": "#0"},
				"west": {"uv": [1.0375, 1.3125, 1.0375, 1.8125], "texture": "#0"},
				"up": {"uv": [0.8125, 1.5625, 1.3125, 1.5625], "texture": "#0"},
				"down": {"uv": [0.8, 1.5625, 1.3, 1.5625], "texture": "#0"}
			}
		},
		{
			"from": [13.25, 3.3, 1],
			"to": [13.55, 3.6, 1],
			"rotation": {"angle": 22.5, "axis": "z", "origin": [0, 0, 0]},
			"faces": {
				"north": {"uv": [1.0625, 1.0625, 1.1625, 1.1625], "texture": "#0"},
				"east": {"uv": [1.1125, 1.8125, 1.075, 1.925], "texture": "#0"},
				"south": {"uv": [1.0625, 1.0625, 1.1625, 1.1625], "texture": "#0"},
				"west": {"uv": [1.1125, 1.8125, 1.075, 1.925], "texture": "#0"},
				"up": {"uv": [1.075, 1.8625, 1.1875, 1.825], "texture": "#0"},
				"down": {"uv": [1.075, 1.8625, 1.1875, 1.825], "texture": "#0"}
			}
		},
		{
			"from": [13.25, 2, 1],
			"to": [13.55, 2.3, 1],
			"rotation": {"angle": 22.5, "axis": "z", "origin": [0, 0, 0]},
			"faces": {
				"north": {"uv": [1.0625, 1.0625, 1.1625, 1.1625], "texture": "#0"},
				"east": {"uv": [1.1125, 1.8125, 1.075, 1.925], "texture": "#0"},
				"south": {"uv": [1.0625, 1.0625, 1.1625, 1.1625], "texture": "#0"},
				"west": {"uv": [1.1125, 1.8125, 1.075, 1.925], "texture": "#0"},
				"up": {"uv": [1.075, 1.8625, 1.1875, 1.825], "texture": "#0"},
				"down": {"uv": [1.075, 1.8625, 1.1875, 1.825], "texture": "#0"}
			}
		},
		{
			"from": [13.9, 2.65, 1],
			"to": [14.2, 2.95, 1],
			"rotation": {"angle": 22.5, "axis": "z", "origin": [0, 0, 0]},
			"faces": {
				"north": {"uv": [1.0625, 1.0625, 1.1625, 1.1625], "texture": "#0"},
				"east": {"uv": [1.1125, 1.8125, 1.075, 1.925], "texture": "#0"},
				"south": {"uv": [1.0625, 1.0625, 1.1625, 1.1625], "texture": "#0"},
				"west": {"uv": [1.1125, 1.8125, 1.075, 1.925], "texture": "#0"},
				"up": {"uv": [1.075, 1.8625, 1.1875, 1.825], "texture": "#0"},
				"down": {"uv": [1.075, 1.8625, 1.1875, 1.825], "texture": "#0"}
			}
		},
		{
			"from": [12.6, 2.65, 1],
			"to": [12.9, 2.95, 1],
			"rotation": {"angle": 22.5, "axis": "z", "origin": [0, 0, 0]},
			"faces": {
				"north": {"uv": [1.0625, 1.0625, 1.1625, 1.1625], "texture": "#0"},
				"east": {"uv": [1.1125, 2.0625, 1.075, 2.175], "texture": "#0"},
				"south": {"uv": [1.0625, 1.0625, 1.1625, 1.1625], "texture": "#0"},
				"west": {"uv": [1.1125, 2.0625, 1.075, 2.175], "texture": "#0"},
				"up": {"uv": [1.075, 2.1125, 1.1875, 2.075], "texture": "#0"},
				"down": {"uv": [1.075, 2.1125, 1.1875, 2.075], "texture": "#0"}
			}
		},
		{
			"from": [3.7, 1.8, 1],
			"to": [4.7, 2.8, 1],
			"rotation": {"angle": -22.5, "axis": "z", "origin": [0, 0, 0]},
			"faces": {
				"north": {"uv": [0.7625, 1.2625, 1.4875, 1.9875], "texture": "#0"},
				"east": {"uv": [1.05, 1.3125, 1.05, 1.8125], "texture": "#0"},
				"south": {"uv": [0.7625, 1.2625, 1.4875, 1.9875], "texture": "#0"},
				"west": {"uv": [1.0375, 1.3125, 1.0375, 1.8125], "texture": "#0"},
				"up": {"uv": [0.8125, 1.5625, 1.3125, 1.5625], "texture": "#0"},
				"down": {"uv": [0.8, 1.5625, 1.3, 1.5625], "texture": "#0"}
			}
		},
		{
			"from": [4.05, 2.8, 1],
			"to": [4.35, 3.1, 1],
			"rotation": {"angle": -22.5, "axis": "z", "origin": [0, 0, 0]},
			"faces": {
				"north": {"uv": [1.0625, 1.0625, 1.1625, 1.1625], "texture": "#0"},
				"east": {"uv": [1.1125, 1.8125, 1.075, 1.925], "texture": "#0"},
				"south": {"uv": [1.0625, 1.0625, 1.1625, 1.1625], "texture": "#0"},
				"west": {"uv": [1.1125, 1.8125, 1.075, 1.925], "texture": "#0"},
				"up": {"uv": [1.075, 1.8625, 1.1875, 1.825], "texture": "#0"},
				"down": {"uv": [1.075, 1.8625, 1.1875, 1.825], "texture": "#0"}
			}
		},
		{
			"from": [4.05, 1.5, 1],
			"to": [4.35, 1.8, 1],
			"rotation": {"angle": -22.5, "axis": "z", "origin": [0, 0, 0]},
			"faces": {
				"north": {"uv": [1.0625, 1.0625, 1.1625, 1.1625], "texture": "#0"},
				"east": {"uv": [1.1125, 1.8125, 1.075, 1.925], "texture": "#0"},
				"south": {"uv": [1.0625, 1.0625, 1.1625, 1.1625], "texture": "#0"},
				"west": {"uv": [1.1125, 1.8125, 1.075, 1.925], "texture": "#0"},
				"up": {"uv": [1.075, 1.8625, 1.1875, 1.825], "texture": "#0"},
				"down": {"uv": [1.075, 1.8625, 1.1875, 1.825], "texture": "#0"}
			}
		},
		{
			"from": [4.7, 2.15, 1],
			"to": [5, 2.45, 1],
			"rotation": {"angle": -22.5, "axis": "z", "origin": [0, 0, 0]},
			"faces": {
				"north": {"uv": [1.0625, 1.0625, 1.1625, 1.1625], "texture": "#0"},
				"east": {"uv": [1.1125, 1.8125, 1.075, 1.925], "texture": "#0"},
				"south": {"uv": [1.0625, 1.0625, 1.1625, 1.1625], "texture": "#0"},
				"west": {"uv": [1.1125, 1.8125, 1.075, 1.925], "texture": "#0"},
				"up": {"uv": [1.075, 1.8625, 1.1875, 1.825], "texture": "#0"},
				"down": {"uv": [1.075, 1.8625, 1.1875, 1.825], "texture": "#0"}
			}
		},
		{
			"from": [3.4, 2.15, 1],
			"to": [3.7, 2.45, 1],
			"rotation": {"angle": -22.5, "axis": "z", "origin": [0, 0, 0]},
			"faces": {
				"north": {"uv": [1.0625, 1.0625, 1.1625, 1.1625], "texture": "#0"},
				"east": {"uv": [1.1125, 2.0625, 1.075, 2.175], "texture": "#0"},
				"south": {"uv": [1.0625, 1.0625, 1.1625, 1.1625], "texture": "#0"},
				"west": {"uv": [1.1125, 2.0625, 1.075, 2.175], "texture": "#0"},
				"up": {"uv": [1.075, 2.1125, 1.1875, 2.075], "texture": "#0"},
				"down": {"uv": [1.075, 2.1125, 1.1875, 2.075], "texture": "#0"}
			}
		}
	],
	"display": {
		"thirdperson_righthand": {
			"scale": [0.5, 0.5, 0.5]
		},
		"thirdperson_lefthand": {
			"scale": [0.5, 0.5, 0.5]
		},
		"ground": {
			"translation": [0, 2.25, 0],
			"scale": [0.6, 0.6, 0.6]
		},
		"gui": {
			"rotation": [0, -143, 0],
			"translation": [-1.25, 1.5, 0]
		},
		"head": {
			"translation": [0, 7.75, 2],
			"scale": [1.77, 1.77, 1.77]
		},
		"fixed": {
			"translation": [0, 3.25, 0]
		}
	},
	"groups": [
		0,
		1,
		2,
		3,
		4,
		5,
		6,
		7,
		8,
		9,
		10,
		11,
		12,
		13,
		14,
		15,
		16,
		17,
		18,
		19,
		20,
		21,
		22,
		23,
		24,
		25,
		26,
		27,
		28,
		29,
		30,
		31,
		{
			"name": "flower",
			"origin": [8, 8, 8],
			"color": 0,
			"children": [32, 33, 34, 35, 36]
		},
		{
			"name": "flower",
			"origin": [8, 8, 8],
			"color": 0,
			"children": [37, 38, 39, 40, 41]
		}
	]
}