{
	"credit": "Made with Blockbench",
	"texture_size": [128, 128],
	"textures": {
		"0": "item/planetary_blade",
		"particle": "item/planetary_blade"
	},
	"elements": [
		{
			"from": [7.5, 29.5, 8.3],
			"to": [8.5, 31, 8.7],
			"faces": {
				"north": {"uv": [0.625, 1.125, 0.75, 1.3125], "texture": "#0"},
				"east": {"uv": [0.625, 1.125, 0.75, 1.3125], "texture": "#0"},
				"south": {"uv": [0.625, 1.125, 0.75, 1.3125], "texture": "#0"},
				"west": {"uv": [0.625, 1.125, 0.75, 1.3125], "texture": "#0"},
				"up": {"uv": [0.625, 1.125, 0.75, 1.25], "texture": "#0"},
				"down": {"uv": [0.625, 1.125, 0.75, 1.25], "texture": "#0"}
			}
		},
		{
			"from": [7, 28, 8.3],
			"to": [9, 29.5, 8.7],
			"faces": {
				"north": {"uv": [0.5625, 1.375, 0.8125, 1.5625], "texture": "#0"},
				"east": {"uv": [0.625, 1.375, 0.75, 1.5625], "texture": "#0"},
				"south": {"uv": [0.5625, 1.375, 0.8125, 1.5625], "texture": "#0"},
				"west": {"uv": [0.625, 1.375, 0.75, 1.5625], "texture": "#0"},
				"up": {"uv": [0.5625, 1.4125, 0.8125, 1.5375], "texture": "#0"},
				"down": {"uv": [0.5625, 1.3875, 0.8125, 1.5125], "texture": "#0"}
			}
		},
		{
			"from": [6.5, 25, 8.3],
			"to": [9.5, 28, 8.7],
			"faces": {
				"north": {"uv": [0.5125, 1.625, 0.8625, 2], "texture": "#0"},
				"east": {"uv": [0.625, 1.625, 0.75, 2], "texture": "#0"},
				"south": {"uv": [0.5125, 1.625, 0.8625, 2], "texture": "#0"},
				"west": {"uv": [0.625, 1.625, 0.75, 2], "texture": "#0"},
				"up": {"uv": [0.5125, 1.625, 0.8625, 1.75], "texture": "#0"},
				"down": {"uv": [0.5125, 1.625, 0.8625, 1.75], "texture": "#0"}
			}
		},
		{
			"from": [6, 22, 8.3],
			"to": [10, 25, 8.7],
			"faces": {
				"north": {"uv": [0.45, 2.1375, 0.925, 2.4875], "texture": "#0"},
				"east": {"uv": [0.4, 2.15, 0.4875, 2.5], "texture": "#0"},
				"south": {"uv": [0.45, 2.15, 0.925, 2.4875], "texture": "#0"},
				"west": {"uv": [0.8875, 2.15, 0.975, 2.5], "texture": "#0"},
				"up": {"uv": [0.5125, 2.0125, 0.85, 2.125], "texture": "#0"},
				"down": {"uv": [0.45, 2.15, 0.925, 2.2625], "texture": "#0"}
			}
		},
		{
			"from": [9, -2, 8.3],
			"to": [10.5, 3, 8.7],
			"faces": {
				"north": {"uv": [0.275, 4, 0.4875, 4.4875], "texture": "#0"},
				"east": {"uv": [0.3, 4, 0.425, 4.5], "texture": "#0"},
				"south": {"uv": [0.275, 4, 0.4875, 4.4875], "texture": "#0"},
				"west": {"uv": [0.9125, 3.6375, 1.0125, 4.3625], "texture": "#0"},
				"up": {"uv": [0.55, 4.125, 0.7375, 4.25], "texture": "#0"},
				"down": {"uv": [0.3, 2.5, 0.4875, 2.625], "texture": "#0"}
			}
		},
		{
			"from": [9, 17, 8.3],
			"to": [10.5, 22, 8.7],
			"faces": {
				"north": {"uv": [0.275, 2.5, 0.4875, 2.9875], "texture": "#0"},
				"east": {"uv": [0.3, 2.5, 0.425, 3], "texture": "#0"},
				"south": {"uv": [0.275, 2.5, 0.4875, 2.9875], "texture": "#0"},
				"west": {"uv": [0.8875, 3.75, 1.0125, 4.3625], "texture": "#0"},
				"up": {"uv": [0.2875, 2.525, 0.475, 2.65], "texture": "#0"},
				"down": {"uv": [0.3, 2.5, 0.4875, 2.625], "texture": "#0"}
			}
		},
		{
			"from": [5.5, -2, 8.3],
			"to": [7, 22, 8.7],
			"faces": {
				"north": {"uv": [0.8875, 2.525, 1.0875, 4.4875], "texture": "#0"},
				"east": {"uv": [0.875, 2.2625, 0.9875, 4.25], "texture": "#0"},
				"south": {"uv": [0.875, 2.5125, 1.0875, 4.475], "texture": "#0"},
				"west": {"uv": [0.8875, 2.5125, 0.9875, 4.4875], "texture": "#0"},
				"up": {"uv": [0.875, 2.5125, 1.05, 2.625], "texture": "#0"},
				"down": {"uv": [0.875, 2.5125, 1.05, 2.625], "texture": "#0"}
			}
		},
		{
			"from": [7, 8, 8.3],
			"to": [7.5, 12, 8.7],
			"faces": {
				"north": {"uv": [0.8875, 3.2625, 0.9875, 3.75], "texture": "#0"},
				"east": {"uv": [0.925, 3.05, 1.05, 4.175], "texture": "#0"},
				"south": {"uv": [0.8875, 3.2625, 0.9875, 3.5], "texture": "#0"},
				"west": {"uv": [1.0625, 1.0625, 1.0625, 0.6875], "texture": "#0"},
				"up": {"uv": [0.875, 3, 1.0625, 3.125], "texture": "#0"},
				"down": {"uv": [0.875, 3, 1.0625, 3.125], "texture": "#0"}
			}
		},
		{
			"from": [7, 16, 8.3],
			"to": [9, 22, 8.7],
			"faces": {
				"north": {"uv": [0.7625, 2.5125, 1, 3.25], "texture": "#0"},
				"east": {"uv": [0.75, 2.5, 0.875, 3.25], "texture": "#0"},
				"south": {"uv": [0.7625, 2.5, 1, 3.25], "texture": "#0"},
				"west": {"uv": [0.75, 2.5, 0.875, 3.25], "texture": "#0"},
				"up": {"uv": [0.4375, 2.25, 0.6875, 2.375], "texture": "#0"},
				"down": {"uv": [0.8125, 3, 1.0625, 3.125], "texture": "#0"}
			}
		},
		{
			"from": [7, -2, 8.3],
			"to": [9, 4, 8.7],
			"faces": {
				"north": {"uv": [0.5625, 4.125, 0.8125, 4.875], "texture": "#0"},
				"east": {"uv": [0.625, 4.125, 0.75, 4.875], "texture": "#0"},
				"south": {"uv": [0.5625, 4.125, 0.8125, 4.875], "texture": "#0"},
				"west": {"uv": [0.625, 4.125, 0.75, 4.875], "texture": "#0"},
				"up": {"uv": [0.8125, 4.25, 1.0625, 4.375], "texture": "#0"},
				"down": {"uv": [0.5625, 4.125, 0.8125, 4.25], "texture": "#0"}
			}
		},
		{
			"from": [8.1, 4.8, 7.6],
			"to": [9.9, 6.6, 9.4],
			"faces": {
				"north": {"uv": [4.15, 1.275, 4.725, 1.85], "texture": "#0"},
				"east": {"uv": [4.15, 0.525, 4.7125, 1.1], "texture": "#0"},
				"south": {"uv": [4.15, 1.275, 4.725, 1.85], "texture": "#0"},
				"west": {"uv": [4.175, 0.55, 4.7125, 1.0875], "texture": "#0"},
				"up": {"uv": [4.1625, 0.5375, 4.725, 1.1125], "texture": "#0"},
				"down": {"uv": [4.15, 1.275, 4.7125, 1.85], "texture": "#0"}
			}
		},
		{
			"from": [7.9, 9.9, 9.3],
			"to": [10.3, 10, 9.7],
			"faces": {
				"north": {"uv": [5.9, 2.05, 5.9875, 2.1375], "texture": "#0"},
				"east": {"uv": [5.7375, 2.0625, 5.8625, 2.15], "texture": "#0"},
				"south": {"uv": [5.9, 2.05, 5.9875, 2.1375], "texture": "#0"},
				"west": {"uv": [5.6625, 2.0625, 5.7875, 2.15], "texture": "#0"},
				"up": {"uv": [5.7875, 2.05, 5.875, 2.175], "texture": "#0"},
				"down": {"uv": [5.9, 2.05, 5.9875, 2.175], "texture": "#0"}
			}
		},
		{
			"from": [9.9, 9.9, 7.7],
			"to": [10.3, 10, 9.3],
			"faces": {
				"north": {"uv": [5.7125, 2.05, 5.8, 2.1375], "texture": "#0"},
				"east": {"uv": [5.7875, 2.0375, 5.9125, 2.125], "texture": "#0"},
				"south": {"uv": [5.7125, 2.05, 5.8, 2.1375], "texture": "#0"},
				"west": {"uv": [5.8375, 2.0625, 5.9625, 2.15], "texture": "#0"},
				"up": {"uv": [5.7125, 2.0625, 5.8, 2.1875], "texture": "#0"},
				"down": {"uv": [5.7125, 2.05, 5.8, 2.175], "texture": "#0"}
			}
		},
		{
			"from": [7.9, 9.9, 7.7],
			"to": [8.3, 10, 9.3],
			"faces": {
				"north": {"uv": [5.7125, 2.05, 5.8, 2.1375], "texture": "#0"},
				"east": {"uv": [5.7875, 2.0375, 5.9125, 2.125], "texture": "#0"},
				"south": {"uv": [5.7125, 2.05, 5.8, 2.1375], "texture": "#0"},
				"west": {"uv": [5.8375, 2.0625, 5.9625, 2.15], "texture": "#0"},
				"up": {"uv": [5.7125, 2.0625, 5.8, 2.1875], "texture": "#0"},
				"down": {"uv": [5.7125, 2.05, 5.8, 2.175], "texture": "#0"}
			}
		},
		{
			"from": [7.9, 9.9, 7.3],
			"to": [10.3, 10, 7.7],
			"faces": {
				"north": {"uv": [5.9, 2.05, 5.9875, 2.1375], "texture": "#0"},
				"east": {"uv": [5.7375, 2.0625, 5.8625, 2.15], "texture": "#0"},
				"south": {"uv": [5.9, 2.05, 5.9875, 2.1375], "texture": "#0"},
				"west": {"uv": [5.6625, 2.0625, 5.7875, 2.15], "texture": "#0"},
				"up": {"uv": [5.7875, 2.05, 5.875, 2.175], "texture": "#0"},
				"down": {"uv": [5.9, 2.05, 5.9875, 2.175], "texture": "#0"}
			}
		},
		{
			"from": [8.5, 9.4, 7.9],
			"to": [9.7, 10.6, 9.1],
			"faces": {
				"north": {"uv": [5.65, 1.4, 5.9625, 1.725], "texture": "#0"},
				"east": {"uv": [5.6375, 1.3875, 5.9875, 1.7375], "texture": "#0"},
				"south": {"uv": [5.65, 1.4, 5.9625, 1.725], "texture": "#0"},
				"west": {"uv": [5.65, 1.4, 5.9625, 1.725], "texture": "#0"},
				"up": {"uv": [5.6375, 1.3875, 5.975, 1.725], "texture": "#0"},
				"down": {"uv": [5.65, 1.3875, 5.975, 1.7375], "texture": "#0"}
			}
		},
		{
			"from": [8.2, 11.4, 8.9],
			"to": [8.8, 12, 9.5],
			"faces": {
				"north": {"uv": [5.15, 1.4, 5.3125, 1.5875], "texture": "#0"},
				"east": {"uv": [5.1375, 1.4, 5.35, 1.6], "texture": "#0"},
				"south": {"uv": [5.15, 1.4, 5.3125, 1.5875], "texture": "#0"},
				"west": {"uv": [5.15, 1.4, 5.35, 1.5875], "texture": "#0"},
				"up": {"uv": [5.15, 1.4, 5.35, 1.6], "texture": "#0"},
				"down": {"uv": [5.1375, 1.3875, 5.35, 1.6], "texture": "#0"}
			}
		},
		{
			"from": [9.4, 7.9, 7.5],
			"to": [10, 8.5, 8.1],
			"faces": {
				"north": {"uv": [5.15, 1.4, 5.3125, 1.55], "texture": "#0"},
				"east": {"uv": [5.15, 1.3875, 5.35, 1.6125], "texture": "#0"},
				"south": {"uv": [5.15, 1.4, 5.3125, 1.55], "texture": "#0"},
				"west": {"uv": [5.15, 1.4, 5.35, 1.55], "texture": "#0"},
				"up": {"uv": [5.15, 1.4, 5.3125, 1.5875], "texture": "#0"},
				"down": {"uv": [5.15, 1.4, 5.35, 1.6], "texture": "#0"}
			}
		},
		{
			"from": [8.1, 13.3, 7.6],
			"to": [9.9, 15.1, 9.4],
			"faces": {
				"north": {"uv": [5.15, 0.525, 5.725, 1.1125], "texture": "#0"},
				"east": {"uv": [5.9, 0.525, 6.4625, 1.1], "texture": "#0"},
				"south": {"uv": [5.15, 0.5375, 5.7125, 1.1], "texture": "#0"},
				"west": {"uv": [5.9, 0.525, 6.475, 1.1125], "texture": "#0"},
				"up": {"uv": [5.9, 0.525, 6.4625, 1.1], "texture": "#0"},
				"down": {"uv": [5.1625, 0.55, 5.7125, 1.0875], "texture": "#0"}
			}
		},
		{
			"from": [5, -3, 7.5],
			"to": [7, -2, 9.5],
			"faces": {
				"north": {"uv": [2.4, 2.125, 2.65, 2.25], "texture": "#0"},
				"east": {"uv": [2.4, 2.125, 2.65, 2.25], "texture": "#0"},
				"south": {"uv": [2.4, 2.125, 2.65, 2.25], "texture": "#0"},
				"west": {"uv": [2.4, 2.125, 2.65, 2.25], "texture": "#0"},
				"up": {"uv": [2.4, 2.125, 2.65, 2.375], "texture": "#0"},
				"down": {"uv": [2.4, 2.125, 2.65, 2.375], "texture": "#0"}
			}
		},
		{
			"from": [7, -5, 7.5],
			"to": [9, 0, 9.5],
			"faces": {
				"north": {"uv": [2.275, 1.775, 2.7125, 2.8], "texture": "#0"},
				"east": {"uv": [2.275, 1.775, 2.7125, 2.8], "texture": "#0"},
				"south": {"uv": [2.275, 1.775, 2.7125, 2.8], "texture": "#0"},
				"west": {"uv": [2.275, 1.775, 2.7125, 2.8], "texture": "#0"},
				"up": {"uv": [2.275, 1.775, 2.7125, 2.185], "texture": "#0"},
				"down": {"uv": [2.275, 1.775, 2.7125, 2.185], "texture": "#0"}
			}
		},
		{
			"from": [7.2, -15.4, 7.7],
			"to": [8.8, -14.5, 9.3],
			"faces": {
				"north": {"uv": [2.8125, 4.0125, 3.175, 4.3125], "texture": "#0"},
				"east": {"uv": [2.8125, 4.0125, 3.175, 4.3125], "texture": "#0"},
				"south": {"uv": [2.8125, 4.0125, 3.175, 4.3125], "texture": "#0"},
				"west": {"uv": [2.8125, 4.0125, 3.175, 4.3125], "texture": "#0"},
				"up": {"uv": [2.8125, 4.0125, 3.175, 4.375], "texture": "#0"},
				"down": {"uv": [2.8125, 4.0125, 3.175, 4.375], "texture": "#0"}
			}
		},
		{
			"from": [9, -3, 7.5],
			"to": [11, -2, 9.5],
			"faces": {
				"north": {"uv": [2.4, 2.125, 2.65, 2.25], "texture": "#0"},
				"east": {"uv": [2.4, 2.125, 2.65, 2.25], "texture": "#0"},
				"south": {"uv": [2.4, 2.125, 2.65, 2.25], "texture": "#0"},
				"west": {"uv": [2.4, 2.125, 2.65, 2.25], "texture": "#0"},
				"up": {"uv": [2.4, 2.125, 2.65, 2.375], "texture": "#0"},
				"down": {"uv": [2.4, 2.125, 2.65, 2.375], "texture": "#0"}
			}
		},
		{
			"from": [7.5, -15.2, 8],
			"to": [8.5, -5, 9],
			"faces": {
				"north": {"uv": [0.0375, 0.0125, 0.225, 1.35], "texture": "#0"},
				"east": {"uv": [0.025, 0.0125, 0.225, 1.35], "texture": "#0"},
				"south": {"uv": [0.025, 0.0125, 0.225, 1.35], "texture": "#0"},
				"west": {"uv": [0.025, 0.0125, 0.225, 1.35], "texture": "#0"},
				"up": {"uv": [0, 0, 0.125, 0.125], "texture": "#0"},
				"down": {"uv": [0, 0, 0.125, 0.125], "texture": "#0"}
			}
		},
		{
			"from": [7, -6, 7.5],
			"to": [9, -5.5, 9.5],
			"faces": {
				"north": {"uv": [2.3, 1.825, 2.7125, 2.175], "texture": "#0"},
				"east": {"uv": [2.3, 1.825, 2.7125, 2.175], "texture": "#0"},
				"south": {"uv": [2.3, 1.825, 2.7125, 2.175], "texture": "#0"},
				"west": {"uv": [2.3, 1.825, 2.7125, 2.175], "texture": "#0"},
				"up": {"uv": [2.3, 1.825, 2.7125, 2.3625], "texture": "#0"},
				"down": {"uv": [2.3, 1.825, 2.7125, 2.3625], "texture": "#0"}
			}
		},
		{
			"from": [9, -5.25, 8.25],
			"to": [9.5, -2.75, 8.75],
			"faces": {
				"north": {"uv": [2.975, 3.825, 3.1, 4.2], "texture": "#0"},
				"east": {"uv": [2.975, 3.825, 3.1, 4.2], "texture": "#0"},
				"south": {"uv": [2.975, 3.825, 3.1, 4.2], "texture": "#0"},
				"west": {"uv": [2.975, 3.825, 3.1, 4.2], "texture": "#0"},
				"up": {"uv": [2.975, 3.825, 3.1, 3.95], "texture": "#0"},
				"down": {"uv": [2.975, 3.825, 3.1, 3.95], "texture": "#0"}
			}
		},
		{
			"from": [6.5, -5.25, 8.25],
			"to": [7, -2.75, 8.75],
			"faces": {
				"north": {"uv": [2.975, 3.825, 3.1, 4.2], "texture": "#0"},
				"east": {"uv": [2.975, 3.825, 3.1, 4.2], "texture": "#0"},
				"south": {"uv": [2.975, 3.825, 3.1, 4.2], "texture": "#0"},
				"west": {"uv": [2.975, 3.825, 3.1, 4.2], "texture": "#0"},
				"up": {"uv": [2.975, 3.825, 3.1, 3.95], "texture": "#0"},
				"down": {"uv": [2.975, 3.825, 3.1, 3.95], "texture": "#0"}
			}
		},
		{
			"from": [9.5, -6, 8.25],
			"to": [10, -2.75, 8.75],
			"faces": {
				"north": {"uv": [2.975, 3.825, 3.1, 4.29375], "texture": "#0"},
				"east": {"uv": [2.975, 3.825, 3.1, 4.29375], "texture": "#0"},
				"south": {"uv": [2.975, 3.825, 3.1, 4.29375], "texture": "#0"},
				"west": {"uv": [2.975, 3.825, 3.1, 4.29375], "texture": "#0"},
				"up": {"uv": [2.975, 3.825, 3.1, 3.95], "texture": "#0"},
				"down": {"uv": [2.975, 3.825, 3.1, 3.95], "texture": "#0"}
			}
		},
		{
			"from": [6, -6, 8.25],
			"to": [6.5, -2.75, 8.75],
			"faces": {
				"north": {"uv": [2.975, 3.825, 3.1, 4.29375], "texture": "#0"},
				"east": {"uv": [2.975, 3.825, 3.1, 4.29375], "texture": "#0"},
				"south": {"uv": [2.975, 3.825, 3.1, 4.29375], "texture": "#0"},
				"west": {"uv": [2.975, 3.825, 3.1, 4.29375], "texture": "#0"},
				"up": {"uv": [2.975, 3.825, 3.1, 3.95], "texture": "#0"},
				"down": {"uv": [2.975, 3.825, 3.1, 3.95], "texture": "#0"}
			}
		},
		{
			"from": [10, -6, 8.25],
			"to": [10.5, -3.5, 8.75],
			"faces": {
				"north": {"uv": [2.975, 3.825, 3.1, 4.2], "texture": "#0"},
				"east": {"uv": [2.975, 3.825, 3.1, 4.2], "texture": "#0"},
				"south": {"uv": [2.975, 3.825, 3.1, 4.2], "texture": "#0"},
				"west": {"uv": [2.975, 3.825, 3.1, 4.2], "texture": "#0"},
				"up": {"uv": [2.975, 3.825, 3.1, 3.95], "texture": "#0"},
				"down": {"uv": [2.975, 3.825, 3.1, 3.95], "texture": "#0"}
			}
		},
		{
			"from": [5.5, -6, 8.25],
			"to": [6, -3.5, 8.75],
			"faces": {
				"north": {"uv": [2.975, 3.825, 3.1, 4.2], "texture": "#0"},
				"east": {"uv": [2.975, 3.825, 3.1, 4.2], "texture": "#0"},
				"south": {"uv": [2.975, 3.825, 3.1, 4.2], "texture": "#0"},
				"west": {"uv": [2.975, 3.825, 3.1, 4.2], "texture": "#0"},
				"up": {"uv": [2.975, 3.825, 3.1, 3.95], "texture": "#0"},
				"down": {"uv": [2.975, 3.825, 3.1, 3.95], "texture": "#0"}
			}
		},
		{
			"from": [10.5, -5.25, 8.25],
			"to": [11, -3.5, 8.75],
			"faces": {
				"north": {"uv": [2.975, 3.825, 3.1, 4.10625], "texture": "#0"},
				"east": {"uv": [2.975, 3.825, 3.1, 4.10625], "texture": "#0"},
				"south": {"uv": [2.975, 3.825, 3.1, 4.10625], "texture": "#0"},
				"west": {"uv": [2.975, 3.825, 3.1, 4.10625], "texture": "#0"},
				"up": {"uv": [2.975, 3.825, 3.1, 3.95], "texture": "#0"},
				"down": {"uv": [2.975, 3.825, 3.1, 3.95], "texture": "#0"}
			}
		},
		{
			"from": [5, -5.25, 8.25],
			"to": [5.5, -3.5, 8.75],
			"faces": {
				"north": {"uv": [2.975, 3.825, 3.1, 4.10625], "texture": "#0"},
				"east": {"uv": [2.975, 3.825, 3.1, 4.10625], "texture": "#0"},
				"south": {"uv": [2.975, 3.825, 3.1, 4.10625], "texture": "#0"},
				"west": {"uv": [2.975, 3.825, 3.1, 4.10625], "texture": "#0"},
				"up": {"uv": [2.975, 3.825, 3.1, 3.95], "texture": "#0"},
				"down": {"uv": [2.975, 3.825, 3.1, 3.95], "texture": "#0"}
			}
		},
		{
			"from": [11, -5.75, 8.25],
			"to": [11.5, -3.25, 8.75],
			"faces": {
				"north": {"uv": [2.975, 3.825, 3.1, 4.2], "texture": "#0"},
				"east": {"uv": [2.975, 3.825, 3.1, 4.2], "texture": "#0"},
				"south": {"uv": [2.975, 3.825, 3.1, 4.2], "texture": "#0"},
				"west": {"uv": [2.975, 3.825, 3.1, 4.2], "texture": "#0"},
				"up": {"uv": [2.975, 3.825, 3.1, 3.95], "texture": "#0"},
				"down": {"uv": [2.975, 3.825, 3.1, 3.95], "texture": "#0"}
			}
		},
		{
			"from": [4.5, -5.75, 8.25],
			"to": [5, -3.25, 8.75],
			"faces": {
				"north": {"uv": [2.975, 3.825, 3.1, 4.2], "texture": "#0"},
				"east": {"uv": [2.975, 3.825, 3.1, 4.2], "texture": "#0"},
				"south": {"uv": [2.975, 3.825, 3.1, 4.2], "texture": "#0"},
				"west": {"uv": [2.975, 3.825, 3.1, 4.2], "texture": "#0"},
				"up": {"uv": [2.975, 3.825, 3.1, 3.95], "texture": "#0"},
				"down": {"uv": [2.975, 3.825, 3.1, 3.95], "texture": "#0"}
			}
		},
		{
			"from": [11.5, -4.25, 8.25],
			"to": [12, -2.75, 8.75],
			"faces": {
				"north": {"uv": [2.975, 3.825, 3.1, 4.075], "texture": "#0"},
				"east": {"uv": [2.975, 3.825, 3.1, 4.075], "texture": "#0"},
				"south": {"uv": [2.975, 3.825, 3.1, 4.075], "texture": "#0"},
				"west": {"uv": [2.975, 3.825, 3.1, 4.075], "texture": "#0"},
				"up": {"uv": [2.975, 3.825, 3.1, 3.95], "texture": "#0"},
				"down": {"uv": [2.975, 3.825, 3.1, 3.95], "texture": "#0"}
			}
		},
		{
			"from": [4, -4.25, 8.25],
			"to": [4.5, -2.75, 8.75],
			"faces": {
				"north": {"uv": [2.975, 3.825, 3.1, 4.075], "texture": "#0"},
				"east": {"uv": [2.975, 3.825, 3.1, 4.075], "texture": "#0"},
				"south": {"uv": [2.975, 3.825, 3.1, 4.075], "texture": "#0"},
				"west": {"uv": [2.975, 3.825, 3.1, 4.075], "texture": "#0"},
				"up": {"uv": [2.975, 3.825, 3.1, 3.95], "texture": "#0"},
				"down": {"uv": [2.975, 3.825, 3.1, 3.95], "texture": "#0"}
			}
		},
		{
			"from": [11.5, -6.25, 8.25],
			"to": [12, -4.75, 8.75],
			"faces": {
				"north": {"uv": [2.975, 3.825, 3.1, 4.075], "texture": "#0"},
				"east": {"uv": [2.975, 3.825, 3.1, 4.075], "texture": "#0"},
				"south": {"uv": [2.975, 3.825, 3.1, 4.075], "texture": "#0"},
				"west": {"uv": [2.975, 3.825, 3.1, 4.075], "texture": "#0"},
				"up": {"uv": [2.975, 3.825, 3.1, 3.95], "texture": "#0"},
				"down": {"uv": [2.975, 3.825, 3.1, 3.95], "texture": "#0"}
			}
		},
		{
			"from": [4, -6.25, 8.25],
			"to": [4.5, -4.75, 8.75],
			"faces": {
				"north": {"uv": [2.975, 3.825, 3.1, 4.075], "texture": "#0"},
				"east": {"uv": [2.975, 3.825, 3.1, 4.075], "texture": "#0"},
				"south": {"uv": [2.975, 3.825, 3.1, 4.075], "texture": "#0"},
				"west": {"uv": [2.975, 3.825, 3.1, 4.075], "texture": "#0"},
				"up": {"uv": [2.975, 3.825, 3.1, 3.95], "texture": "#0"},
				"down": {"uv": [2.975, 3.825, 3.1, 3.95], "texture": "#0"}
			}
		},
		{
			"from": [12.5, -6.25, 8.25],
			"to": [13, -4.75, 8.75],
			"faces": {
				"north": {"uv": [2.975, 3.825, 3.1, 4.075], "texture": "#0"},
				"east": {"uv": [2.975, 3.825, 3.1, 4.075], "texture": "#0"},
				"south": {"uv": [2.975, 3.825, 3.1, 4.075], "texture": "#0"},
				"west": {"uv": [2.975, 3.825, 3.1, 4.075], "texture": "#0"},
				"up": {"uv": [2.975, 3.825, 3.1, 3.95], "texture": "#0"},
				"down": {"uv": [2.975, 3.825, 3.1, 3.95], "texture": "#0"}
			}
		},
		{
			"from": [3, -6.25, 8.25],
			"to": [3.5, -4.75, 8.75],
			"faces": {
				"north": {"uv": [2.975, 3.825, 3.1, 4.075], "texture": "#0"},
				"east": {"uv": [2.975, 3.825, 3.1, 4.075], "texture": "#0"},
				"south": {"uv": [2.975, 3.825, 3.1, 4.075], "texture": "#0"},
				"west": {"uv": [2.975, 3.825, 3.1, 4.075], "texture": "#0"},
				"up": {"uv": [2.975, 3.825, 3.1, 3.95], "texture": "#0"},
				"down": {"uv": [2.975, 3.825, 3.1, 3.95], "texture": "#0"}
			}
		},
		{
			"from": [13, -5.75, 8.25],
			"to": [13.5, -4.25, 8.75],
			"faces": {
				"north": {"uv": [2.975, 3.825, 3.1, 4.075], "texture": "#0"},
				"east": {"uv": [2.975, 3.825, 3.1, 4.075], "texture": "#0"},
				"south": {"uv": [2.975, 3.825, 3.1, 4.075], "texture": "#0"},
				"west": {"uv": [2.975, 3.825, 3.1, 4.075], "texture": "#0"},
				"up": {"uv": [2.975, 3.825, 3.1, 3.95], "texture": "#0"},
				"down": {"uv": [2.975, 3.825, 3.1, 3.95], "texture": "#0"}
			}
		},
		{
			"from": [2.5, -5.75, 8.25],
			"to": [3, -4.25, 8.75],
			"faces": {
				"north": {"uv": [2.975, 3.825, 3.1, 4.075], "texture": "#0"},
				"east": {"uv": [2.975, 3.825, 3.1, 4.075], "texture": "#0"},
				"south": {"uv": [2.975, 3.825, 3.1, 4.075], "texture": "#0"},
				"west": {"uv": [2.975, 3.825, 3.1, 4.075], "texture": "#0"},
				"up": {"uv": [2.975, 3.825, 3.1, 3.95], "texture": "#0"},
				"down": {"uv": [2.975, 3.825, 3.1, 3.95], "texture": "#0"}
			}
		},
		{
			"from": [12, -6.25, 8.25],
			"to": [12.5, -5.25, 8.75],
			"faces": {
				"north": {"uv": [2.975, 3.825, 3.1, 4.0125], "texture": "#0"},
				"east": {"uv": [2.975, 3.825, 3.1, 4.0125], "texture": "#0"},
				"south": {"uv": [2.975, 3.825, 3.1, 4.0125], "texture": "#0"},
				"west": {"uv": [2.975, 3.825, 3.1, 4.0125], "texture": "#0"},
				"up": {"uv": [2.975, 3.825, 3.1, 3.95], "texture": "#0"},
				"down": {"uv": [2.975, 3.825, 3.1, 3.95], "texture": "#0"}
			}
		},
		{
			"from": [3.5, -6.25, 8.25],
			"to": [4, -5.25, 8.75],
			"faces": {
				"north": {"uv": [2.975, 3.825, 3.1, 4.0125], "texture": "#0"},
				"east": {"uv": [2.975, 3.825, 3.1, 4.0125], "texture": "#0"},
				"south": {"uv": [2.975, 3.825, 3.1, 4.0125], "texture": "#0"},
				"west": {"uv": [2.975, 3.825, 3.1, 4.0125], "texture": "#0"},
				"up": {"uv": [2.975, 3.825, 3.1, 3.95], "texture": "#0"},
				"down": {"uv": [2.975, 3.825, 3.1, 3.95], "texture": "#0"}
			}
		},
		{
			"from": [12, -4, 8.25],
			"to": [12.5, -3, 8.75],
			"faces": {
				"north": {"uv": [2.975, 3.825, 3.1, 4.0125], "texture": "#0"},
				"east": {"uv": [2.975, 3.825, 3.1, 4.0125], "texture": "#0"},
				"south": {"uv": [2.975, 3.825, 3.1, 4.0125], "texture": "#0"},
				"west": {"uv": [2.975, 3.825, 3.1, 4.0125], "texture": "#0"},
				"up": {"uv": [2.975, 3.825, 3.1, 3.95], "texture": "#0"},
				"down": {"uv": [2.975, 3.825, 3.1, 3.95], "texture": "#0"}
			}
		},
		{
			"from": [3.5, -4, 8.25],
			"to": [4, -3, 8.75],
			"faces": {
				"north": {"uv": [2.975, 3.825, 3.1, 4.0125], "texture": "#0"},
				"east": {"uv": [2.975, 3.825, 3.1, 4.0125], "texture": "#0"},
				"south": {"uv": [2.975, 3.825, 3.1, 4.0125], "texture": "#0"},
				"west": {"uv": [2.975, 3.825, 3.1, 4.0125], "texture": "#0"},
				"up": {"uv": [2.975, 3.825, 3.1, 3.95], "texture": "#0"},
				"down": {"uv": [2.975, 3.825, 3.1, 3.95], "texture": "#0"}
			}
		},
		{
			"from": [7, -14.1, 7.5],
			"to": [9, -13.6, 9.5],
			"faces": {
				"north": {"uv": [2.3, 1.825, 2.7125, 2.175], "texture": "#0"},
				"east": {"uv": [2.3, 1.825, 2.7125, 2.175], "texture": "#0"},
				"south": {"uv": [2.3, 1.825, 2.7125, 2.175], "texture": "#0"},
				"west": {"uv": [2.3, 1.825, 2.7125, 2.175], "texture": "#0"},
				"up": {"uv": [2.3, 1.825, 2.7125, 2.3625], "texture": "#0"},
				"down": {"uv": [2.3, 1.825, 2.7125, 2.3625], "texture": "#0"}
			}
		}
	],
	"display": {
		"thirdperson_righthand": {
			"rotation": [0, -90, 0],
			"translation": [0.5, 11, 1.25],
			"scale": [0.68633, 0.74, 0.74102]
		},
		"thirdperson_lefthand": {
			"rotation": [0, 90, 0],
			"translation": [0.5, 11, 1.25],
			"scale": [0.68, 0.74, 0.3]
		},
		"firstperson_righthand": {
			"rotation": [-10, -95, 0],
			"translation": [1.5, 6, 1],
			"scale": [0.5, 0.5, 0.5]
		},
		"firstperson_lefthand": {
			"rotation": [-10, -97, 0],
			"translation": [1.25, 6, 1],
			"scale": [0.5, 0.5, 0.19]
		},
		"ground": {
			"translation": [0, 6.25, 0],
			"scale": [0.4, 0.4, 0.4]
		},
		"gui": {
			"rotation": [0, 0, -45],
			"scale": [0.4, 0.4, 0.4]
		},
		"head": {
			"translation": [0, 25, 0]
		},
		"fixed": {
			"rotation": [0, 0, 45],
			"translation": [-0.25, 0, -0.5],
			"scale": [0.65, 0.5, 0.5]
		}
	},
	"groups": [
		{
			"name": "group",
			"origin": [0, 0, 0],
			"color": 0,
			"children": [0, 1, 2, 3, 4, 5, 6, 7, 8, 9, 10, 11, 12, 13, 14, 15, 16, 17, 18, 19, 20, 21, 22, 23]
		},
		24,
		25,
		26,
		27,
		28,
		29,
		30,
		31,
		32,
		33,
		34,
		35,
		36,
		37,
		38,
		39,
		40,
		41,
		42,
		43,
		44,
		45,
		46,
		47
	]
}