{"textures":{"0":"modelengine:entity/flowering_glare"},"elements":[{"from":[3.9499998,-0.6979008,3.667118],"to":[11.95,8.302099,11.667118],"faces":{"east":{"uv":[9.0,0.0,11.0,2.25],"tintindex":0,"rotation":0,"texture":"#0"},"south":{"uv":[10.0,8.0,12.0,10.25],"tintindex":0,"rotation":0,"texture":"#0"},"north":{"uv":[0.0,9.0,2.0,11.25],"tintindex":0,"rotation":0,"texture":"#0"},"west":{"uv":[10.0,10.25,12.0,12.5],"tintindex":0,"rotation":0,"texture":"#0"},"up":{"uv":[7.0,12.5,5.0,10.5],"tintindex":0,"rotation":0,"texture":"#0"},"down":{"uv":[12.5,5.0,10.5,7.0],"tintindex":0,"rotation":0,"texture":"#0"}}}]}