{
	"credit": "Made by HQEli for play.TheGroveMC.net",
	"textures": {
		"0": "item/antlers",
		"particle": "item/antlers"
	},
	"elements": [
		{
			"from": [11, 0, 7],
			"to": [13, 4, 9],
			"rotation": {"angle": -22.5, "axis": "z", "origin": [11, 1, 8]},
			"faces": {
				"north": {"uv": [1, 1, 3, 5], "texture": "#0"},
				"east": {"uv": [1, 3, 3, 7], "texture": "#0"},
				"south": {"uv": [1, 4, 3, 8], "texture": "#0"},
				"west": {"uv": [10, 1, 12, 5], "texture": "#0"},
				"up": {"uv": [4, 6, 2, 4], "texture": "#0"},
				"down": {"uv": [6, 4, 4, 6], "texture": "#0"}
			}
		},
		{
			"from": [13.36937, 2.57875, 7.1],
			"to": [15.16937, 8.37875, 8.9],
			"rotation": {"angle": -45, "axis": "z", "origin": [14.26937, 4.47875, 8]},
			"faces": {
				"north": {"uv": [9, 1, 11, 7], "texture": "#0"},
				"east": {"uv": [1, 1, 3, 7], "texture": "#0"},
				"south": {"uv": [11, 1, 13, 7], "texture": "#0"},
				"west": {"uv": [10, 1, 12, 7], "texture": "#0"},
				"up": {"uv": [1, 1, 3, 3], "texture": "#0"},
				"down": {"uv": [1, 1, 3, 3], "texture": "#0"}
			}
		},
		{
			"from": [0.83063, 2.57875, 7.1],
			"to": [2.63063, 8.37875, 8.9],
			"rotation": {"angle": 45, "axis": "z", "origin": [1.73063, 4.47875, 8]},
			"faces": {
				"north": {"uv": [11, 1, 9, 7], "texture": "#0"},
				"east": {"uv": [12, 1, 10, 7], "texture": "#0"},
				"south": {"uv": [13, 1, 11, 7], "texture": "#0"},
				"west": {"uv": [3, 1, 1, 7], "texture": "#0"},
				"up": {"uv": [3, 1, 1, 3], "texture": "#0"},
				"down": {"uv": [3, 1, 1, 3], "texture": "#0"}
			}
		},
		{
			"from": [3, 0, 7],
			"to": [5, 4, 9],
			"rotation": {"angle": 22.5, "axis": "z", "origin": [5, 1, 8]},
			"faces": {
				"north": {"uv": [3, 1, 1, 5], "texture": "#0"},
				"east": {"uv": [12, 1, 10, 5], "texture": "#0"},
				"south": {"uv": [3, 4, 1, 8], "texture": "#0"},
				"west": {"uv": [3, 3, 1, 7], "texture": "#0"},
				"up": {"uv": [2, 6, 4, 4], "texture": "#0"},
				"down": {"uv": [4, 4, 6, 6], "texture": "#0"}
			}
		},
		{
			"from": [-0.9, 8.66295, 10.44051],
			"to": [-0.1, 11.66295, 11.44051],
			"rotation": {"angle": 22.5, "axis": "x", "origin": [-0.5, 10.16295, 10.94051]},
			"faces": {
				"north": {"uv": [4.8, 2, 4, 5], "texture": "#0"},
				"east": {"uv": [5, 2, 4, 5], "texture": "#0"},
				"south": {"uv": [4.8, 2, 4, 5], "texture": "#0"},
				"west": {"uv": [5, 2, 4, 5], "texture": "#0"},
				"up": {"uv": [4.8, 2, 4, 3], "texture": "#0"},
				"down": {"uv": [4.8, 2, 4, 3], "texture": "#0"}
			}
		},
		{
			"from": [16, 8, 10],
			"to": [17, 11, 11],
			"rotation": {"angle": 45, "axis": "x", "origin": [17, 10, 8]},
			"faces": {
				"north": {"uv": [10, 2, 11, 5], "texture": "#0"},
				"east": {"uv": [2, 1, 3, 4], "texture": "#0"},
				"south": {"uv": [2, 1, 3, 4], "texture": "#0"},
				"west": {"uv": [2, 2, 3, 5], "texture": "#0"},
				"up": {"uv": [2, 1, 3, 2], "texture": "#0"},
				"down": {"uv": [2, 2, 3, 3], "texture": "#0"}
			}
		},
		{
			"from": [15, 6, 7.3],
			"to": [18, 7, 8.3],
			"rotation": {"angle": 22.5, "axis": "z", "origin": [16.5, 9.5, 7.3]},
			"faces": {
				"north": {"uv": [4, 3, 5, 6], "rotation": 270, "texture": "#0"},
				"east": {"uv": [4, 3, 5, 4], "rotation": 90, "texture": "#0"},
				"south": {"uv": [4, 3, 5, 6], "rotation": 90, "texture": "#0"},
				"west": {"uv": [4, 3, 5, 4], "rotation": 90, "texture": "#0"},
				"up": {"uv": [11, 2, 12, 5], "rotation": 90, "texture": "#0"},
				"down": {"uv": [4, 3, 5, 6], "rotation": 90, "texture": "#0"}
			}
		},
		{
			"from": [18.84253, 6.76433, 7.3],
			"to": [21.84253, 7.76433, 8.3],
			"rotation": {"angle": 0, "axis": "y", "origin": [16.34253, 10.26433, 7.3]},
			"faces": {
				"north": {"uv": [3, 3, 4, 6], "rotation": 270, "texture": "#0"},
				"east": {"uv": [3, 3, 4, 4], "rotation": 90, "texture": "#0"},
				"south": {"uv": [3, 3, 4, 6], "rotation": 90, "texture": "#0"},
				"west": {"uv": [3, 3, 4, 4], "rotation": 90, "texture": "#0"},
				"up": {"uv": [11, 1, 12, 4], "rotation": 90, "texture": "#0"},
				"down": {"uv": [3, 3, 4, 6], "rotation": 90, "texture": "#0"}
			}
		},
		{
			"from": [18.84253, 7.46433, 7.4],
			"to": [22.24253, 8.16433, 8.1],
			"rotation": {"angle": 22.5, "axis": "z", "origin": [20.34253, 9.21433, 7.75]},
			"faces": {
				"north": {"uv": [3, 1, 3.7, 4.4], "rotation": 270, "texture": "#0"},
				"east": {"uv": [3, 1, 3.7, 1.7], "rotation": 90, "texture": "#0"},
				"south": {"uv": [10, 1, 10.7, 4.4], "rotation": 90, "texture": "#0"},
				"west": {"uv": [3, 1, 3.7, 1.7], "rotation": 90, "texture": "#0"},
				"up": {"uv": [11, 3, 11.7, 6.4], "rotation": 90, "texture": "#0"},
				"down": {"uv": [3, 1, 3.7, 4.4], "rotation": 90, "texture": "#0"}
			}
		},
		{
			"from": [18.84253, 6.76433, 6.2],
			"to": [21.94253, 7.46433, 6.9],
			"rotation": {"angle": 45, "axis": "y", "origin": [20.34253, 9.21433, 7.75]},
			"faces": {
				"north": {"uv": [1, 2, 1.7, 5.1], "rotation": 270, "texture": "#0"},
				"east": {"uv": [1, 2, 1.7, 2.7], "rotation": 90, "texture": "#0"},
				"south": {"uv": [1, 2, 1.7, 5.1], "rotation": 90, "texture": "#0"},
				"west": {"uv": [1, 2, 1.7, 2.7], "rotation": 90, "texture": "#0"},
				"up": {"uv": [10, 2, 10.7, 5.1], "rotation": 90, "texture": "#0"},
				"down": {"uv": [1, 2, 1.7, 5.1], "rotation": 90, "texture": "#0"}
			}
		},
		{
			"from": [18.94253, 7.46433, 5.6],
			"to": [20.34253, 8.06433, 6.2],
			"rotation": {"angle": 45, "axis": "z", "origin": [20.34253, 9.21433, 7.75]},
			"faces": {
				"north": {"uv": [2, 0, 2.6, 1.4], "rotation": 270, "texture": "#0"},
				"east": {"uv": [2, 0, 2.6, 0.6], "rotation": 90, "texture": "#0"},
				"south": {"uv": [2, 0, 2.6, 1.4], "rotation": 90, "texture": "#0"},
				"west": {"uv": [2, 0, 2.6, 0.6], "rotation": 90, "texture": "#0"},
				"up": {"uv": [10, 3, 10.6, 4.4], "rotation": 90, "texture": "#0"},
				"down": {"uv": [2, 0, 2.6, 1.4], "rotation": 90, "texture": "#0"}
			}
		},
		{
			"from": [21.65893, 8.55002, 5.61],
			"to": [22.23893, 10.93002, 6.19],
			"rotation": {"angle": -22.5, "axis": "z", "origin": [20.49893, 9.94002, 7.75]},
			"faces": {
				"north": {"uv": [3, 1, 3.6, 3.4], "texture": "#0"},
				"east": {"uv": [3, 1, 3.6, 3.4], "texture": "#0"},
				"south": {"uv": [3, 1, 3.6, 3.4], "texture": "#0"},
				"west": {"uv": [11, 1, 11.6, 3.4], "texture": "#0"},
				"up": {"uv": [11, 3, 11.6, 3.6], "texture": "#0"},
				"down": {"uv": [3, 1, 3.6, 1.6], "texture": "#0"}
			}
		},
		{
			"from": [22.99954, 7.54073, 7.31],
			"to": [25.97954, 8.52073, 8.29],
			"rotation": {"angle": -22.5, "axis": "z", "origin": [20.48954, 11.03073, 7.3]},
			"faces": {
				"north": {"uv": [10, 1, 11, 4], "rotation": 270, "texture": "#0"},
				"east": {"uv": [1, 2, 2, 3], "rotation": 90, "texture": "#0"},
				"south": {"uv": [1, 2, 2, 5], "rotation": 90, "texture": "#0"},
				"west": {"uv": [1, 2, 2, 3], "rotation": 90, "texture": "#0"},
				"up": {"uv": [10, 2, 11, 5], "rotation": 90, "texture": "#0"},
				"down": {"uv": [1, 2, 2, 5], "rotation": 90, "texture": "#0"}
			}
		},
		{
			"from": [16.1, 8.66295, 10.44051],
			"to": [16.9, 11.66295, 11.44051],
			"rotation": {"angle": 22.5, "axis": "x", "origin": [16.5, 10.16295, 10.94051]},
			"faces": {
				"north": {"uv": [4, 2, 4.8, 5], "texture": "#0"},
				"east": {"uv": [4, 2, 5, 5], "texture": "#0"},
				"south": {"uv": [4, 2, 4.8, 5], "texture": "#0"},
				"west": {"uv": [4, 2, 5, 5], "texture": "#0"},
				"up": {"uv": [4, 2, 4.8, 3], "texture": "#0"},
				"down": {"uv": [4, 2, 4.8, 3], "texture": "#0"}
			}
		},
		{
			"from": [-9.97954, 7.54073, 7.31],
			"to": [-6.99954, 8.52073, 8.29],
			"rotation": {"angle": 22.5, "axis": "z", "origin": [-4.48954, 11.03073, 7.3]},
			"faces": {
				"north": {"uv": [10, 4, 11, 1], "rotation": 270, "texture": "#0"},
				"east": {"uv": [1, 3, 2, 2], "rotation": 90, "texture": "#0"},
				"south": {"uv": [1, 5, 2, 2], "rotation": 90, "texture": "#0"},
				"west": {"uv": [1, 3, 2, 2], "rotation": 90, "texture": "#0"},
				"up": {"uv": [10, 5, 11, 2], "rotation": 90, "texture": "#0"},
				"down": {"uv": [1, 5, 2, 2], "rotation": 90, "texture": "#0"}
			}
		},
		{
			"from": [-1, 8, 10],
			"to": [0, 11, 11],
			"rotation": {"angle": 45, "axis": "x", "origin": [-1, 10, 8]},
			"faces": {
				"north": {"uv": [11, 2, 10, 5], "texture": "#0"},
				"east": {"uv": [3, 2, 2, 5], "texture": "#0"},
				"south": {"uv": [3, 1, 2, 4], "texture": "#0"},
				"west": {"uv": [3, 1, 2, 4], "texture": "#0"},
				"up": {"uv": [3, 1, 2, 2], "texture": "#0"},
				"down": {"uv": [3, 2, 2, 3], "texture": "#0"}
			}
		},
		{
			"from": [-2, 6, 7.3],
			"to": [1, 7, 8.3],
			"rotation": {"angle": -22.5, "axis": "z", "origin": [-0.5, 9.5, 7.3]},
			"faces": {
				"north": {"uv": [4, 6, 5, 3], "rotation": 270, "texture": "#0"},
				"east": {"uv": [4, 4, 5, 3], "rotation": 90, "texture": "#0"},
				"south": {"uv": [4, 6, 5, 3], "rotation": 90, "texture": "#0"},
				"west": {"uv": [4, 4, 5, 3], "rotation": 90, "texture": "#0"},
				"up": {"uv": [11, 5, 12, 2], "rotation": 90, "texture": "#0"},
				"down": {"uv": [4, 6, 5, 3], "rotation": 90, "texture": "#0"}
			}
		},
		{
			"from": [-6.23893, 8.55002, 5.61],
			"to": [-5.65893, 10.93002, 6.19],
			"rotation": {"angle": 22.5, "axis": "z", "origin": [-4.49893, 9.94002, 7.75]},
			"faces": {
				"north": {"uv": [3.6, 1, 3, 3.4], "texture": "#0"},
				"east": {"uv": [11.6, 1, 11, 3.4], "texture": "#0"},
				"south": {"uv": [3.6, 1, 3, 3.4], "texture": "#0"},
				"west": {"uv": [3.6, 1, 3, 3.4], "texture": "#0"},
				"up": {"uv": [11.6, 3, 11, 3.6], "texture": "#0"},
				"down": {"uv": [3.6, 1, 3, 1.6], "texture": "#0"}
			}
		},
		{
			"from": [-5.84253, 6.76433, 7.3],
			"to": [-2.84253, 7.76433, 8.3],
			"rotation": {"angle": 0, "axis": "y", "origin": [-0.34253, 10.26433, 7.3]},
			"faces": {
				"north": {"uv": [3, 6, 4, 3], "rotation": 270, "texture": "#0"},
				"east": {"uv": [3, 4, 4, 3], "rotation": 90, "texture": "#0"},
				"south": {"uv": [3, 6, 4, 3], "rotation": 90, "texture": "#0"},
				"west": {"uv": [3, 4, 4, 3], "rotation": 90, "texture": "#0"},
				"up": {"uv": [11, 4, 12, 1], "rotation": 90, "texture": "#0"},
				"down": {"uv": [3, 6, 4, 3], "rotation": 90, "texture": "#0"}
			}
		},
		{
			"from": [-6.24253, 7.46433, 7.4],
			"to": [-2.84253, 8.16433, 8.1],
			"rotation": {"angle": -22.5, "axis": "z", "origin": [-4.34253, 9.21433, 7.75]},
			"faces": {
				"north": {"uv": [3, 4.4, 3.7, 1], "rotation": 270, "texture": "#0"},
				"east": {"uv": [3, 1.7, 3.7, 1], "rotation": 90, "texture": "#0"},
				"south": {"uv": [10, 4.4, 10.7, 1], "rotation": 90, "texture": "#0"},
				"west": {"uv": [3, 1.7, 3.7, 1], "rotation": 90, "texture": "#0"},
				"up": {"uv": [11, 6.4, 11.7, 3], "rotation": 90, "texture": "#0"},
				"down": {"uv": [3, 4.4, 3.7, 1], "rotation": 90, "texture": "#0"}
			}
		},
		{
			"from": [-5.94253, 6.76433, 6.2],
			"to": [-2.84253, 7.46433, 6.9],
			"rotation": {"angle": -45, "axis": "y", "origin": [-4.34253, 9.21433, 7.75]},
			"faces": {
				"north": {"uv": [1, 5.1, 1.7, 2], "rotation": 270, "texture": "#0"},
				"east": {"uv": [1, 2.7, 1.7, 2], "rotation": 90, "texture": "#0"},
				"south": {"uv": [1, 5.1, 1.7, 2], "rotation": 90, "texture": "#0"},
				"west": {"uv": [1, 2.7, 1.7, 2], "rotation": 90, "texture": "#0"},
				"up": {"uv": [10, 5.1, 10.7, 2], "rotation": 90, "texture": "#0"},
				"down": {"uv": [1, 5.1, 1.7, 2], "rotation": 90, "texture": "#0"}
			}
		},
		{
			"from": [-4.34253, 7.46433, 5.6],
			"to": [-2.94253, 8.06433, 6.2],
			"rotation": {"angle": -45, "axis": "z", "origin": [-4.34253, 9.21433, 7.75]},
			"faces": {
				"north": {"uv": [2, 1.4, 2.6, 0], "rotation": 270, "texture": "#0"},
				"east": {"uv": [2, 0.6, 2.6, 0], "rotation": 90, "texture": "#0"},
				"south": {"uv": [2, 1.4, 2.6, 0], "rotation": 90, "texture": "#0"},
				"west": {"uv": [2, 0.6, 2.6, 0], "rotation": 90, "texture": "#0"},
				"up": {"uv": [10, 4.4, 10.6, 3], "rotation": 90, "texture": "#0"},
				"down": {"uv": [2, 1.4, 2.6, 0], "rotation": 90, "texture": "#0"}
			}
		},
		{
			"from": [6.7, -4.7, 1.3],
			"to": [9.3, -2.1, 3.9],
			"faces": {
				"north": {"uv": [10, 11, 12, 13], "texture": "#0"},
				"east": {"uv": [10, 11, 12, 13], "texture": "#0"},
				"south": {"uv": [10, 11, 12, 13], "texture": "#0"},
				"west": {"uv": [10, 11, 12, 13], "texture": "#0"},
				"up": {"uv": [10, 11, 12, 13], "texture": "#0"},
				"down": {"uv": [10, 11, 12, 13], "texture": "#0"}
			}
		}
	],
	"display": {
		"thirdperson_righthand": {
			"translation": [0, 0, 2],
			"scale": [0.4, 0.4, 0.4]
		},
		"thirdperson_lefthand": {
			"translation": [0, 0, 1.75],
			"scale": [0.4, 0.4, 0.4]
		},
		"firstperson_righthand": {
			"translation": [2.75, 2.25, 0],
			"scale": [0.6, 0.6, 0.6]
		},
		"firstperson_lefthand": {
			"translation": [3, 2.25, 0],
			"scale": [0.6, 0.6, 0.6]
		},
		"ground": {
			"translation": [0, 6, 0],
			"scale": [0.6, 0.6, 0.6]
		},
		"gui": {
			"rotation": [0, -145, 0],
			"translation": [0, 1.25, 0],
			"scale": [0.55, 0.55, 0.55]
		},
		"head": {
			"translation": [0, 11.75, 0],
			"scale": [1.3, 1.3, 1.3]
		},
		"fixed": {
			"translation": [0, 2.25, -1],
			"scale": [0.6, 0.6, 0.6]
		}
	}
}