{
	"credit": "Made with Blockbench",
	"parent": "minecraft:item/handheld",
	"textures": {
		"layer0": "item/cherry_stick"
	},
	"display": {
		"thirdperson_righthand": {
			"rotation": [0, 90, 45],
			"translation": [0, 3, 2.25],
			"scale": [0.8, 0.8, 0.8]
		},
		"thirdperson_lefthand": {
			"rotation": [0, 90, -45],
			"translation": [0, 3, 1.5],
			"scale": [0.8, 0.8, 0.8]
		},
		"firstperson_righthand": {
			"rotation": [0, 80, 52],
			"translation": [2.5, 0, 0]
		},
		"firstperson_lefthand": {
			"rotation": [95, -83, 54],
			"translation": [3.25, 0.5, 0]
		},
		"ground": {
			"translation": [0, 2.25, 0],
			"scale": [0.8, 0.8, 0.8]
		},
		"gui": {
			"translation": [-0.5, 0, 0]
		},
		"fixed": {
			"translation": [-0.5, -0.25, 0]
		}
	}
}