{
	"credit": "Made with Blockbench",
	"texture_size": [32, 32],
	"textures": {
		"0": "item/cherry_buddy",
		"particle": "item/cherry_buddy"
	},
	"elements": [
		{
			"from": [6, 0, 6],
			"to": [10, 4, 10],
			"faces": {
				"north": {"uv": [0.5, 0.5, 4.5, 4.5], "texture": "#0"},
				"east": {"uv": [6.5, 0.5, 10.5, 4.5], "texture": "#0"},
				"south": {"uv": [6.5, 0.5, 10.5, 4.5], "texture": "#0"},
				"west": {"uv": [6.5, 0.5, 10.5, 4.5], "texture": "#0"},
				"up": {"uv": [10.5, 4.5, 6.5, 0.5], "texture": "#0"},
				"down": {"uv": [10.5, 0.5, 6.5, 4.5], "texture": "#0"}
			}
		},
		{
			"from": [7.8, 4, 7.8],
			"to": [8.2, 5.1, 8.2],
			"faces": {
				"north": {"uv": [2.5, 9, 2.7, 9.55], "texture": "#0"},
				"east": {"uv": [2.5, 9, 2.7, 9.55], "texture": "#0"},
				"south": {"uv": [2.5, 9, 2.7, 9.55], "texture": "#0"},
				"west": {"uv": [2.5, 9, 2.7, 9.55], "texture": "#0"},
				"up": {"uv": [2.5, 9, 2.7, 9.2], "texture": "#0"},
				"down": {"uv": [2.5, 9, 2.7, 9.2], "texture": "#0"}
			}
		},
		{
			"from": [10.73029, 2.42872, 7.81],
			"to": [11.11029, 3.50872, 8.19],
			"rotation": {"angle": 22.5, "axis": "z", "origin": [2.92029, -3.58128, 0]},
			"faces": {
				"north": {"uv": [2.5, 8, 2.7, 8.55], "texture": "#0"},
				"east": {"uv": [2.5, 8, 2.7, 8.55], "texture": "#0"},
				"south": {"uv": [2.5, 8, 2.7, 8.55], "texture": "#0"},
				"west": {"uv": [2.5, 8, 2.7, 8.55], "texture": "#0"},
				"up": {"uv": [2.5, 8, 2.7, 8.2], "texture": "#0"},
				"down": {"uv": [2.5, 8, 2.7, 8.2], "texture": "#0"}
			}
		},
		{
			"from": [7, 6.11, 7.6],
			"to": [7.8, 6.11, 8.4],
			"faces": {
				"north": {"uv": [2.5, 8.5, 2.9, 8.5], "texture": "#0"},
				"east": {"uv": [2.5, 8.5, 2.9, 8.5], "texture": "#0"},
				"south": {"uv": [2.5, 8.5, 2.9, 8.5], "texture": "#0"},
				"west": {"uv": [2.5, 8.5, 2.9, 8.5], "texture": "#0"},
				"up": {"uv": [2.5, 8.5, 2.9, 8.9], "texture": "#0"},
				"down": {"uv": [2.5, 8.5, 2.9, 8.9], "texture": "#0"}
			}
		},
		{
			"from": [6.7, 6.11, 7.7],
			"to": [7, 6.11, 8.3],
			"faces": {
				"north": {"uv": [2, 8.5, 2.15, 8.5], "texture": "#0"},
				"east": {"uv": [2, 8.5, 2.3, 8.5], "texture": "#0"},
				"south": {"uv": [2, 8.5, 2.15, 8.5], "texture": "#0"},
				"west": {"uv": [2, 8.5, 2.3, 8.5], "texture": "#0"},
				"up": {"uv": [2, 8.5, 2.15, 8.8], "texture": "#0"},
				"down": {"uv": [2, 8.5, 2.15, 8.8], "texture": "#0"}
			}
		}
	],
	"display": {
		"thirdperson_righthand": {
			"translation": [0, 2.5, 0],
			"scale": [0.7, 0.7, 0.7]
		},
		"thirdperson_lefthand": {
			"rotation": [90, 0, 0],
			"translation": [0.25, -2, 16.25],
			"scale": [0.5, 0.5, 0.5]
		},
		"firstperson_righthand": {
			"translation": [2, 5.5, 0]
		},
		"firstperson_lefthand": {
			"translation": [1.75, -6.5, 0],
			"scale": [0, 0, 0]
		},
		"ground": {
			"translation": [0, 6.75, 0]
		},
		"gui": {
			"rotation": [-3, 171, 0],
			"translation": [0, 6.25, 0],
			"scale": [1.2, 1.2, 1.2]
		},
		"head": {
			"translation": [0, 14.25, 0]
		},
		"fixed": {
			"translation": [0, 6, 0]
		}
	}
}