{
	"credit": "Made with Blockbench",
	"texture_size": [128, 128],
	"textures": {
		"0": "item/chip_hat",
		"particle": "item/chip_hat"
	},
	"elements": [
		{
			"from": [-1, 0, -2],
			"to": [17, 4, -1],
			"faces": {
				"north": {"uv": [2.25, 0, 4.5, 0.5], "texture": "#0"},
				"east": {"uv": [5.625, 6.5, 5.75, 7], "texture": "#0"},
				"south": {"uv": [2.25, 0.5, 4.5, 1], "texture": "#0"},
				"west": {"uv": [2.375, 6.625, 2.5, 7.125], "texture": "#0"},
				"up": {"uv": [8, 4.125, 5.75, 4], "texture": "#0"},
				"down": {"uv": [8, 4.125, 5.75, 4.25], "texture": "#0"}
			}
		},
		{
			"from": [-1, 0, 17],
			"to": [17, 4, 18],
			"faces": {
				"north": {"uv": [2.25, 1, 4.5, 1.5], "texture": "#0"},
				"east": {"uv": [2.5, 6.625, 2.625, 7.125], "texture": "#0"},
				"south": {"uv": [2.25, 1.5, 4.5, 2], "texture": "#0"},
				"west": {"uv": [2.625, 6.625, 2.75, 7.125], "texture": "#0"},
				"up": {"uv": [8, 4.375, 5.75, 4.25], "texture": "#0"},
				"down": {"uv": [8, 4.375, 5.75, 4.5], "texture": "#0"}
			}
		},
		{
			"from": [-1, 1, -1],
			"to": [17, 3, 17],
			"faces": {
				"north": {"uv": [3.75, 5, 6, 5.25], "texture": "#0"},
				"east": {"uv": [3.75, 5.25, 6, 5.5], "texture": "#0"},
				"south": {"uv": [0, 5.5, 2.25, 5.75], "texture": "#0"},
				"west": {"uv": [2.25, 5.5, 4.5, 5.75], "texture": "#0"},
				"up": {"uv": [2.25, 2.25, 0, 0], "texture": "#0"},
				"down": {"uv": [7.375, 0.25, 5.125, 2.5], "texture": "#0"}
			}
		},
		{
			"from": [17, 0, -1],
			"to": [18, 4, 17],
			"faces": {
				"north": {"uv": [2.75, 6.625, 2.875, 7.125], "texture": "#0"},
				"east": {"uv": [2.25, 2, 4.5, 2.5], "texture": "#0"},
				"south": {"uv": [5.25, 6.625, 5.375, 7.125], "texture": "#0"},
				"west": {"uv": [2.25, 2.5, 4.5, 3], "texture": "#0"},
				"up": {"uv": [4.125, 8, 4, 5.75], "texture": "#0"},
				"down": {"uv": [4.25, 5.75, 4.125, 8], "texture": "#0"}
			}
		},
		{
			"from": [-2, 0, -1],
			"to": [-1, 4, 12],
			"faces": {
				"north": {"uv": [5.375, 6.625, 5.5, 7.125], "texture": "#0"},
				"east": {"uv": [2.25, 3, 3.875, 3.5], "texture": "#0"},
				"south": {"uv": [6.75, 0.625, 6.875, 1.125], "texture": "#0"},
				"west": {"uv": [2.25, 3.5, 3.875, 4], "texture": "#0"},
				"up": {"uv": [4.375, 8, 4.25, 6.375], "texture": "#0"},
				"down": {"uv": [4.5, 6.375, 4.375, 8], "texture": "#0"}
			}
		},
		{
			"from": [-2, 0, 14],
			"to": [-1, 4, 17],
			"faces": {
				"north": {"uv": [5.375, 6.625, 5.5, 7.125], "texture": "#0"},
				"east": {"uv": [2.25, 3, 2.625, 3.5], "texture": "#0"},
				"south": {"uv": [6.75, 0.625, 6.875, 1.125], "texture": "#0"},
				"west": {"uv": [2.25, 3.5, 2.625, 4], "texture": "#0"},
				"up": {"uv": [4.375, 8, 4.25, 7.625], "texture": "#0"},
				"down": {"uv": [4.5, 7.625, 4.375, 8], "texture": "#0"}
			}
		},
		{
			"from": [-1, 1, -3],
			"to": [17, 5, -2],
			"faces": {
				"north": {"uv": [2.25, 4, 4.5, 4.5], "texture": "#0"},
				"east": {"uv": [1.125, 6.75, 1.25, 7.25], "texture": "#0"},
				"south": {"uv": [0, 4.5, 2.25, 5], "texture": "#0"},
				"west": {"uv": [6.75, 1.125, 6.875, 1.625], "texture": "#0"},
				"up": {"uv": [8, 4.625, 5.75, 4.5], "texture": "#0"},
				"down": {"uv": [8, 4.625, 5.75, 4.75], "texture": "#0"}
			}
		},
		{
			"from": [-1, 1, 18],
			"to": [17, 5, 19],
			"faces": {
				"north": {"uv": [4.5, 0, 6.75, 0.5], "texture": "#0"},
				"east": {"uv": [1.25, 6.75, 1.375, 7.25], "texture": "#0"},
				"south": {"uv": [4.5, 0.5, 6.75, 1], "texture": "#0"},
				"west": {"uv": [1.375, 6.75, 1.5, 7.25], "texture": "#0"},
				"up": {"uv": [8, 4.875, 5.75, 4.75], "texture": "#0"},
				"down": {"uv": [8, 4.875, 5.75, 5], "texture": "#0"}
			}
		},
		{
			"from": [-3, 1, -1],
			"to": [-2, 5, 11],
			"faces": {
				"north": {"uv": [1.5, 6.75, 1.625, 7.25], "texture": "#0"},
				"east": {"uv": [4.5, 1, 6.125, 1.5], "texture": "#0"},
				"south": {"uv": [1.625, 6.75, 1.75, 7.25], "texture": "#0"},
				"west": {"uv": [4.5, 1.5, 6.125, 2], "texture": "#0"},
				"up": {"uv": [6.125, 7.25, 6, 5.625], "texture": "#0"},
				"down": {"uv": [0.125, 6.125, 0, 7.75], "texture": "#0"}
			}
		},
		{
			"from": [-3, 1, 15],
			"to": [-2, 5, 17],
			"faces": {
				"north": {"uv": [1.5, 6.75, 1.625, 7.25], "texture": "#0"},
				"east": {"uv": [5.875, 1, 6.125, 1.5], "texture": "#0"},
				"south": {"uv": [1.625, 6.75, 1.75, 7.25], "texture": "#0"},
				"west": {"uv": [5.875, 1.5, 6.125, 2], "texture": "#0"},
				"up": {"uv": [6.125, 7.25, 6, 6.875], "texture": "#0"},
				"down": {"uv": [0.125, 7.375, 0, 7.75], "texture": "#0"}
			}
		},
		{
			"from": [18, 1, -1],
			"to": [19, 5, 17],
			"faces": {
				"north": {"uv": [6.75, 1.625, 6.875, 2.125], "texture": "#0"},
				"east": {"uv": [4.5, 2, 6.75, 2.5], "texture": "#0"},
				"south": {"uv": [1.75, 6.75, 1.875, 7.25], "texture": "#0"},
				"west": {"uv": [2.25, 4.5, 4.5, 5], "texture": "#0"},
				"up": {"uv": [0.25, 8.375, 0.125, 6.125], "texture": "#0"},
				"down": {"uv": [0.375, 6.125, 0.25, 8.375], "texture": "#0"}
			}
		},
		{
			"from": [12, 7, 12],
			"to": [13, 9, 13],
			"faces": {
				"north": {"uv": [6.875, 3.75, 7, 4], "texture": "#0"},
				"east": {"uv": [7, 1, 7.125, 1.25], "texture": "#0"},
				"south": {"uv": [7, 1.25, 7.125, 1.5], "texture": "#0"},
				"west": {"uv": [7, 1.5, 7.125, 1.75], "texture": "#0"},
				"up": {"uv": [7.25, 4, 7.125, 3.875], "texture": "#0"},
				"down": {"uv": [7.25, 6.25, 7.125, 6.375], "texture": "#0"}
			}
		},
		{
			"from": [3, 7, 12],
			"to": [4, 9, 13],
			"faces": {
				"north": {"uv": [7, 1.75, 7.125, 2], "texture": "#0"},
				"east": {"uv": [7, 2, 7.125, 2.25], "texture": "#0"},
				"south": {"uv": [7, 2.25, 7.125, 2.5], "texture": "#0"},
				"west": {"uv": [7, 2.5, 7.125, 2.75], "texture": "#0"},
				"up": {"uv": [7.25, 6.5, 7.125, 6.375], "texture": "#0"},
				"down": {"uv": [7.25, 6.5, 7.125, 6.625], "texture": "#0"}
			}
		},
		{
			"from": [4, 10, 11],
			"to": [5, 12, 12],
			"faces": {
				"north": {"uv": [7, 2.75, 7.125, 3], "texture": "#0"},
				"east": {"uv": [7, 3, 7.125, 3.25], "texture": "#0"},
				"south": {"uv": [7, 3.25, 7.125, 3.5], "texture": "#0"},
				"west": {"uv": [7, 3.5, 7.125, 3.75], "texture": "#0"},
				"up": {"uv": [7.25, 6.75, 7.125, 6.625], "texture": "#0"},
				"down": {"uv": [7.25, 6.75, 7.125, 6.875], "texture": "#0"}
			}
		},
		{
			"from": [11, 10, 11],
			"to": [12, 12, 12],
			"faces": {
				"north": {"uv": [7, 3.75, 7.125, 4], "texture": "#0"},
				"east": {"uv": [7, 5, 7.125, 5.25], "texture": "#0"},
				"south": {"uv": [7, 5.25, 7.125, 5.5], "texture": "#0"},
				"west": {"uv": [7, 5.5, 7.125, 5.75], "texture": "#0"},
				"up": {"uv": [7.25, 7, 7.125, 6.875], "texture": "#0"},
				"down": {"uv": [7.125, 7.125, 7, 7.25], "texture": "#0"}
			}
		},
		{
			"from": [11, 10, 4],
			"to": [12, 12, 5],
			"faces": {
				"north": {"uv": [5.625, 7, 5.75, 7.25], "texture": "#0"},
				"east": {"uv": [7, 5.75, 7.125, 6], "texture": "#0"},
				"south": {"uv": [7, 6, 7.125, 6.25], "texture": "#0"},
				"west": {"uv": [7, 6.25, 7.125, 6.5], "texture": "#0"},
				"up": {"uv": [7.25, 7.125, 7.125, 7], "texture": "#0"},
				"down": {"uv": [7.25, 7.125, 7.125, 7.25], "texture": "#0"}
			}
		},
		{
			"from": [4, 10, 4],
			"to": [5, 12, 5],
			"faces": {
				"north": {"uv": [7, 6.625, 7.125, 6.875], "texture": "#0"},
				"east": {"uv": [6.875, 7, 7, 7.25], "texture": "#0"},
				"south": {"uv": [7, 6.875, 7.125, 7.125], "texture": "#0"},
				"west": {"uv": [7.125, 0.625, 7.25, 0.875], "texture": "#0"},
				"up": {"uv": [7.375, 0.75, 7.25, 0.625], "texture": "#0"},
				"down": {"uv": [7.375, 0.75, 7.25, 0.875], "texture": "#0"}
			}
		},
		{
			"from": [2, 3, 13],
			"to": [3, 5, 14],
			"faces": {
				"north": {"uv": [7.125, 0.875, 7.25, 1.125], "texture": "#0"},
				"east": {"uv": [7.125, 1.125, 7.25, 1.375], "texture": "#0"},
				"south": {"uv": [7.125, 1.375, 7.25, 1.625], "texture": "#0"},
				"west": {"uv": [7.125, 1.625, 7.25, 1.875], "texture": "#0"},
				"up": {"uv": [1, 7.375, 0.875, 7.25], "texture": "#0"},
				"down": {"uv": [7.375, 0.875, 7.25, 1], "texture": "#0"}
			}
		},
		{
			"from": [13, 3, 13],
			"to": [14, 5, 14],
			"faces": {
				"north": {"uv": [7.125, 1.875, 7.25, 2.125], "texture": "#0"},
				"east": {"uv": [7.125, 2.125, 7.25, 2.375], "texture": "#0"},
				"south": {"uv": [2.375, 7.125, 2.5, 7.375], "texture": "#0"},
				"west": {"uv": [7.125, 2.375, 7.25, 2.625], "texture": "#0"},
				"up": {"uv": [1.125, 7.375, 1, 7.25], "texture": "#0"},
				"down": {"uv": [7.375, 1, 7.25, 1.125], "texture": "#0"}
			}
		},
		{
			"from": [13, 3, 2],
			"to": [14, 5, 3],
			"faces": {
				"north": {"uv": [2.5, 7.125, 2.625, 7.375], "texture": "#0"},
				"east": {"uv": [2.625, 7.125, 2.75, 7.375], "texture": "#0"},
				"south": {"uv": [7.125, 2.625, 7.25, 2.875], "texture": "#0"},
				"west": {"uv": [2.75, 7.125, 2.875, 7.375], "texture": "#0"},
				"up": {"uv": [1.25, 7.375, 1.125, 7.25], "texture": "#0"},
				"down": {"uv": [7.375, 1.125, 7.25, 1.25], "texture": "#0"}
			}
		},
		{
			"from": [2, 3, 2],
			"to": [3, 5, 3],
			"faces": {
				"north": {"uv": [7.125, 2.875, 7.25, 3.125], "texture": "#0"},
				"east": {"uv": [7.125, 3.125, 7.25, 3.375], "texture": "#0"},
				"south": {"uv": [7.125, 3.375, 7.25, 3.625], "texture": "#0"},
				"west": {"uv": [7.125, 3.625, 7.25, 3.875], "texture": "#0"},
				"up": {"uv": [1.375, 7.375, 1.25, 7.25], "texture": "#0"},
				"down": {"uv": [7.375, 1.25, 7.25, 1.375], "texture": "#0"}
			}
		},
		{
			"from": [5, 10, 4],
			"to": [11, 13, 5],
			"faces": {
				"north": {"uv": [0.375, 6.125, 1.125, 6.5], "texture": "#0"},
				"east": {"uv": [6.75, 3.625, 6.875, 4], "texture": "#0"},
				"south": {"uv": [1.125, 6.125, 1.875, 6.5], "texture": "#0"},
				"west": {"uv": [0.875, 6.875, 1, 7.25], "texture": "#0"},
				"up": {"uv": [5.25, 6.75, 4.5, 6.625], "texture": "#0"},
				"down": {"uv": [6.875, 6.625, 6.125, 6.75], "texture": "#0"}
			}
		},
		{
			"from": [5, 10, 11],
			"to": [11, 13, 12],
			"faces": {
				"north": {"uv": [1.875, 6.125, 2.625, 6.5], "texture": "#0"},
				"east": {"uv": [1, 6.875, 1.125, 7.25], "texture": "#0"},
				"south": {"uv": [2.625, 6.125, 3.375, 6.5], "texture": "#0"},
				"west": {"uv": [6.875, 1.125, 7, 1.5], "texture": "#0"},
				"up": {"uv": [7.5, 0.125, 6.75, 0], "texture": "#0"},
				"down": {"uv": [7.5, 0.125, 6.75, 0.25], "texture": "#0"}
			}
		},
		{
			"from": [17, 1, 17],
			"to": [18, 5, 18],
			"faces": {
				"north": {"uv": [1.875, 6.75, 2, 7.25], "texture": "#0"},
				"east": {"uv": [2, 6.75, 2.125, 7.25], "texture": "#0"},
				"south": {"uv": [2.125, 6.75, 2.25, 7.25], "texture": "#0"},
				"west": {"uv": [6.75, 2.125, 6.875, 2.625], "texture": "#0"},
				"up": {"uv": [1.5, 7.375, 1.375, 7.25], "texture": "#0"},
				"down": {"uv": [7.375, 1.375, 7.25, 1.5], "texture": "#0"}
			}
		},
		{
			"from": [17, 1, -2],
			"to": [18, 5, -1],
			"faces": {
				"north": {"uv": [2.25, 6.75, 2.375, 7.25], "texture": "#0"},
				"east": {"uv": [6.75, 2.625, 6.875, 3.125], "texture": "#0"},
				"south": {"uv": [6.75, 3.125, 6.875, 3.625], "texture": "#0"},
				"west": {"uv": [4.5, 6.75, 4.625, 7.25], "texture": "#0"},
				"up": {"uv": [1.625, 7.375, 1.5, 7.25], "texture": "#0"},
				"down": {"uv": [7.375, 1.5, 7.25, 1.625], "texture": "#0"}
			}
		},
		{
			"from": [-2, 1, 17],
			"to": [-1, 5, 18],
			"faces": {
				"north": {"uv": [4.625, 6.75, 4.75, 7.25], "texture": "#0"},
				"east": {"uv": [4.75, 6.75, 4.875, 7.25], "texture": "#0"},
				"south": {"uv": [4.875, 6.75, 5, 7.25], "texture": "#0"},
				"west": {"uv": [5, 6.75, 5.125, 7.25], "texture": "#0"},
				"up": {"uv": [1.75, 7.375, 1.625, 7.25], "texture": "#0"},
				"down": {"uv": [7.375, 1.625, 7.25, 1.75], "texture": "#0"}
			}
		},
		{
			"from": [-2, 1, -2],
			"to": [-1, 5, -1],
			"faces": {
				"north": {"uv": [5.125, 6.75, 5.25, 7.25], "texture": "#0"},
				"east": {"uv": [6.125, 6.75, 6.25, 7.25], "texture": "#0"},
				"south": {"uv": [6.25, 6.75, 6.375, 7.25], "texture": "#0"},
				"west": {"uv": [6.375, 6.75, 6.5, 7.25], "texture": "#0"},
				"up": {"uv": [1.875, 7.375, 1.75, 7.25], "texture": "#0"},
				"down": {"uv": [7.375, 1.75, 7.25, 1.875], "texture": "#0"}
			}
		},
		{
			"from": [2, 3, 3],
			"to": [3, 7, 13],
			"faces": {
				"north": {"uv": [6.5, 6.75, 6.625, 7.25], "texture": "#0"},
				"east": {"uv": [4.5, 2.5, 5.75, 3], "texture": "#0"},
				"south": {"uv": [6.625, 6.75, 6.75, 7.25], "texture": "#0"},
				"west": {"uv": [4.5, 3, 5.75, 3.5], "texture": "#0"},
				"up": {"uv": [3.5, 7.375, 3.375, 6.125], "texture": "#0"},
				"down": {"uv": [3.625, 6.125, 3.5, 7.375], "texture": "#0"}
			}
		},
		{
			"from": [13, 3, 3],
			"to": [14, 7, 13],
			"faces": {
				"north": {"uv": [6.75, 6.75, 6.875, 7.25], "texture": "#0"},
				"east": {"uv": [4.5, 3.5, 5.75, 4], "texture": "#0"},
				"south": {"uv": [0.375, 6.875, 0.5, 7.375], "texture": "#0"},
				"west": {"uv": [4.5, 4, 5.75, 4.5], "texture": "#0"},
				"up": {"uv": [3.75, 7.375, 3.625, 6.125], "texture": "#0"},
				"down": {"uv": [3.875, 6.125, 3.75, 7.375], "texture": "#0"}
			}
		},
		{
			"from": [3, 3, 13],
			"to": [13, 7, 14],
			"faces": {
				"north": {"uv": [4.5, 4.5, 5.75, 5], "texture": "#0"},
				"east": {"uv": [0.5, 6.875, 0.625, 7.375], "texture": "#0"},
				"south": {"uv": [0, 5, 1.25, 5.5], "texture": "#0"},
				"west": {"uv": [0.625, 6.875, 0.75, 7.375], "texture": "#0"},
				"up": {"uv": [5.75, 6.375, 4.5, 6.25], "texture": "#0"},
				"down": {"uv": [5.75, 6.375, 4.5, 6.5], "texture": "#0"}
			}
		},
		{
			"from": [3, 3, 2],
			"to": [13, 7, 3],
			"faces": {
				"north": {"uv": [1.25, 5, 2.5, 5.5], "texture": "#0"},
				"east": {"uv": [6.875, 0.625, 7, 1.125], "texture": "#0"},
				"south": {"uv": [2.5, 5, 3.75, 5.5], "texture": "#0"},
				"west": {"uv": [0.75, 6.875, 0.875, 7.375], "texture": "#0"},
				"up": {"uv": [1.625, 6.625, 0.375, 6.5], "texture": "#0"},
				"down": {"uv": [2.875, 6.5, 1.625, 6.625], "texture": "#0"}
			}
		},
		{
			"from": [3, 7, 4],
			"to": [4, 10, 12],
			"faces": {
				"north": {"uv": [6.875, 1.5, 7, 1.875], "texture": "#0"},
				"east": {"uv": [0, 5.75, 1, 6.125], "texture": "#0"},
				"south": {"uv": [6.875, 1.875, 7, 2.25], "texture": "#0"},
				"west": {"uv": [1, 5.75, 2, 6.125], "texture": "#0"},
				"up": {"uv": [4, 7.125, 3.875, 6.125], "texture": "#0"},
				"down": {"uv": [5.875, 6.25, 5.75, 7.25], "texture": "#0"}
			}
		},
		{
			"from": [12, 7, 4],
			"to": [13, 10, 12],
			"faces": {
				"north": {"uv": [6.875, 2.25, 7, 2.625], "texture": "#0"},
				"east": {"uv": [2, 5.75, 3, 6.125], "texture": "#0"},
				"south": {"uv": [6.875, 2.625, 7, 3], "texture": "#0"},
				"west": {"uv": [5.75, 2.5, 6.75, 2.875], "texture": "#0"},
				"up": {"uv": [6, 7.25, 5.875, 6.25], "texture": "#0"},
				"down": {"uv": [3, 6.5, 2.875, 7.5], "texture": "#0"}
			}
		},
		{
			"from": [4, 7, 12],
			"to": [12, 10, 13],
			"faces": {
				"north": {"uv": [5.75, 2.875, 6.75, 3.25], "texture": "#0"},
				"east": {"uv": [6.875, 3, 7, 3.375], "texture": "#0"},
				"south": {"uv": [3, 5.75, 4, 6.125], "texture": "#0"},
				"west": {"uv": [6.875, 3.375, 7, 3.75], "texture": "#0"},
				"up": {"uv": [5.5, 6.625, 4.5, 6.5], "texture": "#0"},
				"down": {"uv": [7.125, 6.5, 6.125, 6.625], "texture": "#0"}
			}
		},
		{
			"from": [4, 7, 3],
			"to": [12, 10, 4],
			"faces": {
				"north": {"uv": [5.75, 3.25, 6.75, 3.625], "texture": "#0"},
				"east": {"uv": [6.875, 5, 7, 5.375], "texture": "#0"},
				"south": {"uv": [5.75, 3.625, 6.75, 4], "texture": "#0"},
				"west": {"uv": [6.875, 5.375, 7, 5.75], "texture": "#0"},
				"up": {"uv": [1.375, 6.75, 0.375, 6.625], "texture": "#0"},
				"down": {"uv": [2.375, 6.625, 1.375, 6.75], "texture": "#0"}
			}
		},
		{
			"from": [12, 7, 3],
			"to": [13, 9, 4],
			"faces": {
				"north": {"uv": [3.875, 7.125, 4, 7.375], "texture": "#0"},
				"east": {"uv": [7.125, 5, 7.25, 5.25], "texture": "#0"},
				"south": {"uv": [5.25, 7.125, 5.375, 7.375], "texture": "#0"},
				"west": {"uv": [7.125, 5.25, 7.25, 5.5], "texture": "#0"},
				"up": {"uv": [2, 7.375, 1.875, 7.25], "texture": "#0"},
				"down": {"uv": [7.375, 1.875, 7.25, 2], "texture": "#0"}
			}
		},
		{
			"from": [3, 7, 3],
			"to": [4, 9, 4],
			"faces": {
				"north": {"uv": [5.375, 7.125, 5.5, 7.375], "texture": "#0"},
				"east": {"uv": [7.125, 5.5, 7.25, 5.75], "texture": "#0"},
				"south": {"uv": [7.125, 5.75, 7.25, 6], "texture": "#0"},
				"west": {"uv": [7.125, 6, 7.25, 6.25], "texture": "#0"},
				"up": {"uv": [2.125, 7.375, 2, 7.25], "texture": "#0"},
				"down": {"uv": [7.375, 2, 7.25, 2.125], "texture": "#0"}
			}
		},
		{
			"from": [11, 10, 5],
			"to": [12, 13, 11],
			"faces": {
				"north": {"uv": [6.875, 5.75, 7, 6.125], "texture": "#0"},
				"east": {"uv": [6.125, 5, 6.875, 5.375], "texture": "#0"},
				"south": {"uv": [6.875, 6.125, 7, 6.5], "texture": "#0"},
				"west": {"uv": [6.125, 5.375, 6.875, 5.75], "texture": "#0"},
				"up": {"uv": [3.125, 7.25, 3, 6.5], "texture": "#0"},
				"down": {"uv": [3.25, 6.5, 3.125, 7.25], "texture": "#0"}
			}
		},
		{
			"from": [4, 10, 5],
			"to": [5, 13, 11],
			"faces": {
				"north": {"uv": [6.875, 6.625, 7, 7], "texture": "#0"},
				"east": {"uv": [6.125, 5.75, 6.875, 6.125], "texture": "#0"},
				"south": {"uv": [7, 0.625, 7.125, 1], "texture": "#0"},
				"west": {"uv": [6.125, 6.125, 6.875, 6.5], "texture": "#0"},
				"up": {"uv": [3.375, 7.25, 3.25, 6.5], "texture": "#0"},
				"down": {"uv": [5.625, 6.5, 5.5, 7.25], "texture": "#0"}
			}
		},
		{
			"from": [5, 13, 5],
			"to": [11, 14, 11],
			"faces": {
				"north": {"uv": [6.75, 0.25, 7.5, 0.375], "texture": "#0"},
				"east": {"uv": [0.375, 6.75, 1.125, 6.875], "texture": "#0"},
				"south": {"uv": [6.75, 0.375, 7.5, 0.5], "texture": "#0"},
				"west": {"uv": [6.75, 0.5, 7.5, 0.625], "texture": "#0"},
				"up": {"uv": [5.25, 6.25, 4.5, 5.5], "texture": "#0"},
				"down": {"uv": [6, 5.5, 5.25, 6.25], "texture": "#0"}
			}
		},
		{
			"from": [-1.9, 3, -1],
			"to": [17, 4.3, 11],
			"faces": {
				"north": {"uv": [0.75, 11.5, 3.1125, 11.6625], "texture": "#0"},
				"east": {"uv": [0.75, 11.5, 2.25, 11.6625], "texture": "#0"},
				"south": {"uv": [0.75, 11.5, 3.1125, 11.6625], "texture": "#0"},
				"west": {"uv": [0.75, 11.5, 2.25, 11.6625], "texture": "#0"},
				"up": {"uv": [0.875, 11.25, 3.2375, 12.75], "texture": "#0"},
				"down": {"uv": [0.75, 11.5, 3.1125, 13], "texture": "#0"}
			}
		},
		{
			"from": [-1.9, 3, 15],
			"to": [17, 4.3, 17],
			"faces": {
				"north": {"uv": [0.875, 11.625, 3.2375, 11.7875], "texture": "#0"},
				"east": {"uv": [0.875, 11.625, 1.125, 11.7875], "texture": "#0"},
				"south": {"uv": [0.875, 11.625, 3.2375, 11.7875], "texture": "#0"},
				"west": {"uv": [0.875, 11.625, 1.125, 11.7875], "texture": "#0"},
				"up": {"uv": [0.875, 12.625, 3.2375, 12.875], "texture": "#0"},
				"down": {"uv": [0.875, 11.625, 3.2375, 11.875], "texture": "#0"}
			}
		},
		{
			"from": [1.1, 3, 11],
			"to": [17, 4.3, 15],
			"faces": {
				"north": {"uv": [0.875, 11.625, 2.8625, 11.7875], "texture": "#0"},
				"east": {"uv": [0.875, 11.625, 1.375, 11.7875], "texture": "#0"},
				"south": {"uv": [0.875, 11.625, 2.8625, 11.7875], "texture": "#0"},
				"west": {"uv": [0.875, 11.625, 1.375, 11.7875], "texture": "#0"},
				"up": {"uv": [0.625, 12, 2.6125, 12.5], "texture": "#0"},
				"down": {"uv": [0.875, 11.5, 2.8625, 12], "texture": "#0"}
			}
		},
		{
			"from": [-1.8, 3, 11],
			"to": [1.1, 4.2, 15],
			"faces": {
				"north": {"uv": [0.875, 11.625, 1.2375, 11.775], "texture": "#0"},
				"east": {"uv": [0.875, 11.625, 1.375, 11.775], "texture": "#0"},
				"south": {"uv": [0.875, 11.625, 1.2375, 11.775], "texture": "#0"},
				"west": {"uv": [0.875, 11.625, 1.375, 11.775], "texture": "#0"},
				"up": {"uv": [0.875, 11.625, 1.2375, 12.125], "texture": "#0"},
				"down": {"uv": [0.875, 11.625, 1.2375, 12.125], "texture": "#0"}
			}
		},
		{
			"from": [-2.2, 2.5, 11],
			"to": [0.3, 4.1, 15],
			"faces": {
				"north": {"uv": [0.875, 11.625, 1.1875, 11.825], "texture": "#0"},
				"east": {"uv": [0.875, 11.625, 1.375, 11.825], "texture": "#0"},
				"south": {"uv": [0.875, 11.625, 1.1875, 11.825], "texture": "#0"},
				"west": {"uv": [0.875, 11.625, 1.375, 11.825], "texture": "#0"},
				"up": {"uv": [0.875, 11.625, 1.1875, 12.125], "texture": "#0"},
				"down": {"uv": [0.875, 11.625, 1.1875, 12.125], "texture": "#0"}
			}
		},
		{
			"from": [-2.1, 0.9, 11],
			"to": [-1.1, 2.5, 13.5],
			"faces": {
				"north": {"uv": [0.875, 11.625, 1.175, 11.825], "texture": "#0"},
				"east": {"uv": [0.875, 11.625, 1.1875, 11.825], "texture": "#0"},
				"south": {"uv": [0.875, 11.625, 1.175, 11.825], "texture": "#0"},
				"west": {"uv": [0.875, 11.625, 1.1875, 11.825], "texture": "#0"},
				"up": {"uv": [0.875, 11.625, 1.175, 11.9375], "texture": "#0"},
				"down": {"uv": [0.875, 11.625, 1.175, 11.9375], "texture": "#0"}
			}
		}
	],
	"display": {
		"thirdperson_righthand": {
			"rotation": [2.75, 0, 0],
			"translation": [0, 1.75, -5.25],
			"scale": [0.5625, 0.5625, 0.5625]
		},
		"thirdperson_lefthand": {
			"rotation": [2.75, 0, 0],
			"translation": [0, 1.75, -5.25],
			"scale": [0.5625, 0.5625, 0.5625]
		},
		"firstperson_righthand": {
			"translation": [0.5, 0.25, 0],
			"scale": [0.54297, 0.54297, 0.54297]
		},
		"firstperson_lefthand": {
			"translation": [0.5, 0.5, 0],
			"scale": [0.54297, 0.54297, 0.54297]
		},
		"ground": {
			"translation": [0, 2.5, 0],
			"scale": [0.6, 0.6, 0.6]
		},
		"gui": {
			"rotation": [18.04, 26.29, -2.83],
			"translation": [0.25, 2, 0],
			"scale": [0.55078, 0.55078, 0.55078]
		},
		"head": {
			"rotation": [9.25, 0, 0],
			"translation": [0, 10, 2],
			"scale": [1.22656, 1.22656, 1.22656]
		},
		"fixed": {
			"translation": [0, 0, 0.75],
			"scale": [0.79688, 0.79688, 0.79688]
		}
	},
	"groups": [
		{
			"name": "group",
			"origin": [0, 0, 0],
			"color": 0,
			"children": [0, 1, 2, 3, 4, 5, 6, 7, 8, 9, 10, 11, 12, 13, 14, 15, 16, 17, 18, 19, 20, 21, 22, 23, 24, 25, 26, 27, 28, 29, 30, 31, 32, 33, 34, 35, 36, 37, 38, 39]
		},
		40,
		41,
		42,
		43,
		44,
		45
	]
}