{
	"credit": "Made by HQEli",
	"texture_size": [64, 64],
	"textures": {
		"0": "item/ginger_bread_shield",
		"particle": "item/ginger_bread_shield"
	},
	"elements": [
		{
			"from": [2, 0, 7],
			"to": [14, 20, 8],
			"faces": {
				"north": {"uv": [0, 0.525, 3, 5.5], "texture": "#0"},
				"east": {"uv": [0, 5.5, 0.25, 11], "texture": "#0"},
				"south": {"uv": [3, 0.5, 0, 5.5], "texture": "#0"},
				"west": {"uv": [0.25, 5.5, 0.5, 11], "texture": "#0"},
				"up": {"uv": [3.5, 5.75, 0.5, 5.5], "texture": "#0"},
				"down": {"uv": [3.25, 5.5, 0.25, 5.75], "texture": "#0"}
			}
		},
		{
			"from": [2, 20, 7],
			"to": [10, 22, 8],
			"faces": {
				"north": {"uv": [1, 0.025, 3, 0.5], "texture": "#0"},
				"east": {"uv": [0, 0, 0.25, 0.5], "texture": "#0"},
				"south": {"uv": [3, 0.025, 1, 0.5], "texture": "#0"},
				"west": {"uv": [0, 0, 0.25, 0.5], "texture": "#0"},
				"up": {"uv": [0, 0.025, 3, 0.25], "texture": "#0"},
				"down": {"uv": [0, 0.025, 3, 0.25], "texture": "#0"}
			}
		},
		{
			"from": [13, 20, 7],
			"to": [14, 21, 8],
			"faces": {
				"north": {"uv": [0.025, 0.025, 0.225, 0.25], "texture": "#0"},
				"east": {"uv": [0, 0, 0.25, 0.5], "texture": "#0"},
				"south": {"uv": [0.025, 0.025, 0.225, 0.25], "texture": "#0"},
				"west": {"uv": [0, 0, 0.25, 0.5], "texture": "#0"},
				"up": {"uv": [0, 0.025, 3, 0.25], "texture": "#0"},
				"down": {"uv": [0, 0.025, 3, 0.25], "texture": "#0"}
			}
		},
		{
			"from": [10, 20, 7],
			"to": [11, 21, 8],
			"faces": {
				"north": {"uv": [0.25, 0.025, 0.5, 0.25], "texture": "#0"},
				"east": {"uv": [0, 0, 0.25, 0.5], "texture": "#0"},
				"south": {"uv": [0.25, 0.025, 0.5, 0.25], "texture": "#0"},
				"west": {"uv": [0, 0, 0.25, 0.5], "texture": "#0"},
				"up": {"uv": [0, 0.025, 3, 0.25], "texture": "#0"},
				"down": {"uv": [0, 0.025, 3, 0.25], "texture": "#0"}
			}
		},
		{
			"from": [9, 13, 6.6],
			"to": [11, 15, 7.6],
			"faces": {
				"north": {"uv": [6.75, 2, 7.25, 2.5], "texture": "#0"},
				"east": {"uv": [6.75, 2, 7, 2.5], "texture": "#0"},
				"south": {"uv": [6.75, 2, 7.25, 2.5], "texture": "#0"},
				"west": {"uv": [6.75, 2, 7, 2.5], "texture": "#0"},
				"up": {"uv": [6.75, 2, 7.25, 2.25], "texture": "#0"},
				"down": {"uv": [6.75, 2, 7.25, 2.25], "texture": "#0"}
			}
		},
		{
			"from": [5, 14, 6.4],
			"to": [7, 16, 7.4],
			"faces": {
				"north": {"uv": [6.5, 1.75, 7, 2.25], "texture": "#0"},
				"east": {"uv": [6.75, 2, 7, 2.5], "texture": "#0"},
				"south": {"uv": [6.75, 2, 7.25, 2.5], "texture": "#0"},
				"west": {"uv": [6.75, 2, 7, 2.5], "texture": "#0"},
				"up": {"uv": [6.75, 2, 7.25, 2.25], "texture": "#0"},
				"down": {"uv": [6.75, 2, 7.25, 2.25], "texture": "#0"}
			}
		},
		{
			"from": [5, 11, 6.6],
			"to": [6, 12, 7.6],
			"faces": {
				"north": {"uv": [6.75, 2, 7, 2.25], "texture": "#0"},
				"east": {"uv": [6.75, 2, 7, 2.25], "texture": "#0"},
				"south": {"uv": [6.75, 2, 7, 2.25], "texture": "#0"},
				"west": {"uv": [6.75, 2, 7, 2.25], "texture": "#0"},
				"up": {"uv": [6.75, 2, 7, 2.25], "texture": "#0"},
				"down": {"uv": [6.75, 2, 7, 2.25], "texture": "#0"}
			}
		},
		{
			"from": [7, 10, 6.4],
			"to": [8, 11, 7.4],
			"faces": {
				"north": {"uv": [6.75, 2, 7, 2.25], "texture": "#0"},
				"east": {"uv": [6.75, 2, 7, 2.25], "texture": "#0"},
				"south": {"uv": [6.75, 2, 7, 2.25], "texture": "#0"},
				"west": {"uv": [6.75, 2, 7, 2.25], "texture": "#0"},
				"up": {"uv": [6.75, 2, 7, 2.25], "texture": "#0"},
				"down": {"uv": [6.75, 2, 7, 2.25], "texture": "#0"}
			}
		},
		{
			"from": [7, 6, 6.4],
			"to": [8, 7, 7.4],
			"faces": {
				"north": {"uv": [8.5, 2, 8.75, 2.25], "texture": "#0"},
				"east": {"uv": [8.5, 2, 8.75, 2.25], "texture": "#0"},
				"south": {"uv": [8.5, 2, 8.75, 2.25], "texture": "#0"},
				"west": {"uv": [8.5, 2, 8.75, 2.25], "texture": "#0"},
				"up": {"uv": [8.5, 2, 8.75, 2.25], "texture": "#0"},
				"down": {"uv": [8.5, 2, 8.75, 2.25], "texture": "#0"}
			}
		},
		{
			"from": [6, 8, 6.4],
			"to": [7, 9, 7.4],
			"faces": {
				"north": {"uv": [8.5, 2, 8.75, 2.25], "texture": "#0"},
				"east": {"uv": [8.5, 2, 8.75, 2.25], "texture": "#0"},
				"south": {"uv": [8.5, 2, 8.75, 2.25], "texture": "#0"},
				"west": {"uv": [8.5, 2, 8.75, 2.25], "texture": "#0"},
				"up": {"uv": [8.5, 2, 8.75, 2.25], "texture": "#0"},
				"down": {"uv": [8.5, 2, 8.75, 2.25], "texture": "#0"}
			}
		},
		{
			"from": [8, 4, 6.4],
			"to": [9, 5, 7.4],
			"faces": {
				"north": {"uv": [8.5, 2, 8.75, 2.25], "texture": "#0"},
				"east": {"uv": [8.5, 2, 8.75, 2.25], "texture": "#0"},
				"south": {"uv": [8.5, 2, 8.75, 2.25], "texture": "#0"},
				"west": {"uv": [8.5, 2, 8.75, 2.25], "texture": "#0"},
				"up": {"uv": [8.5, 2, 8.75, 2.25], "texture": "#0"},
				"down": {"uv": [8.5, 2, 8.75, 2.25], "texture": "#0"}
			}
		},
		{
			"from": [7, 2, 6.4],
			"to": [8, 3, 7.4],
			"faces": {
				"north": {"uv": [8.5, 2, 8.75, 2.25], "texture": "#0"},
				"east": {"uv": [8.5, 2, 8.75, 2.25], "texture": "#0"},
				"south": {"uv": [8.5, 2, 8.75, 2.25], "texture": "#0"},
				"west": {"uv": [8.5, 2, 8.75, 2.25], "texture": "#0"},
				"up": {"uv": [8.5, 2, 8.75, 2.25], "texture": "#0"},
				"down": {"uv": [8.5, 2, 8.75, 2.25], "texture": "#0"}
			}
		},
		{
			"from": [9, 9, 6.6],
			"to": [10, 10, 7.6],
			"faces": {
				"north": {"uv": [7.025, 1.525, 7.2, 1.675], "texture": "#0"},
				"east": {"uv": [6.75, 2, 7, 2.25], "texture": "#0"},
				"south": {"uv": [6.75, 2, 7, 2.25], "texture": "#0"},
				"west": {"uv": [6.75, 2, 7, 2.25], "texture": "#0"},
				"up": {"uv": [6.75, 2, 7, 2.25], "texture": "#0"},
				"down": {"uv": [6.75, 2, 7, 2.25], "texture": "#0"}
			}
		},
		{
			"from": [11, 10, 6.5],
			"to": [12, 11, 7.5],
			"faces": {
				"north": {"uv": [6.75, 2, 7, 2.25], "texture": "#0"},
				"east": {"uv": [6.75, 2, 7, 2.25], "texture": "#0"},
				"south": {"uv": [6.75, 2, 7, 2.25], "texture": "#0"},
				"west": {"uv": [6.75, 2, 7, 2.25], "texture": "#0"},
				"up": {"uv": [6.75, 2, 7, 2.25], "texture": "#0"},
				"down": {"uv": [6.75, 2, 7, 2.25], "texture": "#0"}
			}
		}
	],
	"gui_light": "front",
	"overrides": [
		{"predicate": {"blocking": 1}, "model": "item/shield_blocking"}
	],
	"display": {
		"thirdperson_righthand": {
			"rotation": [0, -90, 0],
			"translation": [2.25, -1.75, -0.25]
		},
		"thirdperson_lefthand": {
			"rotation": [0, -90, 0],
			"translation": [2.25, -2.5, -0.25]
		},
		"firstperson_righthand": {
			"rotation": [0, -7, -1.75],
			"translation": [3.25, -12.5, -3.75],
			"scale": [1.25, 1.14, 1.25]
		},
		"firstperson_lefthand": {
			"rotation": [0, -5, -1.75],
			"translation": [3.5, -12.5, -3.75],
			"scale": [1.25, 1.25, 1.25]
		},
		"ground": {
			"translation": [0, 1.25, 0],
			"scale": [0.6, 0.6, 0.6]
		},
		"gui": {
			"rotation": [15, 155, 5],
			"translation": [0, -1.5, 0],
			"scale": [0.65, 0.65, 0.65]
		},
		"head": {
			"translation": [0, -6.75, -7]
		},
		"fixed": {
			"translation": [0, -2, 0.5],
			"scale": [0.7, 0.7, 0.7]
		}
	},
	"groups": [
		{
			"name": "shield",
			"origin": [8, 8, 8],
			"color": 0,
			"children": [0, 1, 2, 3]
		},
		4,
		5,
		6,
		7,
		8,
		9,
		10,
		11,
		12,
		13
	]
}