{
	"credit": "Made with Blockbench",
	"textures": {
		"0": "item/hello_kitty",
		"particle": "item/hello_kitty"
	},
	"elements": [
		{
			"from": [6, 3, 7],
			"to": [10, 7, 11],
			"faces": {
				"north": {"uv": [0.75, 9, 2.75, 11], "texture": "#0"},
				"east": {"uv": [0.75, 12, 2.75, 14], "texture": "#0"},
				"south": {"uv": [0.75, 12, 2.75, 14], "texture": "#0"},
				"west": {"uv": [0.75, 12, 2.75, 14], "texture": "#0"},
				"up": {"uv": [2.75, 14, 0.75, 12], "texture": "#0"},
				"down": {"uv": [2.75, 12, 0.75, 14], "texture": "#0"}
			}
		},
		{
			"from": [3.01, 8.61, 6.91],
			"to": [3.99, 9.59, 6.89],
			"rotation": {"angle": -22.5, "axis": "z", "origin": [0, -1, 0]},
			"faces": {
				"north": {"uv": [4, 9.25, 4.5, 9.75], "texture": "#0"},
				"east": {"uv": [4, 9.25, 4, 9.75], "texture": "#0"},
				"south": {"uv": [4, 9.25, 4.5, 9.75], "texture": "#0"},
				"west": {"uv": [4, 9.25, 4, 9.75], "texture": "#0"},
				"up": {"uv": [4, 9.25, 4.5, 9.25], "texture": "#0"},
				"down": {"uv": [4, 9.25, 4.5, 9.25], "texture": "#0"}
			}
		},
		{
			"from": [2.5, 8.1, 6.9],
			"to": [3.5, 9.1, 6.9],
			"rotation": {"angle": -22.5, "axis": "z", "origin": [0, -1, 0]},
			"faces": {
				"north": {"uv": [4, 9.25, 4.5, 9.75], "texture": "#0"},
				"east": {"uv": [4, 9.25, 4, 9.75], "texture": "#0"},
				"south": {"uv": [4, 9.25, 4.5, 9.75], "texture": "#0"},
				"west": {"uv": [4, 9.25, 4, 9.75], "texture": "#0"},
				"up": {"uv": [4, 9.25, 4.5, 9.25], "texture": "#0"},
				"down": {"uv": [4, 9.25, 4.5, 9.25], "texture": "#0"}
			}
		},
		{
			"from": [2.01, 7.61, 6.91],
			"to": [2.99, 8.59, 6.89],
			"rotation": {"angle": -22.5, "axis": "z", "origin": [0, -1, 0]},
			"faces": {
				"north": {"uv": [4, 9.25, 4.5, 9.75], "texture": "#0"},
				"east": {"uv": [4, 9.25, 4, 9.75], "texture": "#0"},
				"south": {"uv": [4, 9.25, 4.5, 9.75], "texture": "#0"},
				"west": {"uv": [4, 9.25, 4, 9.75], "texture": "#0"},
				"up": {"uv": [4, 9.25, 4.5, 9.25], "texture": "#0"},
				"down": {"uv": [4, 9.25, 4.5, 9.25], "texture": "#0"}
			}
		},
		{
			"from": [5.6, 6.5, 7.5],
			"to": [6.6, 7.5, 8.5],
			"rotation": {"angle": 0, "axis": "y", "origin": [0, -1, 0]},
			"faces": {
				"north": {"uv": [1.25, 13, 1.75, 13.5], "texture": "#0"},
				"east": {"uv": [1.25, 13, 1.75, 13.5], "texture": "#0"},
				"south": {"uv": [1.25, 13, 1.75, 13.5], "texture": "#0"},
				"west": {"uv": [1.25, 13, 1.75, 13.5], "texture": "#0"},
				"up": {"uv": [1.25, 13, 1.75, 13.5], "texture": "#0"},
				"down": {"uv": [1.25, 13, 1.75, 13.5], "texture": "#0"}
			}
		},
		{
			"from": [9.4, 6.5, 7.5],
			"to": [10.4, 7.5, 8.5],
			"rotation": {"angle": 0, "axis": "y", "origin": [0, -1, 0]},
			"faces": {
				"north": {"uv": [1.25, 13, 1.75, 13.5], "texture": "#0"},
				"east": {"uv": [1.25, 13, 1.75, 13.5], "texture": "#0"},
				"south": {"uv": [1.25, 13, 1.75, 13.5], "texture": "#0"},
				"west": {"uv": [1.25, 13, 1.75, 13.5], "texture": "#0"},
				"up": {"uv": [1.25, 13, 1.75, 13.5], "texture": "#0"},
				"down": {"uv": [1.25, 13, 1.75, 13.5], "texture": "#0"}
			}
		},
		{
			"from": [10.1, 3.2, 8.2],
			"to": [10.9, 3.6, 8.2],
			"faces": {
				"north": {"uv": [1.875, 5.95, 2.125, 6.2], "texture": "#0"},
				"east": {"uv": [1.875, 5.95, 1.125, 6.2], "texture": "#0"},
				"south": {"uv": [1.875, 5.95, 2.125, 6.2], "texture": "#0"},
				"west": {"uv": [1.875, 5.95, 1.125, 6.2], "texture": "#0"},
				"up": {"uv": [1.875, 5.95, 2.125, 5.7], "texture": "#0"},
				"down": {"uv": [1.875, 5.95, 2.125, 5.7], "texture": "#0"}
			}
		},
		{
			"from": [10.1, 3.9, 8.2],
			"to": [11.4, 4.3, 8.2],
			"faces": {
				"north": {"uv": [1.875, 5.95, 2.625, 6.2], "texture": "#0"},
				"east": {"uv": [1.875, 5.95, 1.125, 6.2], "texture": "#0"},
				"south": {"uv": [1.875, 5.95, 2.625, 6.2], "texture": "#0"},
				"west": {"uv": [1.875, 5.95, 1.125, 6.2], "texture": "#0"},
				"up": {"uv": [1.875, 5.95, 2.625, 5.7], "texture": "#0"},
				"down": {"uv": [1.875, 5.95, 2.625, 5.7], "texture": "#0"}
			}
		},
		{
			"from": [10.1, 4.6, 8.2],
			"to": [10.9, 5, 8.2],
			"faces": {
				"north": {"uv": [1.875, 5.95, 2.125, 6.2], "texture": "#0"},
				"east": {"uv": [1.875, 5.95, 1.125, 6.2], "texture": "#0"},
				"south": {"uv": [1.875, 5.95, 2.125, 6.2], "texture": "#0"},
				"west": {"uv": [1.875, 5.95, 1.125, 6.2], "texture": "#0"},
				"up": {"uv": [1.875, 5.95, 2.125, 5.7], "texture": "#0"},
				"down": {"uv": [1.875, 5.95, 2.125, 5.7], "texture": "#0"}
			}
		},
		{
			"from": [5.1, 4.6, 8.2],
			"to": [5.9, 5, 8.2],
			"faces": {
				"north": {"uv": [1.875, 5.95, 2.125, 6.2], "texture": "#0"},
				"east": {"uv": [1.875, 5.95, 1.125, 6.2], "texture": "#0"},
				"south": {"uv": [1.875, 5.95, 2.125, 6.2], "texture": "#0"},
				"west": {"uv": [1.875, 5.95, 1.125, 6.2], "texture": "#0"},
				"up": {"uv": [1.875, 5.95, 2.125, 5.7], "texture": "#0"},
				"down": {"uv": [1.875, 5.95, 2.125, 5.7], "texture": "#0"}
			}
		},
		{
			"from": [4.6, 3.9, 8.2],
			"to": [5.9, 4.3, 8.2],
			"faces": {
				"north": {"uv": [1.875, 5.95, 2.625, 6.2], "texture": "#0"},
				"east": {"uv": [1.875, 5.95, 1.125, 6.2], "texture": "#0"},
				"south": {"uv": [1.875, 5.95, 2.625, 6.2], "texture": "#0"},
				"west": {"uv": [1.875, 5.95, 1.125, 6.2], "texture": "#0"},
				"up": {"uv": [1.875, 5.95, 2.625, 5.7], "texture": "#0"},
				"down": {"uv": [1.875, 5.95, 2.625, 5.7], "texture": "#0"}
			}
		},
		{
			"from": [5.1, 3.2, 8.2],
			"to": [5.9, 3.6, 8.2],
			"faces": {
				"north": {"uv": [1.875, 5.95, 2.125, 6.2], "texture": "#0"},
				"east": {"uv": [1.875, 5.95, 1.125, 6.2], "texture": "#0"},
				"south": {"uv": [1.875, 5.95, 2.125, 6.2], "texture": "#0"},
				"west": {"uv": [1.875, 5.95, 1.125, 6.2], "texture": "#0"},
				"up": {"uv": [1.875, 5.95, 2.125, 5.7], "texture": "#0"},
				"down": {"uv": [1.875, 5.95, 2.125, 5.7], "texture": "#0"}
			}
		},
		{
			"from": [7, 1, 8],
			"to": [9, 3, 10],
			"faces": {
				"north": {"uv": [5.75, 13.75, 7.75, 15.75], "texture": "#0"},
				"east": {"uv": [10, 13.75, 12, 15.75], "texture": "#0"},
				"south": {"uv": [10.25, 13.75, 12.25, 15.75], "texture": "#0"},
				"west": {"uv": [10.5, 13.75, 12.5, 15.75], "texture": "#0"},
				"up": {"uv": [5.75, 13.75, 7.75, 15.75], "texture": "#0"},
				"down": {"uv": [10.5, 13.75, 12.5, 15.75], "texture": "#0"}
			}
		},
		{
			"from": [9, 1.8, 8.5],
			"to": [10, 2.8, 9.5],
			"faces": {
				"north": {"uv": [1.5, 12.75, 2.5, 13.75], "texture": "#0"},
				"east": {"uv": [0.75, 12, 1.75, 13], "texture": "#0"},
				"south": {"uv": [0.75, 12, 1.75, 13], "texture": "#0"},
				"west": {"uv": [0.75, 12, 1.75, 13], "texture": "#0"},
				"up": {"uv": [0.75, 12, 1.75, 13], "texture": "#0"},
				"down": {"uv": [0.75, 12, 1.75, 13], "texture": "#0"}
			}
		},
		{
			"from": [6, 1.8, 8.5],
			"to": [7, 2.8, 9.5],
			"faces": {
				"north": {"uv": [1, 12.25, 2, 13.25], "texture": "#0"},
				"east": {"uv": [0.75, 12, 1.75, 13], "texture": "#0"},
				"south": {"uv": [0.75, 12, 1.75, 13], "texture": "#0"},
				"west": {"uv": [0.75, 12, 1.75, 13], "texture": "#0"},
				"up": {"uv": [0.75, 12, 1.75, 13], "texture": "#0"},
				"down": {"uv": [0.75, 12, 1.75, 13], "texture": "#0"}
			}
		},
		{
			"from": [8.4, 0.3, 6.9],
			"to": [9.4, 1.3, 9.9],
			"faces": {
				"north": {"uv": [1.25, 12.25, 2.25, 13.25], "texture": "#0"},
				"east": {"uv": [0.75, 12, 3.75, 13], "texture": "#0"},
				"south": {"uv": [0.75, 12, 1.75, 13], "texture": "#0"},
				"west": {"uv": [0.75, 12, 3.75, 13], "texture": "#0"},
				"up": {"uv": [0.75, 12, 1.75, 15], "texture": "#0"},
				"down": {"uv": [0.75, 12, 1.75, 15], "texture": "#0"}
			}
		},
		{
			"from": [6.6, 0.3, 6.9],
			"to": [7.6, 1.3, 9.9],
			"faces": {
				"north": {"uv": [1, 12.5, 2, 13.5], "texture": "#0"},
				"east": {"uv": [0.75, 12, 3.75, 13], "texture": "#0"},
				"south": {"uv": [0.75, 12, 1.75, 13], "texture": "#0"},
				"west": {"uv": [0.75, 12, 3.75, 13], "texture": "#0"},
				"up": {"uv": [0.75, 12, 1.75, 15], "texture": "#0"},
				"down": {"uv": [0.75, 12, 1.75, 15], "texture": "#0"}
			}
		}
	],
	"display": {
		"thirdperson_righthand": {
			"rotation": [0, 90, 0],
			"translation": [-0.75, 4.5, 1.75]
		},
		"thirdperson_lefthand": {
			"rotation": [90, 0, 0],
			"translation": [0.5, -1.5, 17.25],
			"scale": [0.7, 0.7, 0.7]
		},
		"firstperson_righthand": {
			"rotation": [-8.5, 83, 0],
			"translation": [0.75, 4.5, 0.25],
			"scale": [0.8, 0.8, 0.8]
		},
		"firstperson_lefthand": {
			"rotation": [-8.5, 83, 0],
			"translation": [20.25, 4.5, 0.25],
			"scale": [0.8, 0.8, 0.8]
		},
		"ground": {
			"translation": [0, 3.25, 0],
			"scale": [0.8, 0.8, 0.8]
		},
		"gui": {
			"rotation": [2, 166, 0],
			"translation": [0, 7.25, 0],
			"scale": [1.8, 1.8, 1.8]
		},
		"head": {
			"translation": [0, 13.5, 0]
		},
		"fixed": {
			"translation": [0, 7.75, -0.5],
			"scale": [2, 2, 2]
		}
	},
	"groups": [
		0,
		{
			"name": "bow",
			"origin": [0, 0, 0],
			"color": 0,
			"children": [1, 2, 3]
		},
		4,
		5,
		{
			"name": "whiskers",
			"origin": [0, 0, 0],
			"color": 0,
			"children": [6, 7, 8, 9, 10, 11]
		},
		12,
		13,
		14,
		15,
		16
	]
}