{
	"credit": "Made with Blockbench",
	"texture_size": [32, 32],
	"textures": {
		"0": "item/shake1",
		"1": "item/shake2",
		"particle": "item/shake1"
	},
	"elements": [
		{
			"from": [4.5, 0, 4.5],
			"to": [11.5, 8, 11.5],
			"faces": {
				"north": {"uv": [9.5, 12, 13, 16], "texture": "#0"},
				"east": {"uv": [13, 12, 9.5, 16], "texture": "#0"},
				"south": {"uv": [9.5, 12, 13, 16], "texture": "#0"},
				"west": {"uv": [13, 12, 9.5, 16], "texture": "#0"},
				"up": {"uv": [13, 8.5, 9.5, 12], "texture": "#0"},
				"down": {"uv": [9.5, 8.5, 13, 12], "texture": "#0"}
			}
		},
		{
			"from": [5, 8, 5],
			"to": [11, 11, 11],
			"faces": {
				"north": {"uv": [13, 12, 16, 13.5], "texture": "#0"},
				"east": {"uv": [16, 12, 13, 13.5], "texture": "#0"},
				"south": {"uv": [13, 12, 16, 13.5], "texture": "#0"},
				"west": {"uv": [16, 12, 13, 13.5], "texture": "#0"},
				"up": {"uv": [10, 9, 12.5, 11.5], "texture": "#0"},
				"down": {"uv": [10.5, 2, 13.5, 5], "texture": "#0"}
			}
		},
		{
			"from": [4.75, 0.25, 4.75],
			"to": [11.25, 7.75, 11.25],
			"faces": {
				"north": {"uv": [0, 0, 3, 3.5], "texture": "#1"},
				"east": {"uv": [3, 0, 0, 3.5], "texture": "#1"},
				"south": {"uv": [0, 0, 3, 3.5], "texture": "#1"},
				"west": {"uv": [3, 0, 0, 3.5], "texture": "#1"},
				"up": {"uv": [3, 3, 0, 0], "texture": "#1"},
				"down": {"uv": [3, 0, 0, 3], "texture": "#1"}
			}
		},
		{
			"from": [5.1, 8.1, 5.1],
			"to": [10.9, 10.9, 10.9],
			"faces": {
				"north": {"uv": [0, 0, 3, 1.5], "texture": "#1"},
				"east": {"uv": [3, 0, 0, 1.5], "texture": "#1"},
				"south": {"uv": [0, 0, 3, 1.5], "texture": "#1"},
				"west": {"uv": [3, 0, 0, 1.5], "texture": "#1"},
				"up": {"uv": [3, 0, 6, 3], "texture": "#1"},
				"down": {"uv": [3, 0, 6, 3], "texture": "#1"}
			}
		},
		{
			"from": [6.5, 11.5, 5],
			"to": [10.5, 21.5, 6],
			"rotation": {"angle": 22.5, "axis": "x", "origin": [0, 0, 0]},
			"faces": {
				"north": {"uv": [4, 0, 6.5, 5.5], "rotation": 180, "texture": "#0"},
				"east": {"uv": [6, 0, 6.5, 5.5], "rotation": 180, "texture": "#0"},
				"south": {"uv": [4, 0, 6.5, 5.5], "texture": "#0"},
				"west": {"uv": [6, 0, 6.5, 5.5], "texture": "#0"},
				"up": {"uv": [4, 5, 6.5, 5.5], "texture": "#0"},
				"down": {"uv": [4, 5, 6.5, 5.5], "rotation": 180, "texture": "#0"}
			}
		},
		{
			"from": [8.5, 1.5, 9],
			"to": [12.5, 11.5, 10],
			"rotation": {"angle": 22.5, "axis": "z", "origin": [0, 0, 0]},
			"faces": {
				"north": {"uv": [4, 0, 6.5, 5.5], "rotation": 180, "texture": "#0"},
				"east": {"uv": [6, 0, 6.5, 5.5], "rotation": 180, "texture": "#0"},
				"south": {"uv": [4, 0, 6.5, 5.5], "texture": "#0"},
				"west": {"uv": [6, 0, 6.5, 5.5], "texture": "#0"},
				"up": {"uv": [4, 5, 6.5, 5.5], "texture": "#0"},
				"down": {"uv": [4, 5, 6.5, 5.5], "rotation": 180, "texture": "#0"}
			}
		},
		{
			"from": [7.5, 2, 10.25],
			"to": [8.5, 12, 11.25],
			"rotation": {"angle": -22.5, "axis": "x", "origin": [0, 0, 0]},
			"faces": {
				"north": {"uv": [6, 0, 6.5, 5], "texture": "#0"},
				"east": {"uv": [6, 0, 6.5, 5], "texture": "#0"},
				"south": {"uv": [6, 0, 6.5, 5], "texture": "#0"},
				"west": {"uv": [6, 0, 6.5, 5], "texture": "#0"},
				"up": {"uv": [0, 0, 0.5, 0.5], "texture": "#0"},
				"down": {"uv": [0, 0, 0.5, 0.5], "texture": "#0"}
			}
		},
		{
			"from": [2, 3, 8],
			"to": [5, 9, 8],
			"faces": {
				"north": {"uv": [6.5, 5.5, 8, 8.5], "texture": "#0"},
				"east": {"uv": [0, 0, 0, 3], "texture": "#0"},
				"south": {"uv": [8, 5.5, 6.5, 8.5], "texture": "#0"},
				"west": {"uv": [0, 0, 0, 3], "texture": "#0"},
				"up": {"uv": [0, 0, 1.5, 0], "texture": "#0"},
				"down": {"uv": [0, 0, 1.5, 0], "texture": "#0"}
			}
		}
	],
	"display": {
		"thirdperson_righthand": {
			"rotation": [0, 90, 0],
			"translation": [0, 0, -4.25],
			"scale": [0.9, 0.9, 0.9]
		},
		"thirdperson_lefthand": {
			"rotation": [0, -90, 0],
			"translation": [0, 0, -4],
			"scale": [0.9, 0.9, 0.9]
		},
		"firstperson_righthand": {
			"rotation": [0, 110, 0]
		},
		"firstperson_lefthand": {
			"translation": [7.75, 0, 0]
		},
		"ground": {
			"translation": [0, 5, 0],
			"scale": [0.7, 0.7, 0.7]
		},
		"gui": {
			"rotation": [30, 130, 0],
			"translation": [0, -0.75, 0],
			"scale": [0.7, 0.7, 0.7]
		},
		"head": {
			"translation": [0, 14.25, 0]
		},
		"fixed": {
			"translation": [0, 0.5, -0.5]
		}
	}
}