{
	"credit": "Made with Blockbench",
	"parent": "custom/items/cosmetics/hat-parent",
	"texture_size": [128, 128],
	"textures": {
		"0": "item/pink_mushroom_hat",
		"particle": "item/pink_mushroom_hat"
	},
	"elements": [
		{
			"from": [0.5, 5.25, 0.75],
			"to": [15.5, 9.25, 15.75],
			"rotation": {"angle": 22.5, "axis": "x", "origin": [8, 5, 8]},
			"faces": {
				"north": {"uv": [9.5, 9.5, 11.375, 10], "texture": "#0"},
				"east": {"uv": [7.625, 9.5, 9.5, 10], "texture": "#0"},
				"south": {"uv": [13.25, 9.5, 15.125, 10], "texture": "#0"},
				"west": {"uv": [11.375, 9.5, 13.25, 10], "texture": "#0"},
				"up": {"uv": [11.375, 9.5, 9.5, 7.625], "texture": "#0"},
				"down": {"uv": [13.25, 7.625, 11.375, 9.5], "texture": "#0"}
			}
		},
		{
			"from": [2.5, 4.25, 2.75],
			"to": [13.5, 12.25, 13.75],
			"rotation": {"angle": 22.5, "axis": "x", "origin": [8, 5, 8]},
			"faces": {
				"north": {"uv": [9, 6.5, 10.375, 7.5], "texture": "#0"},
				"east": {"uv": [7.625, 6.5, 9, 7.5], "texture": "#0"},
				"south": {"uv": [11.75, 6.5, 13.125, 7.5], "texture": "#0"},
				"west": {"uv": [10.375, 6.5, 11.75, 7.5], "texture": "#0"},
				"up": {"uv": [10.375, 6.5, 9, 5.125], "texture": "#0"},
				"down": {"uv": [11.75, 5.125, 10.375, 6.5], "texture": "#0"}
			}
		},
		{
			"from": [0.5, 5.25, 0.75],
			"to": [15.5, 9.25, 15.75],
			"rotation": {"angle": 22.5, "axis": "x", "origin": [8, 5, 8]},
			"faces": {
				"north": {"uv": [9.5, 4.375, 11.375, 4.875], "texture": "#0", "tintindex": 0},
				"east": {"uv": [7.625, 4.375, 9.5, 4.875], "texture": "#0", "tintindex": 0},
				"south": {"uv": [13.25, 4.375, 15.125, 4.875], "texture": "#0", "tintindex": 0},
				"west": {"uv": [11.375, 4.375, 13.25, 4.875], "texture": "#0", "tintindex": 0},
				"up": {"uv": [11.375, 4.375, 9.5, 2.5], "texture": "#0", "tintindex": 0},
				"down": {"uv": [13.25, 2.5, 11.375, 4.375], "texture": "#0", "tintindex": 0}
			}
		},
		{
			"from": [2.5, 4.25, 2.75],
			"to": [13.5, 12.25, 13.75],
			"rotation": {"angle": 22.5, "axis": "x", "origin": [8, 5, 8]},
			"faces": {
				"north": {"uv": [9, 1.375, 10.375, 2.375], "texture": "#0", "tintindex": 0},
				"east": {"uv": [7.625, 1.375, 9, 2.375], "texture": "#0", "tintindex": 0},
				"south": {"uv": [11.75, 1.375, 13.125, 2.375], "texture": "#0", "tintindex": 0},
				"west": {"uv": [10.375, 1.375, 11.75, 2.375], "texture": "#0", "tintindex": 0},
				"up": {"uv": [10.375, 1.375, 9, 0], "texture": "#0", "tintindex": 0},
				"down": {"uv": [11.75, 0, 10.375, 1.375], "texture": "#0", "tintindex": 0}
			}
		},
		{
			"from": [3.75, 9.5, 11],
			"to": [3.75, 17.5, 19],
			"rotation": {"angle": 22.5, "axis": "x", "origin": [6, 15.5, 15]},
			"faces": {
				"north": {"uv": [8.125, 8.25, 9.125, 9.25], "texture": "#0"},
				"east": {"uv": [8.125, 8.25, 9.125, 9.25], "texture": "#0"},
				"south": {"uv": [8.125, 8.25, 9.125, 9.25], "texture": "#0"},
				"west": {"uv": [8.125, 8.25, 9.125, 9.25], "texture": "#0"},
				"up": {"uv": [8.125, 8.25, 9.125, 9.25], "texture": "#0"},
				"down": {"uv": [8.125, 8.25, 9.125, 9.25], "texture": "#0"}
			}
		},
		{
			"from": [-0.25, 9.5, 15],
			"to": [7.75, 17.5, 15],
			"rotation": {"angle": 22.5, "axis": "x", "origin": [6, 15.5, 15]},
			"faces": {
				"north": {"uv": [8.125, 8.25, 9.125, 9.25], "texture": "#0"},
				"east": {"uv": [8.125, 8.25, 9.125, 9.25], "texture": "#0"},
				"south": {"uv": [8.125, 8.25, 9.125, 9.25], "texture": "#0"},
				"west": {"uv": [8.125, 8.25, 9.125, 9.25], "texture": "#0"},
				"up": {"uv": [8.125, 8.25, 9.125, 9.25], "texture": "#0"},
				"down": {"uv": [8.125, 8.25, 9.125, 9.25], "texture": "#0"}
			}
		},
		{
			"from": [18, 2.5, 10],
			"to": [18, 10.5, 18],
			"rotation": {"angle": -45, "axis": "z", "origin": [21, 8.5, 14]},
			"faces": {
				"north": {"uv": [8.125, 8.25, 9.125, 9.25], "texture": "#0"},
				"east": {"uv": [8.125, 8.25, 9.125, 9.25], "texture": "#0"},
				"south": {"uv": [8.125, 8.25, 9.125, 9.25], "texture": "#0"},
				"west": {"uv": [8.125, 8.25, 9.125, 9.25], "texture": "#0"},
				"up": {"uv": [8.125, 8.25, 9.125, 9.25], "texture": "#0"},
				"down": {"uv": [8.125, 8.25, 9.125, 9.25], "texture": "#0"}
			}
		},
		{
			"from": [14, 2.5, 14],
			"to": [22, 10.5, 14],
			"rotation": {"angle": -45, "axis": "z", "origin": [21, 8.5, 14]},
			"faces": {
				"north": {"uv": [8.125, 8.25, 9.125, 9.25], "texture": "#0"},
				"east": {"uv": [8.125, 8.25, 9.125, 9.25], "texture": "#0"},
				"south": {"uv": [8.125, 8.25, 9.125, 9.25], "texture": "#0"},
				"west": {"uv": [8.125, 8.25, 9.125, 9.25], "texture": "#0"},
				"up": {"uv": [8.125, 8.25, 9.125, 9.25], "texture": "#0"},
				"down": {"uv": [8.125, 8.25, 9.125, 9.25], "texture": "#0"}
			}
		},
		{
			"from": [8, 11.5, 8],
			"to": [16, 19.5, 8],
			"rotation": {"angle": 22.5, "axis": "y", "origin": [15, 17.5, 8]},
			"faces": {
				"north": {"uv": [8.125, 8.25, 9.125, 9.25], "texture": "#0"},
				"east": {"uv": [8.125, 8.25, 9.125, 9.25], "texture": "#0"},
				"south": {"uv": [8.125, 8.25, 9.125, 9.25], "texture": "#0"},
				"west": {"uv": [8.125, 8.25, 9.125, 9.25], "texture": "#0"},
				"up": {"uv": [8.125, 8.25, 9.125, 9.25], "texture": "#0"},
				"down": {"uv": [8.125, 8.25, 9.125, 9.25], "texture": "#0"}
			}
		},
		{
			"from": [12, 11.5, 4],
			"to": [12, 19.5, 12],
			"rotation": {"angle": 22.5, "axis": "y", "origin": [15, 17.5, 8]},
			"faces": {
				"north": {"uv": [8.125, 8.25, 9.125, 9.25], "texture": "#0"},
				"east": {"uv": [8.125, 8.25, 9.125, 9.25], "texture": "#0"},
				"south": {"uv": [8.125, 8.25, 9.125, 9.25], "texture": "#0"},
				"west": {"uv": [8.125, 8.25, 9.125, 9.25], "texture": "#0"},
				"up": {"uv": [8.125, 8.25, 9.125, 9.25], "texture": "#0"},
				"down": {"uv": [8.125, 8.25, 9.125, 9.25], "texture": "#0"}
			}
		},
		{
			"from": [3.75, 9.5, 11],
			"to": [3.75, 17.5, 19],
			"rotation": {"angle": 22.5, "axis": "x", "origin": [6, 15.5, 15]},
			"faces": {
				"north": {"uv": [8.125, 3.125, 9.125, 4.125], "texture": "#0", "tintindex": 0},
				"east": {"uv": [8.125, 3.125, 9.125, 4.125], "texture": "#0", "tintindex": 0},
				"south": {"uv": [8.125, 3.125, 9.125, 4.125], "texture": "#0", "tintindex": 0},
				"west": {"uv": [8.125, 3.125, 9.125, 4.125], "texture": "#0", "tintindex": 0},
				"up": {"uv": [8.125, 3.125, 9.125, 4.125], "texture": "#0", "tintindex": 0},
				"down": {"uv": [8.125, 3.125, 9.125, 4.125], "texture": "#0", "tintindex": 0}
			}
		},
		{
			"from": [-0.25, 9.5, 15],
			"to": [7.75, 17.5, 15],
			"rotation": {"angle": 22.5, "axis": "x", "origin": [6, 15.5, 15]},
			"faces": {
				"north": {"uv": [8.125, 3.125, 9.125, 4.125], "texture": "#0", "tintindex": 0},
				"east": {"uv": [8.125, 3.125, 9.125, 4.125], "texture": "#0", "tintindex": 0},
				"south": {"uv": [8.125, 3.125, 9.125, 4.125], "texture": "#0", "tintindex": 0},
				"west": {"uv": [8.125, 3.125, 9.125, 4.125], "texture": "#0", "tintindex": 0},
				"up": {"uv": [8.125, 3.125, 9.125, 4.125], "texture": "#0", "tintindex": 0},
				"down": {"uv": [8.125, 3.125, 9.125, 4.125], "texture": "#0", "tintindex": 0}
			}
		},
		{
			"from": [18, 2.5, 10],
			"to": [18, 10.5, 18],
			"rotation": {"angle": -45, "axis": "z", "origin": [21, 8.5, 14]},
			"faces": {
				"north": {"uv": [8.125, 3.125, 9.125, 4.125], "texture": "#0", "tintindex": 0},
				"east": {"uv": [8.125, 3.125, 9.125, 4.125], "texture": "#0", "tintindex": 0},
				"south": {"uv": [8.125, 3.125, 9.125, 4.125], "texture": "#0", "tintindex": 0},
				"west": {"uv": [8.125, 3.125, 9.125, 4.125], "texture": "#0", "tintindex": 0},
				"up": {"uv": [8.125, 3.125, 9.125, 4.125], "texture": "#0", "tintindex": 0},
				"down": {"uv": [8.125, 3.125, 9.125, 4.125], "texture": "#0", "tintindex": 0}
			}
		},
		{
			"from": [14, 2.5, 14],
			"to": [22, 10.5, 14],
			"rotation": {"angle": -45, "axis": "z", "origin": [21, 8.5, 14]},
			"faces": {
				"north": {"uv": [8.125, 3.125, 9.125, 4.125], "texture": "#0", "tintindex": 0},
				"east": {"uv": [8.125, 3.125, 9.125, 4.125], "texture": "#0", "tintindex": 0},
				"south": {"uv": [8.125, 3.125, 9.125, 4.125], "texture": "#0", "tintindex": 0},
				"west": {"uv": [8.125, 3.125, 9.125, 4.125], "texture": "#0", "tintindex": 0},
				"up": {"uv": [8.125, 3.125, 9.125, 4.125], "texture": "#0", "tintindex": 0},
				"down": {"uv": [8.125, 3.125, 9.125, 4.125], "texture": "#0", "tintindex": 0}
			}
		},
		{
			"from": [8, 11.5, 8],
			"to": [16, 19.5, 8],
			"rotation": {"angle": 22.5, "axis": "y", "origin": [15, 17.5, 8]},
			"faces": {
				"north": {"uv": [8.125, 3.125, 9.125, 4.125], "texture": "#0", "tintindex": 0},
				"east": {"uv": [8.125, 3.125, 9.125, 4.125], "texture": "#0", "tintindex": 0},
				"south": {"uv": [8.125, 3.125, 9.125, 4.125], "texture": "#0", "tintindex": 0},
				"west": {"uv": [8.125, 3.125, 9.125, 4.125], "texture": "#0", "tintindex": 0},
				"up": {"uv": [8.125, 3.125, 9.125, 4.125], "texture": "#0", "tintindex": 0},
				"down": {"uv": [8.125, 3.125, 9.125, 4.125], "texture": "#0", "tintindex": 0}
			}
		},
		{
			"from": [12, 11.5, 4],
			"to": [12, 19.5, 12],
			"rotation": {"angle": 22.5, "axis": "y", "origin": [15, 17.5, 8]},
			"faces": {
				"north": {"uv": [8.125, 3.125, 9.125, 4.125], "texture": "#0", "tintindex": 0},
				"east": {"uv": [8.125, 3.125, 9.125, 4.125], "texture": "#0", "tintindex": 0},
				"south": {"uv": [8.125, 3.125, 9.125, 4.125], "texture": "#0", "tintindex": 0},
				"west": {"uv": [8.125, 3.125, 9.125, 4.125], "texture": "#0", "tintindex": 0},
				"up": {"uv": [8.125, 3.125, 9.125, 4.125], "texture": "#0", "tintindex": 0},
				"down": {"uv": [8.125, 3.125, 9.125, 4.125], "texture": "#0", "tintindex": 0}
			}
		},
		{
			"from": [0.5, -0.99458, 1.39754],
			"to": [15.5, 8.00542, 1.39754],
			"rotation": {"angle": 0, "axis": "y", "origin": [8, 5.00542, 1.39754]},
			"faces": {
				"north": {"uv": [1.875, 5, 3.75, 6.125], "texture": "#0"},
				"east": {"uv": [0, 5, 0, 6.125], "texture": "#0"},
				"south": {"uv": [3.75, 5, 1.875, 6.125], "texture": "#0"},
				"west": {"uv": [0, 5, 0, 6.125], "texture": "#0"},
				"up": {"uv": [2, 4.875, 0.125, 4.875], "texture": "#0"},
				"down": {"uv": [2, 4.875, 0.125, 4.875], "texture": "#0"}
			}
		},
		{
			"from": [0.51, -5.99458, 1.39754],
			"to": [0.51, 8.00542, 15.39754],
			"rotation": {"angle": 0, "axis": "y", "origin": [0.47, -2.99458, 6.39754]},
			"faces": {
				"north": {"uv": [0.125, 4.875, 0.125, 6.625], "texture": "#0"},
				"east": {"uv": [5.5, 5, 3.75, 6.75], "texture": "#0"},
				"south": {"uv": [0.125, 4.875, 0.125, 6.625], "texture": "#0"},
				"west": {"uv": [3.75, 5, 5.5, 6.75], "texture": "#0"},
				"up": {"uv": [0.125, 6.625, 0.125, 4.875], "texture": "#0"},
				"down": {"uv": [0.125, 4.875, 0.125, 6.625], "texture": "#0"}
			}
		},
		{
			"from": [15.49, -5.99458, 1.39754],
			"to": [15.49, 8.00542, 15.39754],
			"rotation": {"angle": 0, "axis": "y", "origin": [17.528, -2.99458, 7.39754]},
			"faces": {
				"north": {"uv": [0.125, 4.875, 0.125, 6.625], "texture": "#0"},
				"east": {"uv": [0.125, 5, 1.875, 6.75], "texture": "#0"},
				"south": {"uv": [0.125, 4.875, 0.125, 6.625], "texture": "#0"},
				"west": {"uv": [1.875, 5, 0.125, 6.75], "texture": "#0"},
				"up": {"uv": [0.125, 6.625, 0.125, 4.875], "texture": "#0"},
				"down": {"uv": [0.125, 4.875, 0.125, 6.625], "texture": "#0"}
			}
		},
		{
			"from": [0.5, -5.73483, 15.25474],
			"to": [15.5, 2.26517, 15.25474],
			"rotation": {"angle": 0, "axis": "y", "origin": [8, -0.73483, -9.74526]},
			"faces": {
				"north": {"uv": [7.375, 5, 5.5, 6], "texture": "#0"},
				"east": {"uv": [0, 5, 0, 6], "texture": "#0"},
				"south": {"uv": [5.5, 5, 7.375, 6], "texture": "#0"},
				"west": {"uv": [0, 5, 0, 6], "texture": "#0"},
				"up": {"uv": [2, 4.875, 0.125, 4.875], "texture": "#0"},
				"down": {"uv": [2, 4.875, 0.125, 4.875], "texture": "#0"}
			}
		}
	],
	"gui_light": "front",
	"display": {
		"gui": {
			"rotation": [35, 125, 0],
			"translation": [-0.5, 0.25, 0],
			"scale": [0.58, 0.58, 0.58]
		},
		"head": {
			"translation": [0, 8, -0.25],
			"scale": [1.61, 1.61, 1.61]
		}
	}
}