{
	"credit": "Made by HQEli",
	"texture_size": [64, 64],
	"textures": {
		"0": "item/sanrio_sword",
		"particle": "item/sanrio_sword"
	},
	"elements": [
		{
			"from": [6, 4, 7],
			"to": [10, 8, 11],
			"faces": {
				"north": {"uv": [0.75, 9, 2.75, 11], "texture": "#0"},
				"east": {"uv": [0.75, 12, 2.75, 14], "texture": "#0"},
				"south": {"uv": [0.75, 12, 2.75, 14], "texture": "#0"},
				"west": {"uv": [0.75, 12, 2.75, 14], "texture": "#0"},
				"up": {"uv": [2.75, 14, 0.75, 12], "texture": "#0"},
				"down": {"uv": [2.75, 12, 0.75, 14], "texture": "#0"}
			}
		},
		{
			"from": [3.01, 9.61, 6.91],
			"to": [3.99, 10.59, 6.89],
			"rotation": {"angle": -22.5, "axis": "z", "origin": [0, 0, 0]},
			"faces": {
				"north": {"uv": [4, 9.25, 4.5, 9.75], "texture": "#0"},
				"east": {"uv": [4, 9.25, 4, 9.75], "texture": "#0"},
				"south": {"uv": [4, 9.25, 4.5, 9.75], "texture": "#0"},
				"west": {"uv": [4, 9.25, 4, 9.75], "texture": "#0"},
				"up": {"uv": [4, 9.25, 4.5, 9.25], "texture": "#0"},
				"down": {"uv": [4, 9.25, 4.5, 9.25], "texture": "#0"}
			}
		},
		{
			"from": [2.5, 9.1, 6.9],
			"to": [3.5, 10.1, 6.9],
			"rotation": {"angle": -22.5, "axis": "z", "origin": [0, 0, 0]},
			"faces": {
				"north": {"uv": [4, 9.25, 4.5, 9.75], "texture": "#0"},
				"east": {"uv": [4, 9.25, 4, 9.75], "texture": "#0"},
				"south": {"uv": [4, 9.25, 4.5, 9.75], "texture": "#0"},
				"west": {"uv": [4, 9.25, 4, 9.75], "texture": "#0"},
				"up": {"uv": [4, 9.25, 4.5, 9.25], "texture": "#0"},
				"down": {"uv": [4, 9.25, 4.5, 9.25], "texture": "#0"}
			}
		},
		{
			"from": [2.01, 8.61, 6.91],
			"to": [2.99, 9.59, 6.89],
			"rotation": {"angle": -22.5, "axis": "z", "origin": [0, 0, 0]},
			"faces": {
				"north": {"uv": [4, 9.25, 4.5, 9.75], "texture": "#0"},
				"east": {"uv": [4, 9.25, 4, 9.75], "texture": "#0"},
				"south": {"uv": [4, 9.25, 4.5, 9.75], "texture": "#0"},
				"west": {"uv": [4, 9.25, 4, 9.75], "texture": "#0"},
				"up": {"uv": [4, 9.25, 4.5, 9.25], "texture": "#0"},
				"down": {"uv": [4, 9.25, 4.5, 9.25], "texture": "#0"}
			}
		},
		{
			"from": [7, 8, 8.8],
			"to": [9, 26, 9.1],
			"faces": {
				"north": {"uv": [7.75, 2.25, 8.75, 11], "texture": "#0"},
				"east": {"uv": [8.25, 2.25, 8.3, 11], "texture": "#0"},
				"south": {"uv": [7.75, 2.25, 8.75, 11], "texture": "#0"},
				"west": {"uv": [8.25, 2.325, 8.3, 11], "texture": "#0"},
				"up": {"uv": [8.25, 5.5, 8.4, 6.35], "texture": "#0"},
				"down": {"uv": [8, 4.5, 8.4, 4.825], "texture": "#0"}
			}
		},
		{
			"from": [9, 8, 8.9],
			"to": [9.7, 26, 9],
			"faces": {
				"north": {"uv": [13, 2.25, 13.5, 11], "texture": "#0"},
				"east": {"uv": [13, 2.5, 13.1, 11], "texture": "#0"},
				"south": {"uv": [13, 2.25, 13.5, 11], "texture": "#0"},
				"west": {"uv": [13.25, 2.5, 13.35, 11], "texture": "#0"},
				"up": {"uv": [12.75, 4.5, 13.55, 4.6], "texture": "#0"},
				"down": {"uv": [12.75, 4.5, 13.55, 4.6], "texture": "#0"}
			}
		},
		{
			"from": [6.3, 8, 8.9],
			"to": [7, 26, 9],
			"faces": {
				"north": {"uv": [13, 2.25, 13.5, 11], "texture": "#0"},
				"east": {"uv": [13.25, 2.25, 13.35, 11], "texture": "#0"},
				"south": {"uv": [13, 2.25, 13.5, 11], "texture": "#0"},
				"west": {"uv": [13.175, 2.25, 13.275, 11], "texture": "#0"},
				"up": {"uv": [12.75, 6.25, 13.55, 6.35], "texture": "#0"},
				"down": {"uv": [12.75, 6.25, 13.55, 6.35], "texture": "#0"}
			}
		},
		{
			"from": [7, 26, 8.9],
			"to": [9, 26.8, 9],
			"faces": {
				"north": {"uv": [12.75, 2.25, 13.75, 2.75], "texture": "#0"},
				"east": {"uv": [13, 4, 13.1, 5], "texture": "#0"},
				"south": {"uv": [12.75, 3.5, 13.75, 4], "texture": "#0"},
				"west": {"uv": [13, 4, 13.1, 5], "texture": "#0"},
				"up": {"uv": [12.75, 3.5, 13.75, 3.6], "texture": "#0"},
				"down": {"uv": [13, 3.25, 14.5, 3.35], "texture": "#0"}
			}
		},
		{
			"from": [6.6, 26, 8.9],
			"to": [7, 26.4, 9],
			"faces": {
				"north": {"uv": [13, 5, 13.25, 5.25], "texture": "#0"},
				"east": {"uv": [13, 4.75, 13.1, 5.25], "texture": "#0"},
				"south": {"uv": [13, 3.5, 12.75, 3.75], "texture": "#0"},
				"west": {"uv": [13, 4.75, 13.1, 5.25], "texture": "#0"},
				"up": {"uv": [13.25, 3.25, 13.75, 3.35], "texture": "#0"},
				"down": {"uv": [13.25, 3.25, 13.75, 3.35], "texture": "#0"}
			}
		},
		{
			"from": [9, 26, 8.9],
			"to": [9.4, 26.4, 9],
			"faces": {
				"north": {"uv": [13, 2.5, 13.25, 2.75], "texture": "#0"},
				"east": {"uv": [13, 4, 13.1, 4.5], "texture": "#0"},
				"south": {"uv": [13, 3.5, 12.75, 3.75], "texture": "#0"},
				"west": {"uv": [13, 4, 13.1, 4.5], "texture": "#0"},
				"up": {"uv": [13.25, 3.25, 13.75, 3.35], "texture": "#0"},
				"down": {"uv": [13.25, 3.25, 13.75, 3.35], "texture": "#0"}
			}
		},
		{
			"from": [7.3, -0.3, 8.5],
			"to": [8.7, 4, 9.5],
			"faces": {
				"north": {"uv": [5.75, 8.875, 6.25, 10.9], "texture": "#0"},
				"east": {"uv": [5.75, 9, 6.25, 10.75], "texture": "#0"},
				"south": {"uv": [5.75, 8.875, 6.25, 10.9], "texture": "#0"},
				"west": {"uv": [5.75, 9, 6.25, 10.75], "texture": "#0"},
				"up": {"uv": [5.75, 9.75, 6.15, 10.5], "texture": "#0"},
				"down": {"uv": [5.75, 9, 6.25, 10.05], "texture": "#0"}
			}
		},
		{
			"from": [4, -7.3, 8],
			"to": [6, -5.3, 10],
			"rotation": {"angle": 45, "axis": "z", "origin": [0, 0, 0]},
			"faces": {
				"north": {"uv": [5.75, 11.75, 6.75, 12.75], "texture": "#0"},
				"east": {"uv": [5.75, 13.75, 6.75, 14.75], "texture": "#0"},
				"south": {"uv": [7.75, 11.75, 8.75, 12.75], "texture": "#0"},
				"west": {"uv": [5.75, 13.75, 6.75, 14.75], "texture": "#0"},
				"up": {"uv": [5.75, 13.75, 6.75, 14.75], "texture": "#0"},
				"down": {"uv": [5.75, 13.75, 6.75, 14.75], "texture": "#0"}
			}
		},
		{
			"from": [5.6, 7.5, 7.5],
			"to": [6.6, 8.5, 8.5],
			"faces": {
				"north": {"uv": [1.25, 13, 1.75, 13.5], "texture": "#0"},
				"east": {"uv": [1.25, 13, 1.75, 13.5], "texture": "#0"},
				"south": {"uv": [1.25, 13, 1.75, 13.5], "texture": "#0"},
				"west": {"uv": [1.25, 13, 1.75, 13.5], "texture": "#0"},
				"up": {"uv": [1.25, 13, 1.75, 13.5], "texture": "#0"},
				"down": {"uv": [1.25, 13, 1.75, 13.5], "texture": "#0"}
			}
		},
		{
			"from": [9.4, 7.5, 7.5],
			"to": [10.4, 8.5, 8.5],
			"faces": {
				"north": {"uv": [1.25, 13, 1.75, 13.5], "texture": "#0"},
				"east": {"uv": [1.25, 13, 1.75, 13.5], "texture": "#0"},
				"south": {"uv": [1.25, 13, 1.75, 13.5], "texture": "#0"},
				"west": {"uv": [1.25, 13, 1.75, 13.5], "texture": "#0"},
				"up": {"uv": [1.25, 13, 1.75, 13.5], "texture": "#0"},
				"down": {"uv": [1.25, 13, 1.75, 13.5], "texture": "#0"}
			}
		},
		{
			"from": [10.1, 4.2, 8.2],
			"to": [10.9, 4.6, 8.2],
			"faces": {
				"north": {"uv": [1.875, 5.95, 2.125, 6.2], "texture": "#0"},
				"east": {"uv": [1.875, 5.95, 1.125, 6.2], "texture": "#0"},
				"south": {"uv": [1.875, 5.95, 2.125, 6.2], "texture": "#0"},
				"west": {"uv": [1.875, 5.95, 1.125, 6.2], "texture": "#0"},
				"up": {"uv": [1.875, 5.95, 2.125, 5.7], "texture": "#0"},
				"down": {"uv": [1.875, 5.95, 2.125, 5.7], "texture": "#0"}
			}
		},
		{
			"from": [10.1, 4.9, 8.2],
			"to": [11.4, 5.3, 8.2],
			"faces": {
				"north": {"uv": [1.875, 5.95, 2.625, 6.2], "texture": "#0"},
				"east": {"uv": [1.875, 5.95, 1.125, 6.2], "texture": "#0"},
				"south": {"uv": [1.875, 5.95, 2.625, 6.2], "texture": "#0"},
				"west": {"uv": [1.875, 5.95, 1.125, 6.2], "texture": "#0"},
				"up": {"uv": [1.875, 5.95, 2.625, 5.7], "texture": "#0"},
				"down": {"uv": [1.875, 5.95, 2.625, 5.7], "texture": "#0"}
			}
		},
		{
			"from": [10.1, 5.6, 8.2],
			"to": [10.9, 6, 8.2],
			"faces": {
				"north": {"uv": [1.875, 5.95, 2.125, 6.2], "texture": "#0"},
				"east": {"uv": [1.875, 5.95, 1.125, 6.2], "texture": "#0"},
				"south": {"uv": [1.875, 5.95, 2.125, 6.2], "texture": "#0"},
				"west": {"uv": [1.875, 5.95, 1.125, 6.2], "texture": "#0"},
				"up": {"uv": [1.875, 5.95, 2.125, 5.7], "texture": "#0"},
				"down": {"uv": [1.875, 5.95, 2.125, 5.7], "texture": "#0"}
			}
		},
		{
			"from": [5.1, 5.6, 8.2],
			"to": [5.9, 6, 8.2],
			"faces": {
				"north": {"uv": [1.875, 5.95, 2.125, 6.2], "texture": "#0"},
				"east": {"uv": [1.875, 5.95, 1.125, 6.2], "texture": "#0"},
				"south": {"uv": [1.875, 5.95, 2.125, 6.2], "texture": "#0"},
				"west": {"uv": [1.875, 5.95, 1.125, 6.2], "texture": "#0"},
				"up": {"uv": [1.875, 5.95, 2.125, 5.7], "texture": "#0"},
				"down": {"uv": [1.875, 5.95, 2.125, 5.7], "texture": "#0"}
			}
		},
		{
			"from": [4.6, 4.9, 8.2],
			"to": [5.9, 5.3, 8.2],
			"faces": {
				"north": {"uv": [1.875, 5.95, 2.625, 6.2], "texture": "#0"},
				"east": {"uv": [1.875, 5.95, 1.125, 6.2], "texture": "#0"},
				"south": {"uv": [1.875, 5.95, 2.625, 6.2], "texture": "#0"},
				"west": {"uv": [1.875, 5.95, 1.125, 6.2], "texture": "#0"},
				"up": {"uv": [1.875, 5.95, 2.625, 5.7], "texture": "#0"},
				"down": {"uv": [1.875, 5.95, 2.625, 5.7], "texture": "#0"}
			}
		},
		{
			"from": [5.1, 4.2, 8.2],
			"to": [5.9, 4.6, 8.2],
			"faces": {
				"north": {"uv": [1.875, 5.95, 2.125, 6.2], "texture": "#0"},
				"east": {"uv": [1.875, 5.95, 1.125, 6.2], "texture": "#0"},
				"south": {"uv": [1.875, 5.95, 2.125, 6.2], "texture": "#0"},
				"west": {"uv": [1.875, 5.95, 1.125, 6.2], "texture": "#0"},
				"up": {"uv": [1.875, 5.95, 2.125, 5.7], "texture": "#0"},
				"down": {"uv": [1.875, 5.95, 2.125, 5.7], "texture": "#0"}
			}
		},
		{
			"from": [10.7, 9, 8.79],
			"to": [11.7, 10, 8.79],
			"rotation": {"angle": 22.5, "axis": "z", "origin": [0, 0, 0]},
			"faces": {
				"north": {"uv": [0.775, 0.775, 1.475, 1.475], "texture": "#0"},
				"east": {"uv": [1.1, 0.625, 1.1, 1.625], "texture": "#0"},
				"south": {"uv": [0.775, 0.775, 1.475, 1.475], "texture": "#0"},
				"west": {"uv": [1.075, 0.625, 1.075, 1.625], "texture": "#0"},
				"up": {"uv": [0.625, 1.125, 1.625, 1.125], "texture": "#0"},
				"down": {"uv": [0.6, 1.125, 1.6, 1.125], "texture": "#0"}
			}
		},
		{
			"from": [11.05, 10, 8.79],
			"to": [11.35, 10.3, 8.79],
			"rotation": {"angle": 22.5, "axis": "z", "origin": [0, 0, 0]},
			"faces": {
				"north": {"uv": [0.775, 0.775, 0.975, 0.975], "texture": "#0"},
				"east": {"uv": [0.875, 0.775, 0.8, 1], "texture": "#0"},
				"south": {"uv": [0.775, 0.775, 0.975, 0.975], "texture": "#0"},
				"west": {"uv": [0.875, 0.775, 0.8, 1], "texture": "#0"},
				"up": {"uv": [0.8, 0.875, 1.025, 0.8], "texture": "#0"},
				"down": {"uv": [0.8, 0.875, 1.025, 0.8], "texture": "#0"}
			}
		},
		{
			"from": [11.05, 8.7, 8.79],
			"to": [11.35, 9, 8.79],
			"rotation": {"angle": 22.5, "axis": "z", "origin": [0, 0, 0]},
			"faces": {
				"north": {"uv": [0.775, 0.775, 0.975, 0.975], "texture": "#0"},
				"east": {"uv": [0.875, 0.775, 0.8, 1], "texture": "#0"},
				"south": {"uv": [0.775, 0.775, 0.975, 0.975], "texture": "#0"},
				"west": {"uv": [0.875, 0.775, 0.8, 1], "texture": "#0"},
				"up": {"uv": [0.8, 0.875, 1.025, 0.8], "texture": "#0"},
				"down": {"uv": [0.8, 0.875, 1.025, 0.8], "texture": "#0"}
			}
		},
		{
			"from": [11.7, 9.35, 8.79],
			"to": [12, 9.65, 8.79],
			"rotation": {"angle": 22.5, "axis": "z", "origin": [0, 0, 0]},
			"faces": {
				"north": {"uv": [0.775, 0.775, 0.975, 0.975], "texture": "#0"},
				"east": {"uv": [0.875, 0.775, 0.8, 1], "texture": "#0"},
				"south": {"uv": [0.775, 0.775, 0.975, 0.975], "texture": "#0"},
				"west": {"uv": [0.875, 0.775, 0.8, 1], "texture": "#0"},
				"up": {"uv": [0.8, 0.875, 1.025, 0.8], "texture": "#0"},
				"down": {"uv": [0.8, 0.875, 1.025, 0.8], "texture": "#0"}
			}
		},
		{
			"from": [10.4, 9.35, 8.79],
			"to": [10.7, 9.65, 8.79],
			"rotation": {"angle": 22.5, "axis": "z", "origin": [0, 0, 0]},
			"faces": {
				"north": {"uv": [0.775, 0.775, 0.975, 0.975], "texture": "#0"},
				"east": {"uv": [0.875, 0.775, 0.8, 1], "texture": "#0"},
				"south": {"uv": [0.775, 0.775, 0.975, 0.975], "texture": "#0"},
				"west": {"uv": [0.875, 0.775, 0.8, 1], "texture": "#0"},
				"up": {"uv": [0.8, 0.875, 1.025, 0.8], "texture": "#0"},
				"down": {"uv": [0.8, 0.875, 1.025, 0.8], "texture": "#0"}
			}
		},
		{
			"from": [10.7, 9, 9.1],
			"to": [11.7, 10, 9.1],
			"rotation": {"angle": 22.5, "axis": "z", "origin": [0, 0, 0]},
			"faces": {
				"north": {"uv": [0.775, 0.775, 1.475, 1.475], "texture": "#0"},
				"east": {"uv": [1.1, 0.625, 1.1, 1.625], "texture": "#0"},
				"south": {"uv": [0.775, 0.775, 1.475, 1.475], "texture": "#0"},
				"west": {"uv": [1.075, 0.625, 1.075, 1.625], "texture": "#0"},
				"up": {"uv": [0.625, 1.125, 1.625, 1.125], "texture": "#0"},
				"down": {"uv": [0.6, 1.125, 1.6, 1.125], "texture": "#0"}
			}
		},
		{
			"from": [11.05, 10, 9.1],
			"to": [11.35, 10.3, 9.1],
			"rotation": {"angle": 22.5, "axis": "z", "origin": [0, 0, 0]},
			"faces": {
				"north": {"uv": [0.775, 0.775, 0.975, 0.975], "texture": "#0"},
				"east": {"uv": [0.875, 0.775, 0.8, 1], "texture": "#0"},
				"south": {"uv": [0.775, 0.775, 0.975, 0.975], "texture": "#0"},
				"west": {"uv": [0.875, 0.775, 0.8, 1], "texture": "#0"},
				"up": {"uv": [0.8, 0.875, 1.025, 0.8], "texture": "#0"},
				"down": {"uv": [0.8, 0.875, 1.025, 0.8], "texture": "#0"}
			}
		},
		{
			"from": [11.05, 8.7, 9.1],
			"to": [11.35, 9, 9.1],
			"rotation": {"angle": 22.5, "axis": "z", "origin": [0, 0, 0]},
			"faces": {
				"north": {"uv": [0.775, 0.775, 0.975, 0.975], "texture": "#0"},
				"east": {"uv": [0.875, 0.775, 0.8, 1], "texture": "#0"},
				"south": {"uv": [0.775, 0.775, 0.975, 0.975], "texture": "#0"},
				"west": {"uv": [0.875, 0.775, 0.8, 1], "texture": "#0"},
				"up": {"uv": [0.8, 0.875, 1.025, 0.8], "texture": "#0"},
				"down": {"uv": [0.8, 0.875, 1.025, 0.8], "texture": "#0"}
			}
		},
		{
			"from": [11.7, 9.35, 9.1],
			"to": [12, 9.65, 9.1],
			"rotation": {"angle": 22.5, "axis": "z", "origin": [0, 0, 0]},
			"faces": {
				"north": {"uv": [0.775, 0.775, 0.975, 0.975], "texture": "#0"},
				"east": {"uv": [0.875, 0.775, 0.8, 1], "texture": "#0"},
				"south": {"uv": [0.775, 0.775, 0.975, 0.975], "texture": "#0"},
				"west": {"uv": [0.875, 0.775, 0.8, 1], "texture": "#0"},
				"up": {"uv": [0.8, 0.875, 1.025, 0.8], "texture": "#0"},
				"down": {"uv": [0.8, 0.875, 1.025, 0.8], "texture": "#0"}
			}
		},
		{
			"from": [10.4, 9.35, 9.1],
			"to": [10.7, 9.65, 9.1],
			"rotation": {"angle": 22.5, "axis": "z", "origin": [0, 0, 0]},
			"faces": {
				"north": {"uv": [0.775, 0.775, 0.975, 0.975], "texture": "#0"},
				"east": {"uv": [0.875, 0.775, 0.8, 1], "texture": "#0"},
				"south": {"uv": [0.775, 0.775, 0.975, 0.975], "texture": "#0"},
				"west": {"uv": [0.875, 0.775, 0.8, 1], "texture": "#0"},
				"up": {"uv": [0.8, 0.875, 1.025, 0.8], "texture": "#0"},
				"down": {"uv": [0.8, 0.875, 1.025, 0.8], "texture": "#0"}
			}
		},
		{
			"from": [14.9, 19.3, 8.79],
			"to": [15.9, 20.3, 8.79],
			"rotation": {"angle": 22.5, "axis": "z", "origin": [0, 0, 0]},
			"faces": {
				"north": {"uv": [0.775, 0.775, 1.475, 1.475], "texture": "#0"},
				"east": {"uv": [1.1, 0.625, 1.1, 1.625], "texture": "#0"},
				"south": {"uv": [0.775, 0.775, 1.475, 1.475], "texture": "#0"},
				"west": {"uv": [1.075, 0.625, 1.075, 1.625], "texture": "#0"},
				"up": {"uv": [0.625, 1.125, 1.625, 1.125], "texture": "#0"},
				"down": {"uv": [0.6, 1.125, 1.6, 1.125], "texture": "#0"}
			}
		},
		{
			"from": [15.25, 20.3, 8.79],
			"to": [15.55, 20.6, 8.79],
			"rotation": {"angle": 22.5, "axis": "z", "origin": [0, 0, 0]},
			"faces": {
				"north": {"uv": [0.775, 0.775, 0.975, 0.975], "texture": "#0"},
				"east": {"uv": [0.875, 0.775, 0.8, 1], "texture": "#0"},
				"south": {"uv": [0.775, 0.775, 0.975, 0.975], "texture": "#0"},
				"west": {"uv": [0.875, 0.775, 0.8, 1], "texture": "#0"},
				"up": {"uv": [0.8, 0.875, 1.025, 0.8], "texture": "#0"},
				"down": {"uv": [0.8, 0.875, 1.025, 0.8], "texture": "#0"}
			}
		},
		{
			"from": [15.25, 19, 8.79],
			"to": [15.55, 19.3, 8.79],
			"rotation": {"angle": 22.5, "axis": "z", "origin": [0, 0, 0]},
			"faces": {
				"north": {"uv": [0.775, 0.775, 0.975, 0.975], "texture": "#0"},
				"east": {"uv": [0.875, 0.775, 0.8, 1], "texture": "#0"},
				"south": {"uv": [0.775, 0.775, 0.975, 0.975], "texture": "#0"},
				"west": {"uv": [0.875, 0.775, 0.8, 1], "texture": "#0"},
				"up": {"uv": [0.8, 0.875, 1.025, 0.8], "texture": "#0"},
				"down": {"uv": [0.8, 0.875, 1.025, 0.8], "texture": "#0"}
			}
		},
		{
			"from": [15.9, 19.65, 8.79],
			"to": [16.2, 19.95, 8.79],
			"rotation": {"angle": 22.5, "axis": "z", "origin": [0, 0, 0]},
			"faces": {
				"north": {"uv": [0.775, 0.775, 0.975, 0.975], "texture": "#0"},
				"east": {"uv": [0.875, 0.775, 0.8, 1], "texture": "#0"},
				"south": {"uv": [0.775, 0.775, 0.975, 0.975], "texture": "#0"},
				"west": {"uv": [0.875, 0.775, 0.8, 1], "texture": "#0"},
				"up": {"uv": [0.8, 0.875, 1.025, 0.8], "texture": "#0"},
				"down": {"uv": [0.8, 0.875, 1.025, 0.8], "texture": "#0"}
			}
		},
		{
			"from": [14.6, 19.65, 8.79],
			"to": [14.9, 19.95, 8.79],
			"rotation": {"angle": 22.5, "axis": "z", "origin": [0, 0, 0]},
			"faces": {
				"north": {"uv": [0.775, 0.775, 0.975, 0.975], "texture": "#0"},
				"east": {"uv": [0.875, 0.775, 0.8, 1], "texture": "#0"},
				"south": {"uv": [0.775, 0.775, 0.975, 0.975], "texture": "#0"},
				"west": {"uv": [0.875, 0.775, 0.8, 1], "texture": "#0"},
				"up": {"uv": [0.8, 0.875, 1.025, 0.8], "texture": "#0"},
				"down": {"uv": [0.8, 0.875, 1.025, 0.8], "texture": "#0"}
			}
		},
		{
			"from": [14.9, 19.3, 9.1],
			"to": [15.9, 20.3, 9.1],
			"rotation": {"angle": 22.5, "axis": "z", "origin": [0, 0, 0]},
			"faces": {
				"north": {"uv": [0.775, 0.775, 1.475, 1.475], "texture": "#0"},
				"east": {"uv": [1.1, 0.625, 1.1, 1.625], "texture": "#0"},
				"south": {"uv": [0.775, 0.775, 1.475, 1.475], "texture": "#0"},
				"west": {"uv": [1.075, 0.625, 1.075, 1.625], "texture": "#0"},
				"up": {"uv": [0.625, 1.125, 1.625, 1.125], "texture": "#0"},
				"down": {"uv": [0.6, 1.125, 1.6, 1.125], "texture": "#0"}
			}
		},
		{
			"from": [15.25, 20.3, 9.1],
			"to": [15.55, 20.6, 9.1],
			"rotation": {"angle": 22.5, "axis": "z", "origin": [0, 0, 0]},
			"faces": {
				"north": {"uv": [0.775, 0.775, 0.975, 0.975], "texture": "#0"},
				"east": {"uv": [0.875, 0.775, 0.8, 1], "texture": "#0"},
				"south": {"uv": [0.775, 0.775, 0.975, 0.975], "texture": "#0"},
				"west": {"uv": [0.875, 0.775, 0.8, 1], "texture": "#0"},
				"up": {"uv": [0.8, 0.875, 1.025, 0.8], "texture": "#0"},
				"down": {"uv": [0.8, 0.875, 1.025, 0.8], "texture": "#0"}
			}
		},
		{
			"from": [15.25, 19, 9.1],
			"to": [15.55, 19.3, 9.1],
			"rotation": {"angle": 22.5, "axis": "z", "origin": [0, 0, 0]},
			"faces": {
				"north": {"uv": [0.775, 0.775, 0.975, 0.975], "texture": "#0"},
				"east": {"uv": [0.875, 0.775, 0.8, 1], "texture": "#0"},
				"south": {"uv": [0.775, 0.775, 0.975, 0.975], "texture": "#0"},
				"west": {"uv": [0.875, 0.775, 0.8, 1], "texture": "#0"},
				"up": {"uv": [0.8, 0.875, 1.025, 0.8], "texture": "#0"},
				"down": {"uv": [0.8, 0.875, 1.025, 0.8], "texture": "#0"}
			}
		},
		{
			"from": [15.9, 19.65, 9.1],
			"to": [16.2, 19.95, 9.1],
			"rotation": {"angle": 22.5, "axis": "z", "origin": [0, 0, 0]},
			"faces": {
				"north": {"uv": [0.775, 0.775, 0.975, 0.975], "texture": "#0"},
				"east": {"uv": [0.875, 0.775, 0.8, 1], "texture": "#0"},
				"south": {"uv": [0.775, 0.775, 0.975, 0.975], "texture": "#0"},
				"west": {"uv": [0.875, 0.775, 0.8, 1], "texture": "#0"},
				"up": {"uv": [0.8, 0.875, 1.025, 0.8], "texture": "#0"},
				"down": {"uv": [0.8, 0.875, 1.025, 0.8], "texture": "#0"}
			}
		},
		{
			"from": [14.6, 19.65, 9.1],
			"to": [14.9, 19.95, 9.1],
			"rotation": {"angle": 22.5, "axis": "z", "origin": [0, 0, 0]},
			"faces": {
				"north": {"uv": [0.775, 0.775, 0.975, 0.975], "texture": "#0"},
				"east": {"uv": [0.875, 0.775, 0.8, 1], "texture": "#0"},
				"south": {"uv": [0.775, 0.775, 0.975, 0.975], "texture": "#0"},
				"west": {"uv": [0.875, 0.775, 0.8, 1], "texture": "#0"},
				"up": {"uv": [0.8, 0.875, 1.025, 0.8], "texture": "#0"},
				"down": {"uv": [0.8, 0.875, 1.025, 0.8], "texture": "#0"}
			}
		},
		{
			"from": [1.2, 20.3, 8.79],
			"to": [2.2, 21.3, 8.79],
			"rotation": {"angle": -22.5, "axis": "z", "origin": [0, 0, 0]},
			"faces": {
				"north": {"uv": [0.775, 0.775, 1.475, 1.475], "texture": "#0"},
				"east": {"uv": [1.1, 0.625, 1.1, 1.625], "texture": "#0"},
				"south": {"uv": [0.775, 0.775, 1.475, 1.475], "texture": "#0"},
				"west": {"uv": [1.075, 0.625, 1.075, 1.625], "texture": "#0"},
				"up": {"uv": [0.625, 1.125, 1.625, 1.125], "texture": "#0"},
				"down": {"uv": [0.6, 1.125, 1.6, 1.125], "texture": "#0"}
			}
		},
		{
			"from": [1.55, 21.3, 8.79],
			"to": [1.85, 21.6, 8.79],
			"rotation": {"angle": -22.5, "axis": "z", "origin": [0, 0, 0]},
			"faces": {
				"north": {"uv": [0.775, 0.775, 0.975, 0.975], "texture": "#0"},
				"east": {"uv": [0.875, 0.775, 0.8, 1], "texture": "#0"},
				"south": {"uv": [0.775, 0.775, 0.975, 0.975], "texture": "#0"},
				"west": {"uv": [0.875, 0.775, 0.8, 1], "texture": "#0"},
				"up": {"uv": [0.8, 0.875, 1.025, 0.8], "texture": "#0"},
				"down": {"uv": [0.8, 0.875, 1.025, 0.8], "texture": "#0"}
			}
		},
		{
			"from": [1.55, 20, 8.79],
			"to": [1.85, 20.3, 8.79],
			"rotation": {"angle": -22.5, "axis": "z", "origin": [0, 0, 0]},
			"faces": {
				"north": {"uv": [0.775, 0.775, 0.975, 0.975], "texture": "#0"},
				"east": {"uv": [0.875, 0.775, 0.8, 1], "texture": "#0"},
				"south": {"uv": [0.775, 0.775, 0.975, 0.975], "texture": "#0"},
				"west": {"uv": [0.875, 0.775, 0.8, 1], "texture": "#0"},
				"up": {"uv": [0.8, 0.875, 1.025, 0.8], "texture": "#0"},
				"down": {"uv": [0.8, 0.875, 1.025, 0.8], "texture": "#0"}
			}
		},
		{
			"from": [2.2, 20.65, 8.79],
			"to": [2.5, 20.95, 8.79],
			"rotation": {"angle": -22.5, "axis": "z", "origin": [0, 0, 0]},
			"faces": {
				"north": {"uv": [0.775, 0.775, 0.975, 0.975], "texture": "#0"},
				"east": {"uv": [0.875, 0.775, 0.8, 1], "texture": "#0"},
				"south": {"uv": [0.775, 0.775, 0.975, 0.975], "texture": "#0"},
				"west": {"uv": [0.875, 0.775, 0.8, 1], "texture": "#0"},
				"up": {"uv": [0.8, 0.875, 1.025, 0.8], "texture": "#0"},
				"down": {"uv": [0.8, 0.875, 1.025, 0.8], "texture": "#0"}
			}
		},
		{
			"from": [0.9, 20.65, 8.79],
			"to": [1.2, 20.95, 8.79],
			"rotation": {"angle": -22.5, "axis": "z", "origin": [0, 0, 0]},
			"faces": {
				"north": {"uv": [0.775, 0.775, 0.975, 0.975], "texture": "#0"},
				"east": {"uv": [0.875, 0.775, 0.8, 1], "texture": "#0"},
				"south": {"uv": [0.775, 0.775, 0.975, 0.975], "texture": "#0"},
				"west": {"uv": [0.875, 0.775, 0.8, 1], "texture": "#0"},
				"up": {"uv": [0.8, 0.875, 1.025, 0.8], "texture": "#0"},
				"down": {"uv": [0.8, 0.875, 1.025, 0.8], "texture": "#0"}
			}
		},
		{
			"from": [1.2, 20.3, 9.1],
			"to": [2.2, 21.3, 9.1],
			"rotation": {"angle": -22.5, "axis": "z", "origin": [0, 0, 0]},
			"faces": {
				"north": {"uv": [0.775, 0.775, 1.475, 1.475], "texture": "#0"},
				"east": {"uv": [1.1, 0.625, 1.1, 1.625], "texture": "#0"},
				"south": {"uv": [0.775, 0.775, 1.475, 1.475], "texture": "#0"},
				"west": {"uv": [1.075, 0.625, 1.075, 1.625], "texture": "#0"},
				"up": {"uv": [0.625, 1.125, 1.625, 1.125], "texture": "#0"},
				"down": {"uv": [0.6, 1.125, 1.6, 1.125], "texture": "#0"}
			}
		},
		{
			"from": [1.55, 21.3, 9.1],
			"to": [1.85, 21.6, 9.1],
			"rotation": {"angle": -22.5, "axis": "z", "origin": [0, 0, 0]},
			"faces": {
				"north": {"uv": [0.775, 0.775, 0.975, 0.975], "texture": "#0"},
				"east": {"uv": [0.875, 0.775, 0.8, 1], "texture": "#0"},
				"south": {"uv": [0.775, 0.775, 0.975, 0.975], "texture": "#0"},
				"west": {"uv": [0.875, 0.775, 0.8, 1], "texture": "#0"},
				"up": {"uv": [0.8, 0.875, 1.025, 0.8], "texture": "#0"},
				"down": {"uv": [0.8, 0.875, 1.025, 0.8], "texture": "#0"}
			}
		},
		{
			"from": [1.55, 20, 9.1],
			"to": [1.85, 20.3, 9.1],
			"rotation": {"angle": -22.5, "axis": "z", "origin": [0, 0, 0]},
			"faces": {
				"north": {"uv": [0.775, 0.775, 0.975, 0.975], "texture": "#0"},
				"east": {"uv": [0.875, 0.775, 0.8, 1], "texture": "#0"},
				"south": {"uv": [0.775, 0.775, 0.975, 0.975], "texture": "#0"},
				"west": {"uv": [0.875, 0.775, 0.8, 1], "texture": "#0"},
				"up": {"uv": [0.8, 0.875, 1.025, 0.8], "texture": "#0"},
				"down": {"uv": [0.8, 0.875, 1.025, 0.8], "texture": "#0"}
			}
		},
		{
			"from": [2.2, 20.65, 9.1],
			"to": [2.5, 20.95, 9.1],
			"rotation": {"angle": -22.5, "axis": "z", "origin": [0, 0, 0]},
			"faces": {
				"north": {"uv": [0.775, 0.775, 0.975, 0.975], "texture": "#0"},
				"east": {"uv": [0.875, 0.775, 0.8, 1], "texture": "#0"},
				"south": {"uv": [0.775, 0.775, 0.975, 0.975], "texture": "#0"},
				"west": {"uv": [0.875, 0.775, 0.8, 1], "texture": "#0"},
				"up": {"uv": [0.8, 0.875, 1.025, 0.8], "texture": "#0"},
				"down": {"uv": [0.8, 0.875, 1.025, 0.8], "texture": "#0"}
			}
		},
		{
			"from": [0.9, 20.65, 9.1],
			"to": [1.2, 20.95, 9.1],
			"rotation": {"angle": -22.5, "axis": "z", "origin": [0, 0, 0]},
			"faces": {
				"north": {"uv": [0.775, 0.775, 0.975, 0.975], "texture": "#0"},
				"east": {"uv": [0.875, 0.775, 0.8, 1], "texture": "#0"},
				"south": {"uv": [0.775, 0.775, 0.975, 0.975], "texture": "#0"},
				"west": {"uv": [0.875, 0.775, 0.8, 1], "texture": "#0"},
				"up": {"uv": [0.8, 0.875, 1.025, 0.8], "texture": "#0"},
				"down": {"uv": [0.8, 0.875, 1.025, 0.8], "texture": "#0"}
			}
		}
	],
	"display": {
		"thirdperson_righthand": {
			"rotation": [0, 90, 0],
			"translation": [-0.75, 4.5, 1.75]
		},
		"thirdperson_lefthand": {
			"rotation": [0, 90, 0],
			"translation": [-0.75, 4.5, 1.75]
		},
		"firstperson_righthand": {
			"rotation": [-8.5, 83, 0],
			"translation": [0.75, 4.5, 0.25],
			"scale": [0.8, 0.8, 0.8]
		},
		"firstperson_lefthand": {
			"rotation": [-8.5, 83, 0],
			"translation": [0.75, 4.5, 0.25],
			"scale": [0.8, 0.8, 0.8]
		},
		"ground": {
			"rotation": [0, 0, 19],
			"translation": [0, 1.75, 0],
			"scale": [0.5, 0.5, 0.5]
		},
		"gui": {
			"rotation": [0, 180, 45],
			"translation": [-2.25, -2, 0],
			"scale": [0.65, 0.65, 0.65]
		},
		"fixed": {
			"rotation": [0, 0, 45],
			"translation": [2.75, -2.75, 0],
			"scale": [0.8, 0.8, 0.8]
		}
	},
	"groups": [
		0,
		{
			"name": "bow",
			"origin": [0, 0, 0],
			"color": 0,
			"children": [1, 2, 3]
		},
		4,
		5,
		6,
		7,
		8,
		9,
		10,
		11,
		12,
		13,
		{
			"name": "whiskers",
			"origin": [0, 0, 0],
			"color": 0,
			"children": [14, 15, 16, 17, 18, 19]
		},
		{
			"name": "flower",
			"origin": [8, 8, 8],
			"color": 0,
			"children": [20, 21, 22, 23, 24]
		},
		{
			"name": "flower",
			"origin": [8, 8, 8],
			"color": 0,
			"children": [25, 26, 27, 28, 29]
		},
		{
			"name": "flower",
			"origin": [8, 8, 8],
			"color": 0,
			"children": [30, 31, 32, 33, 34]
		},
		{
			"name": "flower",
			"origin": [8, 8, 8],
			"color": 0,
			"children": [35, 36, 37, 38, 39]
		},
		{
			"name": "flower",
			"origin": [8, 8, 8],
			"color": 0,
			"children": [40, 41, 42, 43, 44]
		},
		{
			"name": "flower",
			"origin": [8, 8, 8],
			"color": 0,
			"children": [45, 46, 47, 48, 49]
		}
	]
}