{
	"credit": "Made by HQEli",
	"texture_size": [32, 32],
	"textures": {
		"0": "item/snowy_creeper_buddy",
		"particle": "item/snowy_creeper_buddy"
	},
	"elements": [
		{
			"from": [6, 3, 6],
			"to": [10, 9, 9],
			"faces": {
				"north": {"uv": [7.5, 9, 9.5, 12], "texture": "#0"},
				"east": {"uv": [7.5, 9, 9, 12], "texture": "#0"},
				"south": {"uv": [7.5, 9, 9.5, 12], "texture": "#0"},
				"west": {"uv": [7.5, 9, 9, 12], "texture": "#0"},
				"up": {"uv": [7.5, 9, 9.5, 10.5], "texture": "#0"},
				"down": {"uv": [7.5, 9, 9.5, 10.5], "texture": "#0"}
			}
		},
		{
			"from": [5, 9, 4.5],
			"to": [11, 15, 10.5],
			"faces": {
				"north": {"uv": [1, 10.5, 5, 14.5], "texture": "#0"},
				"east": {"uv": [7, 11, 10, 14], "texture": "#0"},
				"south": {"uv": [7, 11, 10, 14], "texture": "#0"},
				"west": {"uv": [7, 11, 10, 14], "texture": "#0"},
				"up": {"uv": [10, 14, 7, 11], "texture": "#0"},
				"down": {"uv": [10, 11, 7, 14], "texture": "#0"}
			}
		},
		{
			"from": [5, 2.6, 5],
			"to": [7, 4.6, 7],
			"faces": {
				"north": {"uv": [7.5, 9, 8.5, 10], "texture": "#0"},
				"east": {"uv": [7.5, 9, 8.5, 10], "texture": "#0"},
				"south": {"uv": [7.5, 9, 8.5, 10], "texture": "#0"},
				"west": {"uv": [7.5, 9, 8.5, 10], "texture": "#0"},
				"up": {"uv": [7.5, 9, 8.5, 10], "texture": "#0"},
				"down": {"uv": [7.5, 9, 8.5, 10], "texture": "#0"}
			}
		},
		{
			"from": [5, 2.6, 8],
			"to": [7, 4.6, 10],
			"faces": {
				"north": {"uv": [7.5, 9, 8.5, 10], "texture": "#0"},
				"east": {"uv": [7.5, 9, 8.5, 10], "texture": "#0"},
				"south": {"uv": [7.5, 9, 8.5, 10], "texture": "#0"},
				"west": {"uv": [7.5, 9, 8.5, 10], "texture": "#0"},
				"up": {"uv": [7.5, 9, 8.5, 10], "texture": "#0"},
				"down": {"uv": [7.5, 9, 8.5, 10], "texture": "#0"}
			}
		},
		{
			"from": [9, 2.6, 5],
			"to": [11, 4.6, 7],
			"faces": {
				"north": {"uv": [7.5, 9, 8.5, 10], "texture": "#0"},
				"east": {"uv": [7.5, 9, 8.5, 10], "texture": "#0"},
				"south": {"uv": [7.5, 9, 8.5, 10], "texture": "#0"},
				"west": {"uv": [7.5, 9, 8.5, 10], "texture": "#0"},
				"up": {"uv": [7.5, 9, 8.5, 10], "texture": "#0"},
				"down": {"uv": [7.5, 9, 8.5, 10], "texture": "#0"}
			}
		},
		{
			"from": [9, 2.6, 8],
			"to": [11, 4.6, 10],
			"faces": {
				"north": {"uv": [7.5, 9, 8.5, 10], "texture": "#0"},
				"east": {"uv": [7.5, 9, 8.5, 10], "texture": "#0"},
				"south": {"uv": [7.5, 9, 8.5, 10], "texture": "#0"},
				"west": {"uv": [7.5, 9, 8.5, 10], "texture": "#0"},
				"up": {"uv": [7.5, 9, 8.5, 10], "texture": "#0"},
				"down": {"uv": [7.5, 9, 8.5, 10], "texture": "#0"}
			}
		},
		{
			"from": [4.5, 14.4, 4],
			"to": [11.5, 16.4, 11],
			"rotation": {"angle": 0, "axis": "y", "origin": [8, 15.4, 7.5]},
			"faces": {
				"north": {"uv": [6.5, 6.5, 10, 7.5], "texture": "#0"},
				"east": {"uv": [6.5, 6.5, 10, 7.5], "texture": "#0"},
				"south": {"uv": [6.5, 6.5, 10, 7.5], "texture": "#0"},
				"west": {"uv": [6.5, 6.5, 10, 7.5], "texture": "#0"},
				"up": {"uv": [7, 6, 10.5, 9.5], "texture": "#0"},
				"down": {"uv": [7, 6, 10.5, 9.5], "texture": "#0"}
			}
		},
		{
			"from": [5.5, 16.2, -1.9],
			"to": [10.5, 19.2, 3.1],
			"rotation": {"angle": 22.5, "axis": "x", "origin": [0, 0, 0]},
			"faces": {
				"north": {"uv": [3, 1, 5.5, 2.5], "texture": "#0"},
				"east": {"uv": [0, 0, 2.5, 1.5], "texture": "#0"},
				"south": {"uv": [0, 0, 2.5, 1.5], "texture": "#0"},
				"west": {"uv": [0, 0, 2.5, 1.5], "texture": "#0"},
				"up": {"uv": [0, 0, 2.5, 2.5], "texture": "#0"},
				"down": {"uv": [0, 0, 2.5, 2.5], "texture": "#0"}
			}
		},
		{
			"from": [6.5, 16.4, -8.4],
			"to": [9.5, 19.4, -5.4],
			"rotation": {"angle": 45, "axis": "x", "origin": [0, 0, 0]},
			"faces": {
				"north": {"uv": [0, 0, 1.5, 1.5], "texture": "#0"},
				"east": {"uv": [0, 0, 1.5, 1.5], "texture": "#0"},
				"south": {"uv": [0, 0, 1.5, 1.5], "texture": "#0"},
				"west": {"uv": [0, 0, 1.5, 1.5], "texture": "#0"},
				"up": {"uv": [0, 0, 1.5, 1.5], "texture": "#0"},
				"down": {"uv": [0, 0, 1.5, 1.5], "texture": "#0"}
			}
		},
		{
			"from": [7.5, 19.4, -7.4],
			"to": [8.5, 20.4, -3.4],
			"rotation": {"angle": 45, "axis": "x", "origin": [0, 0, 0]},
			"faces": {
				"north": {"uv": [0, 0, 0.5, 0.5], "texture": "#0"},
				"east": {"uv": [0, 0, 2, 0.5], "texture": "#0"},
				"south": {"uv": [0, 0, 0.5, 0.5], "texture": "#0"},
				"west": {"uv": [0, 0, 2, 0.5], "texture": "#0"},
				"up": {"uv": [0, 0, 0.5, 2], "texture": "#0"},
				"down": {"uv": [0, 0, 0.5, 2], "texture": "#0"}
			}
		},
		{
			"from": [7, 15, 11.1],
			"to": [9, 17, 13.1],
			"faces": {
				"north": {"uv": [7.5, 9, 8.5, 10], "texture": "#0"},
				"east": {"uv": [7.5, 9, 8.5, 10], "texture": "#0"},
				"south": {"uv": [7.5, 9, 8.5, 10], "texture": "#0"},
				"west": {"uv": [7.5, 9, 8.5, 10], "texture": "#0"},
				"up": {"uv": [7.5, 9, 8.5, 10], "texture": "#0"},
				"down": {"uv": [7.5, 9, 8.5, 10], "texture": "#0"}
			}
		},
		{
			"from": [7.5, 11, 4],
			"to": [8.5, 12, 5],
			"faces": {
				"north": {"uv": [7, 2, 7.5, 2.5], "texture": "#0"},
				"east": {"uv": [7, 2, 7.5, 2.5], "texture": "#0"},
				"south": {"uv": [7, 2, 7.5, 2.5], "texture": "#0"},
				"west": {"uv": [7, 2, 7.5, 2.5], "texture": "#0"},
				"up": {"uv": [7, 2, 7.5, 2.5], "texture": "#0"},
				"down": {"uv": [7, 2, 7.5, 2.5], "texture": "#0"}
			}
		},
		{
			"from": [7.6, 11.1, 3.4],
			"to": [8.4, 11.9, 4],
			"faces": {
				"north": {"uv": [7, 2, 7.4, 2.4], "texture": "#0"},
				"east": {"uv": [7, 2, 7.3, 2.4], "texture": "#0"},
				"south": {"uv": [7, 2, 7.4, 2.4], "texture": "#0"},
				"west": {"uv": [7, 2, 7.3, 2.4], "texture": "#0"},
				"up": {"uv": [7, 2, 7.4, 2.3], "texture": "#0"},
				"down": {"uv": [7, 2, 7.4, 2.3], "texture": "#0"}
			}
		},
		{
			"from": [7.7, 11.2, 2.8],
			"to": [8.3, 11.8, 3.4],
			"faces": {
				"north": {"uv": [7, 2, 7.4, 2.4], "texture": "#0"},
				"east": {"uv": [7, 2, 7.3, 2.4], "texture": "#0"},
				"south": {"uv": [7, 2, 7.4, 2.4], "texture": "#0"},
				"west": {"uv": [7, 2, 7.3, 2.4], "texture": "#0"},
				"up": {"uv": [7, 2, 7.4, 2.3], "texture": "#0"},
				"down": {"uv": [7, 2, 7.4, 2.3], "texture": "#0"}
			}
		}
	],
	"display": {
		"thirdperson_righthand": {
			"translation": [0, 0, 1.25],
			"scale": [0.5, 0.5, 0.5]
		},
		"thirdperson_lefthand": {
			"rotation": [90, 0, 0],
			"translation": [0.5, -2, 13.25],
			"scale": [0.26, 0.26, 0.26]
		},
		"firstperson_righthand": {
			"translation": [2.25, 0, 0],
			"scale": [0.5, 0.5, 0.5]
		},
		"firstperson_lefthand": {
			"translation": [39.25, 0, 0],
			"scale": [0, 0, 0]
		},
		"ground": {
			"scale": [0.5, 0.5, 0.5]
		},
		"gui": {
			"rotation": [0, 171, 0],
			"translation": [0, -2.5, 0],
			"scale": [0.8, 0.8, 0.8]
		},
		"fixed": {
			"translation": [0, -2.75, 0]
		}
	}
}