{
	"credit": "Made with Blockbench",
	"texture_size": [128, 128],
	"textures": {
		"0": "item/the_black_hole",
		"particle": "item/the_black_hole"
	},
	"elements": [
		{
			"from": [7.5, 29.5, 8],
			"to": [8.5, 31, 9],
			"faces": {
				"north": {"uv": [0.625, 1.125, 0.75, 1.3125], "texture": "#0"},
				"east": {"uv": [0.625, 1.125, 0.75, 1.3125], "texture": "#0"},
				"south": {"uv": [0.625, 1.125, 0.75, 1.3125], "texture": "#0"},
				"west": {"uv": [0.625, 1.125, 0.75, 1.3125], "texture": "#0"},
				"up": {"uv": [0.625, 1.125, 0.75, 1.25], "texture": "#0"},
				"down": {"uv": [0.625, 1.125, 0.75, 1.25], "texture": "#0"}
			}
		},
		{
			"from": [7, 28, 8],
			"to": [9, 29.5, 9],
			"faces": {
				"north": {"uv": [0.5625, 1.375, 0.8125, 1.5625], "texture": "#0"},
				"east": {"uv": [0.625, 1.375, 0.75, 1.5625], "texture": "#0"},
				"south": {"uv": [0.5625, 1.375, 0.8125, 1.5625], "texture": "#0"},
				"west": {"uv": [0.625, 1.375, 0.75, 1.5625], "texture": "#0"},
				"up": {"uv": [0.5625, 1.4125, 0.8125, 1.5375], "texture": "#0"},
				"down": {"uv": [0.5625, 1.3875, 0.8125, 1.5125], "texture": "#0"}
			}
		},
		{
			"from": [6.5, 25, 8],
			"to": [9.5, 28, 9],
			"faces": {
				"north": {"uv": [0.5, 1.625, 0.875, 2], "texture": "#0"},
				"east": {"uv": [0.625, 1.625, 0.75, 2], "texture": "#0"},
				"south": {"uv": [0.5, 1.625, 0.875, 2], "texture": "#0"},
				"west": {"uv": [0.625, 1.625, 0.75, 2], "texture": "#0"},
				"up": {"uv": [0.5, 1.625, 0.875, 1.75], "texture": "#0"},
				"down": {"uv": [0.5, 1.625, 0.875, 1.75], "texture": "#0"}
			}
		},
		{
			"from": [6, 22, 8],
			"to": [10, 25, 9],
			"faces": {
				"north": {"uv": [0.4375, 2.125, 0.9375, 2.5], "texture": "#0"},
				"east": {"uv": [0.375, 2.125, 0.5, 2.5], "texture": "#0"},
				"south": {"uv": [0.4375, 2.125, 0.9375, 2.5], "texture": "#0"},
				"west": {"uv": [0.875, 2.125, 1, 2.5], "texture": "#0"},
				"up": {"uv": [0.5, 2, 0.8625, 2.125], "texture": "#0"},
				"down": {"uv": [0.4375, 2.125, 0.9375, 2.25], "texture": "#0"}
			}
		},
		{
			"from": [9, -2, 8],
			"to": [10.5, 22, 9],
			"faces": {
				"north": {"uv": [0.275, 2.5, 0.4875, 4.4875], "texture": "#0"},
				"east": {"uv": [0.3, 2.5, 0.425, 4.5], "texture": "#0"},
				"south": {"uv": [0.275, 2.5, 0.4875, 4.4875], "texture": "#0"},
				"west": {"uv": [0.7625, 5.25, 0.8875, 7.2375], "texture": "#0"},
				"up": {"uv": [0.3, 2.5, 0.4875, 2.625], "texture": "#0"},
				"down": {"uv": [0.3, 2.5, 0.4875, 2.625], "texture": "#0"}
			}
		},
		{
			"from": [5.5, -2, 8],
			"to": [7, 22, 9],
			"faces": {
				"north": {"uv": [0.875, 2.5, 1.1, 4.4875], "texture": "#0"},
				"east": {"uv": [0.75, 5.25, 0.875, 7.25], "texture": "#0"},
				"south": {"uv": [0.875, 2.5, 1.1, 4.4875], "texture": "#0"},
				"west": {"uv": [0.875, 2.5, 1, 4.5], "texture": "#0"},
				"up": {"uv": [0.875, 2.5, 1.0625, 2.625], "texture": "#0"},
				"down": {"uv": [0.875, 2.5, 1.0625, 2.625], "texture": "#0"}
			}
		},
		{
			"from": [7, 16, 8],
			"to": [9, 22, 9],
			"faces": {
				"north": {"uv": [0.75, 2.5, 1, 3.25], "texture": "#0"},
				"east": {"uv": [0.75, 2.5, 0.875, 3.25], "texture": "#0"},
				"south": {"uv": [0.75, 2.5, 1, 3.25], "texture": "#0"},
				"west": {"uv": [0.75, 2.5, 0.875, 3.25], "texture": "#0"},
				"up": {"uv": [0.5625, 2.5, 0.8125, 2.625], "texture": "#0"},
				"down": {"uv": [0.6875, 5.375, 0.9375, 5.5], "texture": "#0"}
			}
		},
		{
			"from": [7, -2, 8],
			"to": [9, 4, 9],
			"faces": {
				"north": {"uv": [0.5625, 4.125, 0.8125, 4.875], "texture": "#0"},
				"east": {"uv": [0.625, 4.125, 0.75, 4.875], "texture": "#0"},
				"south": {"uv": [0.5625, 4.125, 0.8125, 4.875], "texture": "#0"},
				"west": {"uv": [0.625, 4.125, 0.75, 4.875], "texture": "#0"},
				"up": {"uv": [0.8125, 5.5, 1.0625, 5.625], "texture": "#0"},
				"down": {"uv": [0.5625, 4.125, 0.8125, 4.25], "texture": "#0"}
			}
		},
		{
			"from": [8.3, 4, 8],
			"to": [9, 4.9, 9],
			"faces": {
				"north": {"uv": [0.875, 3.5, 0.9625, 3.5875], "texture": "#0"},
				"east": {"uv": [0.875, 3.5, 1, 3.5875], "texture": "#0"},
				"south": {"uv": [0.875, 3.5, 0.9625, 3.5875], "texture": "#0"},
				"west": {"uv": [0.875, 5.625, 1, 5.7125], "texture": "#0"},
				"up": {"uv": [0.75, 5.25, 0.8375, 5.375], "texture": "#0"},
				"down": {"uv": [0.875, 3.5, 0.9625, 3.625], "texture": "#0"}
			}
		},
		{
			"from": [7, 4, 8],
			"to": [7.7, 4.9, 9],
			"faces": {
				"north": {"uv": [0.375, 4.125, 0.4625, 4.2125], "texture": "#0"},
				"east": {"uv": [0.75, 5.25, 0.875, 5.3375], "texture": "#0"},
				"south": {"uv": [0.375, 4.125, 0.4625, 4.2125], "texture": "#0"},
				"west": {"uv": [0.75, 5.5, 0.875, 5.5875], "texture": "#0"},
				"up": {"uv": [0.625, 5.5, 0.7125, 5.625], "texture": "#0"},
				"down": {"uv": [0.375, 4.125, 0.4625, 4.25], "texture": "#0"}
			}
		},
		{
			"from": [7, 15.1, 8],
			"to": [7.7, 16, 9],
			"faces": {
				"north": {"uv": [0.575, 3.025, 0.6625, 3.1125], "texture": "#0"},
				"east": {"uv": [0.825, 5.275, 0.95, 5.3625], "texture": "#0"},
				"south": {"uv": [0.575, 3.025, 0.6625, 3.1125], "texture": "#0"},
				"west": {"uv": [0.575, 3.025, 0.7, 3.1125], "texture": "#0"},
				"up": {"uv": [0.575, 3.025, 0.6625, 3.15], "texture": "#0"},
				"down": {"uv": [0.7, 5.4, 0.7875, 5.525], "texture": "#0"}
			}
		},
		{
			"from": [8.3, 15.1, 8],
			"to": [9, 16, 9],
			"faces": {
				"north": {"uv": [0.575, 3.025, 0.6625, 3.1125], "texture": "#0"},
				"east": {"uv": [0.575, 3.025, 0.7, 3.1125], "texture": "#0"},
				"south": {"uv": [0.575, 3.025, 0.6625, 3.1125], "texture": "#0"},
				"west": {"uv": [0.7, 5.275, 0.825, 5.3625], "texture": "#0"},
				"up": {"uv": [0.575, 3.025, 0.6625, 3.15], "texture": "#0"},
				"down": {"uv": [0.7, 5.4, 0.7875, 5.525], "texture": "#0"}
			}
		},
		{
			"from": [4.5, 20, 8],
			"to": [5, 22.5, 9],
			"faces": {
				"north": {"uv": [0.5375, 2.4, 0.6625, 2.85], "texture": "#0"},
				"east": {"uv": [0.5375, 2.4, 0.725, 2.85], "texture": "#0"},
				"south": {"uv": [0.5375, 2.4, 0.6625, 2.85], "texture": "#0"},
				"west": {"uv": [0.5375, 2.4, 0.725, 2.85], "texture": "#0"},
				"up": {"uv": [0.5375, 2.4, 0.6625, 2.6625], "texture": "#0"},
				"down": {"uv": [0.5375, 2.4, 0.6625, 2.6625], "texture": "#0"}
			}
		},
		{
			"from": [4, 20.5, 8],
			"to": [4.5, 22, 9],
			"faces": {
				"north": {"uv": [0.5375, 2.4, 0.6625, 2.725], "texture": "#0"},
				"east": {"uv": [0.5375, 2.4, 0.725, 2.725], "texture": "#0"},
				"south": {"uv": [0.5375, 2.4, 0.6625, 2.725], "texture": "#0"},
				"west": {"uv": [0.5375, 2.4, 0.725, 2.725], "texture": "#0"},
				"up": {"uv": [0.5375, 2.4, 0.6625, 2.6625], "texture": "#0"},
				"down": {"uv": [0.5375, 2.4, 0.6625, 2.6625], "texture": "#0"}
			}
		},
		{
			"from": [5, 19.5, 8],
			"to": [5.5, 21, 9],
			"faces": {
				"north": {"uv": [0.5375, 2.4, 0.6625, 2.725], "texture": "#0"},
				"east": {"uv": [0.5375, 2.4, 0.725, 2.725], "texture": "#0"},
				"south": {"uv": [0.5375, 2.4, 0.6625, 2.725], "texture": "#0"},
				"west": {"uv": [0.5375, 2.4, 0.725, 2.725], "texture": "#0"},
				"up": {"uv": [0.5375, 2.4, 0.6625, 2.6625], "texture": "#0"},
				"down": {"uv": [0.5375, 2.4, 0.6625, 2.6625], "texture": "#0"}
			}
		},
		{
			"from": [5, 0.5, 8],
			"to": [5.5, 2, 9],
			"faces": {
				"north": {"uv": [0.925, 3.7875, 1.025, 4.2125], "texture": "#0"},
				"east": {"uv": [0.925, 3.7875, 1.0875, 4.2125], "texture": "#0"},
				"south": {"uv": [0.925, 3.7875, 1.025, 4.2125], "texture": "#0"},
				"west": {"uv": [0.925, 3.7875, 1.0875, 4.2125], "texture": "#0"},
				"up": {"uv": [0.925, 3.7875, 1.025, 4.15], "texture": "#0"},
				"down": {"uv": [0.925, 3.7875, 1.025, 4.15], "texture": "#0"}
			}
		},
		{
			"from": [4, 3, 8],
			"to": [4.5, 4, 9],
			"faces": {
				"north": {"uv": [0.925, 3.7875, 1.025, 4.15], "texture": "#0"},
				"east": {"uv": [0.925, 3.7875, 1.0875, 4.15], "texture": "#0"},
				"south": {"uv": [0.925, 3.7875, 1.025, 4.15], "texture": "#0"},
				"west": {"uv": [0.925, 3.7875, 1.0875, 4.15], "texture": "#0"},
				"up": {"uv": [0.925, 3.7875, 1.025, 4.15], "texture": "#0"},
				"down": {"uv": [0.925, 3.7875, 1.025, 4.15], "texture": "#0"}
			}
		},
		{
			"from": [4.5, 1, 8],
			"to": [5, 3.5, 9],
			"faces": {
				"north": {"uv": [0.925, 3.7875, 1.025, 4.3375], "texture": "#0"},
				"east": {"uv": [0.925, 3.7875, 1.0875, 4.3375], "texture": "#0"},
				"south": {"uv": [0.925, 3.7875, 1.025, 4.3375], "texture": "#0"},
				"west": {"uv": [0.925, 3.7875, 1.0875, 4.3375], "texture": "#0"},
				"up": {"uv": [0.925, 3.7875, 1.025, 4.15], "texture": "#0"},
				"down": {"uv": [0.925, 3.7875, 1.025, 4.15], "texture": "#0"}
			}
		},
		{
			"from": [5, 12.5, 8],
			"to": [5.5, 14.6, 9],
			"faces": {
				"north": {"uv": [0.9375, 2.975, 1.05, 3.325], "texture": "#0"},
				"east": {"uv": [0.9375, 2.975, 1.1125, 3.325], "texture": "#0"},
				"south": {"uv": [0.9375, 2.975, 1.05, 3.325], "texture": "#0"},
				"west": {"uv": [0.9375, 2.975, 1.1125, 3.325], "texture": "#0"},
				"up": {"uv": [0.9375, 2.975, 1.05, 3.1875], "texture": "#0"},
				"down": {"uv": [0.9375, 2.975, 1.05, 3.1875], "texture": "#0"}
			}
		},
		{
			"from": [4.5, 13, 8],
			"to": [5, 14.1, 9],
			"faces": {
				"north": {"uv": [0.9375, 2.975, 1.05, 3.2], "texture": "#0"},
				"east": {"uv": [0.9375, 2.975, 1.1125, 3.2], "texture": "#0"},
				"south": {"uv": [0.9375, 2.975, 1.05, 3.2], "texture": "#0"},
				"west": {"uv": [0.9375, 2.975, 1.1125, 3.2], "texture": "#0"},
				"up": {"uv": [0.9375, 2.975, 1.05, 3.1875], "texture": "#0"},
				"down": {"uv": [0.9375, 2.975, 1.05, 3.1875], "texture": "#0"}
			}
		},
		{
			"from": [4, 13.5, 8],
			"to": [4.5, 15.2, 9],
			"faces": {
				"north": {"uv": [0.9375, 2.975, 1.05, 3.275], "texture": "#0"},
				"east": {"uv": [0.9375, 2.975, 1.1125, 3.275], "texture": "#0"},
				"south": {"uv": [0.9375, 2.975, 1.05, 3.275], "texture": "#0"},
				"west": {"uv": [0.9375, 2.975, 1.1125, 3.275], "texture": "#0"},
				"up": {"uv": [0.9375, 2.975, 1.05, 3.1875], "texture": "#0"},
				"down": {"uv": [0.9375, 2.975, 1.05, 3.1875], "texture": "#0"}
			}
		},
		{
			"from": [5, 6.5, 8],
			"to": [5.5, 8.6, 9],
			"faces": {
				"north": {"uv": [0.925, 3.7125, 0.9875, 3.975], "texture": "#0"},
				"east": {"uv": [0.925, 3.7125, 1.05, 3.975], "texture": "#0"},
				"south": {"uv": [0.925, 3.7125, 0.9875, 3.975], "texture": "#0"},
				"west": {"uv": [0.925, 3.7125, 1.05, 3.975], "texture": "#0"},
				"up": {"uv": [0.925, 3.575, 0.9875, 3.7], "texture": "#0"},
				"down": {"uv": [0.925, 3.7125, 0.9875, 3.8375], "texture": "#0"}
			}
		},
		{
			"from": [4.5, 8, 8],
			"to": [5, 9.5, 9],
			"faces": {
				"north": {"uv": [0.925, 3.7125, 0.9875, 3.9], "texture": "#0"},
				"east": {"uv": [0.925, 3.7125, 1.05, 3.9], "texture": "#0"},
				"south": {"uv": [0.925, 3.7125, 0.9875, 3.9], "texture": "#0"},
				"west": {"uv": [0.925, 3.7125, 1.05, 3.9], "texture": "#0"},
				"up": {"uv": [0.925, 3.575, 0.9875, 3.7], "texture": "#0"},
				"down": {"uv": [0.925, 3.7125, 0.9875, 3.8375], "texture": "#0"}
			}
		},
		{
			"from": [10.5, 14.5, 8],
			"to": [11, 16.5, 9],
			"faces": {
				"north": {"uv": [0.3, 2.95, 0.4125, 3.35], "texture": "#0"},
				"east": {"uv": [0.3, 2.95, 0.475, 3.35], "texture": "#0"},
				"south": {"uv": [0.3, 2.95, 0.4125, 3.35], "texture": "#0"},
				"west": {"uv": [0.3, 2.95, 0.475, 3.35], "texture": "#0"},
				"up": {"uv": [0.3, 2.95, 0.4125, 3.225], "texture": "#0"},
				"down": {"uv": [0.3, 2.95, 0.4125, 3.225], "texture": "#0"}
			}
		},
		{
			"from": [11, 15, 8],
			"to": [11.5, 17.5, 9],
			"faces": {
				"north": {"uv": [0.3, 2.95, 0.4125, 3.4125], "texture": "#0"},
				"east": {"uv": [0.3, 2.95, 0.475, 3.4125], "texture": "#0"},
				"south": {"uv": [0.3, 2.95, 0.4125, 3.4125], "texture": "#0"},
				"west": {"uv": [0.3, 2.95, 0.475, 3.4125], "texture": "#0"},
				"up": {"uv": [0.3, 2.95, 0.4125, 3.225], "texture": "#0"},
				"down": {"uv": [0.3, 2.95, 0.4125, 3.225], "texture": "#0"}
			}
		},
		{
			"from": [10.5, 19, 8],
			"to": [11, 22.5, 9],
			"color": 6,
			"faces": {
				"north": {"uv": [0, 0, 0.0625, 0.4375], "texture": "#missing"},
				"east": {"uv": [0, 0, 0.125, 0.4375], "texture": "#missing"},
				"south": {"uv": [0, 0, 0.0625, 0.4375], "texture": "#missing"},
				"west": {"uv": [0, 0, 0.125, 0.4375], "texture": "#missing"},
				"up": {"uv": [0, 0, 0.0625, 0.125], "texture": "#missing"},
				"down": {"uv": [0, 0, 0.0625, 0.125], "texture": "#missing"}
			}
		},
		{
			"from": [10.5, 1.5, 8],
			"to": [11, 3.5, 9],
			"faces": {
				"north": {"uv": [0.925, 3.7875, 1.025, 4.275], "texture": "#0"},
				"east": {"uv": [0.925, 3.7875, 1.0875, 4.275], "texture": "#0"},
				"south": {"uv": [0.925, 3.7875, 1.025, 4.275], "texture": "#0"},
				"west": {"uv": [0.925, 3.7875, 1.0875, 4.275], "texture": "#0"},
				"up": {"uv": [0.925, 3.7875, 1.025, 4.15], "texture": "#0"},
				"down": {"uv": [0.925, 3.7875, 1.025, 4.15], "texture": "#0"}
			}
		},
		{
			"from": [10.5, 7.5, 8],
			"to": [11, 9.5, 9],
			"faces": {
				"north": {"uv": [0.2875, 3.525, 0.3625, 3.85], "texture": "#0"},
				"east": {"uv": [0.2875, 3.525, 0.425, 3.85], "texture": "#0"},
				"south": {"uv": [0.2875, 3.525, 0.3625, 3.85], "texture": "#0"},
				"west": {"uv": [0.2875, 3.525, 0.425, 3.85], "texture": "#0"},
				"up": {"uv": [0.2875, 3.525, 0.3625, 3.725], "texture": "#0"},
				"down": {"uv": [0.2875, 3.525, 0.3625, 3.725], "texture": "#0"}
			}
		},
		{
			"from": [11, 8.5, 8],
			"to": [11.5, 9.9, 9],
			"faces": {
				"north": {"uv": [0.2875, 3.525, 0.3625, 3.775], "texture": "#0"},
				"east": {"uv": [0.2875, 3.525, 0.425, 3.775], "texture": "#0"},
				"south": {"uv": [0.2875, 3.525, 0.3625, 3.775], "texture": "#0"},
				"west": {"uv": [0.2875, 3.525, 0.425, 3.775], "texture": "#0"},
				"up": {"uv": [0.2875, 3.525, 0.3625, 3.725], "texture": "#0"},
				"down": {"uv": [0.2875, 3.525, 0.3625, 3.725], "texture": "#0"}
			}
		},
		{
			"from": [11, 2.5, 8],
			"to": [11.5, 4.5, 9],
			"faces": {
				"north": {"uv": [0.925, 3.7875, 1.025, 4.275], "texture": "#0"},
				"east": {"uv": [0.925, 3.7875, 1.0875, 4.275], "texture": "#0"},
				"south": {"uv": [0.925, 3.7875, 1.025, 4.275], "texture": "#0"},
				"west": {"uv": [0.925, 3.7875, 1.0875, 4.275], "texture": "#0"},
				"up": {"uv": [0.925, 3.7875, 1.025, 4.15], "texture": "#0"},
				"down": {"uv": [0.925, 3.7875, 1.025, 4.15], "texture": "#0"}
			}
		},
		{
			"from": [11.5, 9.5, 8],
			"to": [12, 10.9, 9],
			"faces": {
				"north": {"uv": [0.2875, 3.525, 0.3625, 3.775], "texture": "#0"},
				"east": {"uv": [0.2875, 3.525, 0.425, 3.775], "texture": "#0"},
				"south": {"uv": [0.2875, 3.525, 0.3625, 3.775], "texture": "#0"},
				"west": {"uv": [0.2875, 3.525, 0.425, 3.775], "texture": "#0"},
				"up": {"uv": [0.2875, 3.525, 0.3625, 3.725], "texture": "#0"},
				"down": {"uv": [0.2875, 3.525, 0.3625, 3.725], "texture": "#0"}
			}
		},
		{
			"from": [11, 21, 8],
			"to": [11.5, 23, 9],
			"color": 6,
			"faces": {
				"north": {"uv": [0, 0, 0.0625, 0.25], "texture": "#missing"},
				"east": {"uv": [0, 0, 0.125, 0.25], "texture": "#missing"},
				"south": {"uv": [0, 0, 0.0625, 0.25], "texture": "#missing"},
				"west": {"uv": [0, 0, 0.125, 0.25], "texture": "#missing"},
				"up": {"uv": [0, 0, 0.0625, 0.125], "texture": "#missing"},
				"down": {"uv": [0, 0, 0.0625, 0.125], "texture": "#missing"}
			}
		},
		{
			"from": [11, 21, 8],
			"to": [11.5, 23, 9],
			"faces": {
				"north": {"uv": [0.625, 2.2875, 0.75, 2.625], "texture": "#0"},
				"east": {"uv": [0.625, 2.2875, 0.8125, 2.625], "texture": "#0"},
				"south": {"uv": [0.625, 2.2875, 0.75, 2.625], "texture": "#0"},
				"west": {"uv": [0.625, 2.2875, 0.8125, 2.625], "texture": "#0"},
				"up": {"uv": [0.625, 2.2875, 0.75, 2.5], "texture": "#0"},
				"down": {"uv": [0.625, 2.2875, 0.75, 2.5], "texture": "#0"}
			}
		},
		{
			"from": [10.5, 19, 8],
			"to": [11, 22.5, 9],
			"faces": {
				"north": {"uv": [0.625, 2.2875, 0.75, 2.8125], "texture": "#0"},
				"east": {"uv": [0.625, 2.2875, 0.8125, 2.8125], "texture": "#0"},
				"south": {"uv": [0.625, 2.2875, 0.75, 2.8125], "texture": "#0"},
				"west": {"uv": [0.625, 2.2875, 0.8125, 2.8125], "texture": "#0"},
				"up": {"uv": [0.625, 2.2875, 0.75, 2.5], "texture": "#0"},
				"down": {"uv": [0.625, 2.2875, 0.75, 2.5], "texture": "#0"}
			}
		},
		{
			"from": [7.5, 9.5, 8],
			"to": [8.5, 10.5, 9],
			"faces": {
				"north": {"uv": [0.8125, 0.675, 1.0625, 0.925], "texture": "#0"},
				"east": {"uv": [0.8125, 0.675, 1.0625, 0.925], "texture": "#0"},
				"south": {"uv": [0.8125, 0.675, 1.0625, 0.925], "texture": "#0"},
				"west": {"uv": [0.8125, 0.675, 1.0625, 0.925], "texture": "#0"},
				"up": {"uv": [1.0625, 0.925, 0.8125, 0.675], "texture": "#0"},
				"down": {"uv": [1.0625, 0.675, 0.8125, 0.925], "texture": "#0"}
			}
		},
		{
			"from": [7.6, 10.5, 8.5],
			"to": [8.4, 10.8, 8.5],
			"faces": {
				"north": {"uv": [1.3, 0.6625, 1.8, 0.9625], "texture": "#0"},
				"east": {"uv": [1.3, 0.6625, 1.7, 0.9625], "texture": "#0"},
				"south": {"uv": [1.3, 0.6625, 1.8, 0.9625], "texture": "#0"},
				"west": {"uv": [1.3, 0.6625, 1.7, 0.9625], "texture": "#0"},
				"up": {"uv": [1.3, 0.6625, 1.8, 0.925], "texture": "#0"},
				"down": {"uv": [1.3, 0.6625, 1.8, 0.925], "texture": "#0"}
			}
		},
		{
			"from": [7.6, 9.2, 8.5],
			"to": [8.4, 9.5, 8.5],
			"faces": {
				"north": {"uv": [2.0375, 0.65, 2.575, 0.9875], "texture": "#0"},
				"east": {"uv": [2.0375, 0.65, 2.475, 0.9875], "texture": "#0"},
				"south": {"uv": [2.0375, 0.65, 2.575, 0.9875], "texture": "#0"},
				"west": {"uv": [2.0375, 0.65, 2.475, 0.9875], "texture": "#0"},
				"up": {"uv": [2.0375, 0.65, 2.575, 0.95], "texture": "#0"},
				"down": {"uv": [2.0375, 0.65, 2.575, 0.95], "texture": "#0"}
			}
		},
		{
			"from": [7.2, 9.6, 8.5],
			"to": [7.5, 10.4, 8.5],
			"faces": {
				"north": {"uv": [3.2875, 0.525, 3.5875, 1.1], "texture": "#0"},
				"east": {"uv": [2.7875, 0.525, 3.05, 1.1], "texture": "#0"},
				"south": {"uv": [2.7875, 0.525, 3.0875, 1.1], "texture": "#0"},
				"west": {"uv": [2.7875, 0.525, 3.05, 1.1], "texture": "#0"},
				"up": {"uv": [2.7875, 0.525, 3.0875, 1], "texture": "#0"},
				"down": {"uv": [2.7875, 0.525, 3.0875, 1], "texture": "#0"}
			}
		},
		{
			"from": [8.5, 9.6, 8.5],
			"to": [8.8, 10.4, 8.5],
			"faces": {
				"north": {"uv": [2.775, 0.525, 3.1, 1.0875], "texture": "#0"},
				"east": {"uv": [3.275, 0.525, 3.525, 1.0875], "texture": "#0"},
				"south": {"uv": [3.275, 0.525, 3.6, 1.0875], "texture": "#0"},
				"west": {"uv": [3.275, 0.525, 3.525, 1.0875], "texture": "#0"},
				"up": {"uv": [3.275, 0.525, 3.6, 0.8375], "texture": "#0"},
				"down": {"uv": [3.275, 0.525, 3.6, 0.8375], "texture": "#0"}
			}
		},
		{
			"from": [5, -3, 7.5],
			"to": [7, -2, 9.5],
			"faces": {
				"north": {"uv": [2.4, 2.125, 2.65, 2.25], "texture": "#0"},
				"east": {"uv": [2.4, 2.125, 2.65, 2.25], "texture": "#0"},
				"south": {"uv": [2.4, 2.125, 2.65, 2.25], "texture": "#0"},
				"west": {"uv": [2.4, 2.125, 2.65, 2.25], "texture": "#0"},
				"up": {"uv": [2.4, 2.125, 2.65, 2.375], "texture": "#0"},
				"down": {"uv": [2.4, 2.125, 2.65, 2.375], "texture": "#0"}
			}
		},
		{
			"from": [7, -5, 7.5],
			"to": [9, 0, 9.5],
			"faces": {
				"north": {"uv": [2.275, 1.775, 2.7125, 2.8], "texture": "#0"},
				"east": {"uv": [2.275, 1.775, 2.7125, 2.8], "texture": "#0"},
				"south": {"uv": [2.275, 1.775, 2.7125, 2.8], "texture": "#0"},
				"west": {"uv": [2.275, 1.775, 2.7125, 2.8], "texture": "#0"},
				"up": {"uv": [2.275, 1.775, 2.7125, 2.185], "texture": "#0"},
				"down": {"uv": [2.275, 1.775, 2.7125, 2.185], "texture": "#0"}
			}
		},
		{
			"from": [7.2, -15.4, 7.7],
			"to": [8.8, -14.5, 9.3],
			"faces": {
				"north": {"uv": [2.8125, 4.0125, 3.175, 4.3125], "texture": "#0"},
				"east": {"uv": [2.8125, 4.0125, 3.175, 4.3125], "texture": "#0"},
				"south": {"uv": [2.8125, 4.0125, 3.175, 4.3125], "texture": "#0"},
				"west": {"uv": [2.8125, 4.0125, 3.175, 4.3125], "texture": "#0"},
				"up": {"uv": [2.8125, 4.0125, 3.175, 4.375], "texture": "#0"},
				"down": {"uv": [2.8125, 4.0125, 3.175, 4.375], "texture": "#0"}
			}
		},
		{
			"from": [9, -3, 7.5],
			"to": [11, -2, 9.5],
			"faces": {
				"north": {"uv": [2.4, 2.125, 2.65, 2.25], "texture": "#0"},
				"east": {"uv": [2.4, 2.125, 2.65, 2.25], "texture": "#0"},
				"south": {"uv": [2.4, 2.125, 2.65, 2.25], "texture": "#0"},
				"west": {"uv": [2.4, 2.125, 2.65, 2.25], "texture": "#0"},
				"up": {"uv": [2.4, 2.125, 2.65, 2.375], "texture": "#0"},
				"down": {"uv": [2.4, 2.125, 2.65, 2.375], "texture": "#0"}
			}
		},
		{
			"from": [7.5, -15.2, 8],
			"to": [8.5, -5, 9],
			"faces": {
				"north": {"uv": [0.0375, 0.0125, 0.225, 1.35], "texture": "#0"},
				"east": {"uv": [0.025, 0.0125, 0.225, 1.35], "texture": "#0"},
				"south": {"uv": [0.025, 0.0125, 0.225, 1.35], "texture": "#0"},
				"west": {"uv": [0.025, 0.0125, 0.225, 1.35], "texture": "#0"},
				"up": {"uv": [0, 0, 0.125, 0.125], "texture": "#0"},
				"down": {"uv": [0, 0, 0.125, 0.125], "texture": "#0"}
			}
		},
		{
			"from": [7, -6, 7.5],
			"to": [9, -5.5, 9.5],
			"faces": {
				"north": {"uv": [2.3, 1.825, 2.7125, 2.175], "texture": "#0"},
				"east": {"uv": [2.3, 1.825, 2.7125, 2.175], "texture": "#0"},
				"south": {"uv": [2.3, 1.825, 2.7125, 2.175], "texture": "#0"},
				"west": {"uv": [2.3, 1.825, 2.7125, 2.175], "texture": "#0"},
				"up": {"uv": [2.3, 1.825, 2.7125, 2.3625], "texture": "#0"},
				"down": {"uv": [2.3, 1.825, 2.7125, 2.3625], "texture": "#0"}
			}
		},
		{
			"from": [9, -5.25, 8.25],
			"to": [9.5, -2.75, 8.75],
			"faces": {
				"north": {"uv": [2.975, 3.825, 3.1, 4.2], "texture": "#0"},
				"east": {"uv": [2.975, 3.825, 3.1, 4.2], "texture": "#0"},
				"south": {"uv": [2.975, 3.825, 3.1, 4.2], "texture": "#0"},
				"west": {"uv": [2.975, 3.825, 3.1, 4.2], "texture": "#0"},
				"up": {"uv": [2.975, 3.825, 3.1, 3.95], "texture": "#0"},
				"down": {"uv": [2.975, 3.825, 3.1, 3.95], "texture": "#0"}
			}
		},
		{
			"from": [6.5, -5.25, 8.25],
			"to": [7, -2.75, 8.75],
			"faces": {
				"north": {"uv": [2.975, 3.825, 3.1, 4.2], "texture": "#0"},
				"east": {"uv": [2.975, 3.825, 3.1, 4.2], "texture": "#0"},
				"south": {"uv": [2.975, 3.825, 3.1, 4.2], "texture": "#0"},
				"west": {"uv": [2.975, 3.825, 3.1, 4.2], "texture": "#0"},
				"up": {"uv": [2.975, 3.825, 3.1, 3.95], "texture": "#0"},
				"down": {"uv": [2.975, 3.825, 3.1, 3.95], "texture": "#0"}
			}
		},
		{
			"from": [9.5, -6, 8.25],
			"to": [10, -2.75, 8.75],
			"faces": {
				"north": {"uv": [2.975, 3.825, 3.1, 4.29375], "texture": "#0"},
				"east": {"uv": [2.975, 3.825, 3.1, 4.29375], "texture": "#0"},
				"south": {"uv": [2.975, 3.825, 3.1, 4.29375], "texture": "#0"},
				"west": {"uv": [2.975, 3.825, 3.1, 4.29375], "texture": "#0"},
				"up": {"uv": [2.975, 3.825, 3.1, 3.95], "texture": "#0"},
				"down": {"uv": [2.975, 3.825, 3.1, 3.95], "texture": "#0"}
			}
		},
		{
			"from": [6, -6, 8.25],
			"to": [6.5, -2.75, 8.75],
			"faces": {
				"north": {"uv": [2.975, 3.825, 3.1, 4.29375], "texture": "#0"},
				"east": {"uv": [2.975, 3.825, 3.1, 4.29375], "texture": "#0"},
				"south": {"uv": [2.975, 3.825, 3.1, 4.29375], "texture": "#0"},
				"west": {"uv": [2.975, 3.825, 3.1, 4.29375], "texture": "#0"},
				"up": {"uv": [2.975, 3.825, 3.1, 3.95], "texture": "#0"},
				"down": {"uv": [2.975, 3.825, 3.1, 3.95], "texture": "#0"}
			}
		},
		{
			"from": [10, -6, 8.25],
			"to": [10.5, -3.5, 8.75],
			"faces": {
				"north": {"uv": [2.975, 3.825, 3.1, 4.2], "texture": "#0"},
				"east": {"uv": [2.975, 3.825, 3.1, 4.2], "texture": "#0"},
				"south": {"uv": [2.975, 3.825, 3.1, 4.2], "texture": "#0"},
				"west": {"uv": [2.975, 3.825, 3.1, 4.2], "texture": "#0"},
				"up": {"uv": [2.975, 3.825, 3.1, 3.95], "texture": "#0"},
				"down": {"uv": [2.975, 3.825, 3.1, 3.95], "texture": "#0"}
			}
		},
		{
			"from": [5.5, -6, 8.25],
			"to": [6, -3.5, 8.75],
			"faces": {
				"north": {"uv": [2.975, 3.825, 3.1, 4.2], "texture": "#0"},
				"east": {"uv": [2.975, 3.825, 3.1, 4.2], "texture": "#0"},
				"south": {"uv": [2.975, 3.825, 3.1, 4.2], "texture": "#0"},
				"west": {"uv": [2.975, 3.825, 3.1, 4.2], "texture": "#0"},
				"up": {"uv": [2.975, 3.825, 3.1, 3.95], "texture": "#0"},
				"down": {"uv": [2.975, 3.825, 3.1, 3.95], "texture": "#0"}
			}
		},
		{
			"from": [10.5, -5.25, 8.25],
			"to": [11, -3.5, 8.75],
			"faces": {
				"north": {"uv": [2.975, 3.825, 3.1, 4.10625], "texture": "#0"},
				"east": {"uv": [2.975, 3.825, 3.1, 4.10625], "texture": "#0"},
				"south": {"uv": [2.975, 3.825, 3.1, 4.10625], "texture": "#0"},
				"west": {"uv": [2.975, 3.825, 3.1, 4.10625], "texture": "#0"},
				"up": {"uv": [2.975, 3.825, 3.1, 3.95], "texture": "#0"},
				"down": {"uv": [2.975, 3.825, 3.1, 3.95], "texture": "#0"}
			}
		},
		{
			"from": [5, -5.25, 8.25],
			"to": [5.5, -3.5, 8.75],
			"faces": {
				"north": {"uv": [2.975, 3.825, 3.1, 4.10625], "texture": "#0"},
				"east": {"uv": [2.975, 3.825, 3.1, 4.10625], "texture": "#0"},
				"south": {"uv": [2.975, 3.825, 3.1, 4.10625], "texture": "#0"},
				"west": {"uv": [2.975, 3.825, 3.1, 4.10625], "texture": "#0"},
				"up": {"uv": [2.975, 3.825, 3.1, 3.95], "texture": "#0"},
				"down": {"uv": [2.975, 3.825, 3.1, 3.95], "texture": "#0"}
			}
		},
		{
			"from": [11, -5.75, 8.25],
			"to": [11.5, -3.25, 8.75],
			"faces": {
				"north": {"uv": [2.975, 3.825, 3.1, 4.2], "texture": "#0"},
				"east": {"uv": [2.975, 3.825, 3.1, 4.2], "texture": "#0"},
				"south": {"uv": [2.975, 3.825, 3.1, 4.2], "texture": "#0"},
				"west": {"uv": [2.975, 3.825, 3.1, 4.2], "texture": "#0"},
				"up": {"uv": [2.975, 3.825, 3.1, 3.95], "texture": "#0"},
				"down": {"uv": [2.975, 3.825, 3.1, 3.95], "texture": "#0"}
			}
		},
		{
			"from": [4.5, -5.75, 8.25],
			"to": [5, -3.25, 8.75],
			"faces": {
				"north": {"uv": [2.975, 3.825, 3.1, 4.2], "texture": "#0"},
				"east": {"uv": [2.975, 3.825, 3.1, 4.2], "texture": "#0"},
				"south": {"uv": [2.975, 3.825, 3.1, 4.2], "texture": "#0"},
				"west": {"uv": [2.975, 3.825, 3.1, 4.2], "texture": "#0"},
				"up": {"uv": [2.975, 3.825, 3.1, 3.95], "texture": "#0"},
				"down": {"uv": [2.975, 3.825, 3.1, 3.95], "texture": "#0"}
			}
		},
		{
			"from": [11.5, -4.25, 8.25],
			"to": [12, -2.75, 8.75],
			"faces": {
				"north": {"uv": [2.975, 3.825, 3.1, 4.075], "texture": "#0"},
				"east": {"uv": [2.975, 3.825, 3.1, 4.075], "texture": "#0"},
				"south": {"uv": [2.975, 3.825, 3.1, 4.075], "texture": "#0"},
				"west": {"uv": [2.975, 3.825, 3.1, 4.075], "texture": "#0"},
				"up": {"uv": [2.975, 3.825, 3.1, 3.95], "texture": "#0"},
				"down": {"uv": [2.975, 3.825, 3.1, 3.95], "texture": "#0"}
			}
		},
		{
			"from": [4, -4.25, 8.25],
			"to": [4.5, -2.75, 8.75],
			"faces": {
				"north": {"uv": [2.975, 3.825, 3.1, 4.075], "texture": "#0"},
				"east": {"uv": [2.975, 3.825, 3.1, 4.075], "texture": "#0"},
				"south": {"uv": [2.975, 3.825, 3.1, 4.075], "texture": "#0"},
				"west": {"uv": [2.975, 3.825, 3.1, 4.075], "texture": "#0"},
				"up": {"uv": [2.975, 3.825, 3.1, 3.95], "texture": "#0"},
				"down": {"uv": [2.975, 3.825, 3.1, 3.95], "texture": "#0"}
			}
		},
		{
			"from": [11.5, -6.25, 8.25],
			"to": [12, -4.75, 8.75],
			"faces": {
				"north": {"uv": [2.975, 3.825, 3.1, 4.075], "texture": "#0"},
				"east": {"uv": [2.975, 3.825, 3.1, 4.075], "texture": "#0"},
				"south": {"uv": [2.975, 3.825, 3.1, 4.075], "texture": "#0"},
				"west": {"uv": [2.975, 3.825, 3.1, 4.075], "texture": "#0"},
				"up": {"uv": [2.975, 3.825, 3.1, 3.95], "texture": "#0"},
				"down": {"uv": [2.975, 3.825, 3.1, 3.95], "texture": "#0"}
			}
		},
		{
			"from": [4, -6.25, 8.25],
			"to": [4.5, -4.75, 8.75],
			"faces": {
				"north": {"uv": [2.975, 3.825, 3.1, 4.075], "texture": "#0"},
				"east": {"uv": [2.975, 3.825, 3.1, 4.075], "texture": "#0"},
				"south": {"uv": [2.975, 3.825, 3.1, 4.075], "texture": "#0"},
				"west": {"uv": [2.975, 3.825, 3.1, 4.075], "texture": "#0"},
				"up": {"uv": [2.975, 3.825, 3.1, 3.95], "texture": "#0"},
				"down": {"uv": [2.975, 3.825, 3.1, 3.95], "texture": "#0"}
			}
		},
		{
			"from": [12.5, -6.25, 8.25],
			"to": [13, -4.75, 8.75],
			"faces": {
				"north": {"uv": [2.975, 3.825, 3.1, 4.075], "texture": "#0"},
				"east": {"uv": [2.975, 3.825, 3.1, 4.075], "texture": "#0"},
				"south": {"uv": [2.975, 3.825, 3.1, 4.075], "texture": "#0"},
				"west": {"uv": [2.975, 3.825, 3.1, 4.075], "texture": "#0"},
				"up": {"uv": [2.975, 3.825, 3.1, 3.95], "texture": "#0"},
				"down": {"uv": [2.975, 3.825, 3.1, 3.95], "texture": "#0"}
			}
		},
		{
			"from": [3, -6.25, 8.25],
			"to": [3.5, -4.75, 8.75],
			"faces": {
				"north": {"uv": [2.975, 3.825, 3.1, 4.075], "texture": "#0"},
				"east": {"uv": [2.975, 3.825, 3.1, 4.075], "texture": "#0"},
				"south": {"uv": [2.975, 3.825, 3.1, 4.075], "texture": "#0"},
				"west": {"uv": [2.975, 3.825, 3.1, 4.075], "texture": "#0"},
				"up": {"uv": [2.975, 3.825, 3.1, 3.95], "texture": "#0"},
				"down": {"uv": [2.975, 3.825, 3.1, 3.95], "texture": "#0"}
			}
		},
		{
			"from": [13, -5.75, 8.25],
			"to": [13.5, -4.25, 8.75],
			"faces": {
				"north": {"uv": [2.975, 3.825, 3.1, 4.075], "texture": "#0"},
				"east": {"uv": [2.975, 3.825, 3.1, 4.075], "texture": "#0"},
				"south": {"uv": [2.975, 3.825, 3.1, 4.075], "texture": "#0"},
				"west": {"uv": [2.975, 3.825, 3.1, 4.075], "texture": "#0"},
				"up": {"uv": [2.975, 3.825, 3.1, 3.95], "texture": "#0"},
				"down": {"uv": [2.975, 3.825, 3.1, 3.95], "texture": "#0"}
			}
		},
		{
			"from": [2.5, -5.75, 8.25],
			"to": [3, -4.25, 8.75],
			"faces": {
				"north": {"uv": [2.975, 3.825, 3.1, 4.075], "texture": "#0"},
				"east": {"uv": [2.975, 3.825, 3.1, 4.075], "texture": "#0"},
				"south": {"uv": [2.975, 3.825, 3.1, 4.075], "texture": "#0"},
				"west": {"uv": [2.975, 3.825, 3.1, 4.075], "texture": "#0"},
				"up": {"uv": [2.975, 3.825, 3.1, 3.95], "texture": "#0"},
				"down": {"uv": [2.975, 3.825, 3.1, 3.95], "texture": "#0"}
			}
		},
		{
			"from": [12, -6.25, 8.25],
			"to": [12.5, -5.25, 8.75],
			"faces": {
				"north": {"uv": [2.975, 3.825, 3.1, 4.0125], "texture": "#0"},
				"east": {"uv": [2.975, 3.825, 3.1, 4.0125], "texture": "#0"},
				"south": {"uv": [2.975, 3.825, 3.1, 4.0125], "texture": "#0"},
				"west": {"uv": [2.975, 3.825, 3.1, 4.0125], "texture": "#0"},
				"up": {"uv": [2.975, 3.825, 3.1, 3.95], "texture": "#0"},
				"down": {"uv": [2.975, 3.825, 3.1, 3.95], "texture": "#0"}
			}
		},
		{
			"from": [3.5, -6.25, 8.25],
			"to": [4, -5.25, 8.75],
			"faces": {
				"north": {"uv": [2.975, 3.825, 3.1, 4.0125], "texture": "#0"},
				"east": {"uv": [2.975, 3.825, 3.1, 4.0125], "texture": "#0"},
				"south": {"uv": [2.975, 3.825, 3.1, 4.0125], "texture": "#0"},
				"west": {"uv": [2.975, 3.825, 3.1, 4.0125], "texture": "#0"},
				"up": {"uv": [2.975, 3.825, 3.1, 3.95], "texture": "#0"},
				"down": {"uv": [2.975, 3.825, 3.1, 3.95], "texture": "#0"}
			}
		},
		{
			"from": [12, -4, 8.25],
			"to": [12.5, -3, 8.75],
			"faces": {
				"north": {"uv": [2.975, 3.825, 3.1, 4.0125], "texture": "#0"},
				"east": {"uv": [2.975, 3.825, 3.1, 4.0125], "texture": "#0"},
				"south": {"uv": [2.975, 3.825, 3.1, 4.0125], "texture": "#0"},
				"west": {"uv": [2.975, 3.825, 3.1, 4.0125], "texture": "#0"},
				"up": {"uv": [2.975, 3.825, 3.1, 3.95], "texture": "#0"},
				"down": {"uv": [2.975, 3.825, 3.1, 3.95], "texture": "#0"}
			}
		},
		{
			"from": [3.5, -4, 8.25],
			"to": [4, -3, 8.75],
			"faces": {
				"north": {"uv": [2.975, 3.825, 3.1, 4.0125], "texture": "#0"},
				"east": {"uv": [2.975, 3.825, 3.1, 4.0125], "texture": "#0"},
				"south": {"uv": [2.975, 3.825, 3.1, 4.0125], "texture": "#0"},
				"west": {"uv": [2.975, 3.825, 3.1, 4.0125], "texture": "#0"},
				"up": {"uv": [2.975, 3.825, 3.1, 3.95], "texture": "#0"},
				"down": {"uv": [2.975, 3.825, 3.1, 3.95], "texture": "#0"}
			}
		},
		{
			"from": [7, -14.1, 7.5],
			"to": [9, -13.6, 9.5],
			"faces": {
				"north": {"uv": [2.3, 1.825, 2.7125, 2.175], "texture": "#0"},
				"east": {"uv": [2.3, 1.825, 2.7125, 2.175], "texture": "#0"},
				"south": {"uv": [2.3, 1.825, 2.7125, 2.175], "texture": "#0"},
				"west": {"uv": [2.3, 1.825, 2.7125, 2.175], "texture": "#0"},
				"up": {"uv": [2.3, 1.825, 2.7125, 2.3625], "texture": "#0"},
				"down": {"uv": [2.3, 1.825, 2.7125, 2.3625], "texture": "#0"}
			}
		}
	],
	"display": {
		"thirdperson_righthand": {
			"rotation": [0, -90, 0],
			"translation": [0.5, 11, 1.25],
			"scale": [0.68633, 0.74, 0.30742]
		},
		"thirdperson_lefthand": {
			"rotation": [0, 90, 0],
			"translation": [0.5, 11, 1.25],
			"scale": [0.68, 0.74, 0.3]
		},
		"firstperson_righthand": {
			"rotation": [-10, 82, 0],
			"translation": [1.5, 6, 1],
			"scale": [0.5, 0.5, 0.19]
		},
		"firstperson_lefthand": {
			"rotation": [-10, -97, 0],
			"translation": [1.25, 6, 1],
			"scale": [0.5, 0.5, 0.19]
		},
		"ground": {
			"translation": [0, 6.25, 0],
			"scale": [0.4, 0.4, 0.4]
		},
		"gui": {
			"rotation": [0, 0, -45],
			"scale": [0.4, 0.4, 0.4]
		},
		"head": {
			"translation": [0, 25, 0]
		},
		"fixed": {
			"rotation": [0, 0, 45],
			"translation": [-0.25, 0, -1.75],
			"scale": [0.65, 0.5, 0.5]
		}
	},
	"groups": [
		{
			"name": "group",
			"origin": [0, 0, 0],
			"color": 0,
			"children": [0, 1, 2, 3, 4, 5, 6, 7, 8, 9, 10, 11, 12, 13, 14, 15, 16, 17, 18, 19, 20, 21, 22, 23, 24, 25, 26, 27, 28, 29, 30, 31, 32, 33, 34, 35, 36, 37, 38, 39, 40, 41, 42, 43]
		},
		44,
		45,
		46,
		47,
		48,
		49,
		50,
		51,
		52,
		53,
		54,
		55,
		56,
		57,
		58,
		59,
		60,
		61,
		62,
		63,
		64,
		65,
		66,
		67
	]
}