{
	"credit": "Made with Blockbench",
	"textures": {
		"0": "item/ufo_buddy",
		"particle": "item/ufo_buddy"
	},
	"elements": [
		{
			"from": [10.7, 5.7, 4.3],
			"to": [11.7, 6.7, 5.3],
			"faces": {
				"north": {"uv": [1, 0, 4, 3], "texture": "#0"},
				"east": {"uv": [0, 2.2, 4.6, 3.8], "texture": "#0"},
				"south": {"uv": [0, 0, 1, 1], "texture": "#0"},
				"west": {"uv": [0, 2, 4.6, 3.6], "texture": "#0"},
				"up": {"uv": [0, 0, 1, 1], "texture": "#0"},
				"down": {"uv": [0, 0, 1, 1], "texture": "#0"}
			}
		},
		{
			"from": [10.9, 4.9, 4.6],
			"to": [11.5, 5.9, 5.2],
			"faces": {
				"north": {"uv": [0, 2.2, 4, 3.7], "texture": "#0"},
				"east": {"uv": [0, 0, 0.8, 3.9], "texture": "#0"},
				"south": {"uv": [0, 0, 0.8, 3.8], "texture": "#0"},
				"west": {"uv": [0, 2.3, 4.3, 3.8], "texture": "#0"},
				"up": {"uv": [0, 2.6, 0.6, 3.2], "texture": "#0"},
				"down": {"uv": [0, 0, 0.6, 0.6], "texture": "#0"}
			}
		},
		{
			"from": [10.8, 4.9, 4.3],
			"to": [11.1, 5.2, 4.6],
			"faces": {
				"north": {"uv": [0, 0, 0.3, 0.3], "texture": "#0"},
				"east": {"uv": [0, 0, 0.3, 0.3], "texture": "#0"},
				"south": {"uv": [0, 0, 0.3, 0.3], "texture": "#0"},
				"west": {"uv": [0, 0, 0.3, 0.3], "texture": "#0"},
				"up": {"uv": [0, 0, 0.3, 0.3], "texture": "#0"},
				"down": {"uv": [0, 0, 0.3, 0.3], "texture": "#0"}
			}
		},
		{
			"from": [10.7, 5.3, 4.7],
			"to": [11, 5.6, 5],
			"faces": {
				"north": {"uv": [0, 0, 0.3, 0.3], "texture": "#0"},
				"east": {"uv": [0, 0, 0.3, 0.3], "texture": "#0"},
				"south": {"uv": [0, 0, 0.3, 0.3], "texture": "#0"},
				"west": {"uv": [0, 0, 0.3, 0.3], "texture": "#0"},
				"up": {"uv": [0, 0, 0.3, 0.3], "texture": "#0"},
				"down": {"uv": [0, 0, 0.3, 0.3], "texture": "#0"}
			}
		},
		{
			"from": [11.3, 4.9, 4.3],
			"to": [11.6, 5.2, 4.6],
			"faces": {
				"north": {"uv": [0, 0, 0.3, 0.3], "texture": "#0"},
				"east": {"uv": [0, 0, 0.3, 0.3], "texture": "#0"},
				"south": {"uv": [0, 0, 0.3, 0.3], "texture": "#0"},
				"west": {"uv": [0, 0, 0.3, 0.3], "texture": "#0"},
				"up": {"uv": [0, 0, 0.3, 0.3], "texture": "#0"},
				"down": {"uv": [0, 0, 0.3, 0.3], "texture": "#0"}
			}
		},
		{
			"from": [11.4, 5.3, 4.7],
			"to": [11.7, 5.6, 5],
			"faces": {
				"north": {"uv": [0, 0, 0.3, 0.3], "texture": "#0"},
				"east": {"uv": [0, 0, 0.8, 2.3], "texture": "#0"},
				"south": {"uv": [0, 0, 0.3, 0.3], "texture": "#0"},
				"west": {"uv": [0, 0, 0.3, 0.3], "texture": "#0"},
				"up": {"uv": [0, 0, 0.3, 0.3], "texture": "#0"},
				"down": {"uv": [0, 0, 0.3, 0.3], "texture": "#0"}
			}
		},
		{
			"from": [4, 3, 4],
			"to": [12, 4, 12],
			"faces": {
				"north": {"uv": [1, 6, 8.9, 7], "texture": "#0"},
				"east": {"uv": [1, 6, 9, 7], "texture": "#0"},
				"south": {"uv": [1, 6, 9, 7], "texture": "#0"},
				"west": {"uv": [1, 6, 9, 7], "texture": "#0"},
				"up": {"uv": [1, 6, 9, 14], "texture": "#0"},
				"down": {"uv": [1, 6, 9, 14], "texture": "#0"}
			}
		},
		{
			"from": [5.5, 5, 5.5],
			"to": [10.5, 8, 10.5],
			"faces": {
				"north": {"uv": [11, 2, 16, 5], "texture": "#0"},
				"east": {"uv": [11, 2, 16, 5], "texture": "#0"},
				"south": {"uv": [11, 2, 16, 5], "texture": "#0"},
				"west": {"uv": [11, 2, 16, 5], "texture": "#0"},
				"up": {"uv": [15.4, 5.5, 10.4, 0.5], "texture": "#0"},
				"down": {"uv": [15.3, 0.6, 10.3, 5.6], "texture": "#0"}
			}
		},
		{
			"from": [4, 4, 4],
			"to": [12, 5, 12],
			"faces": {
				"north": {"uv": [2, 15, 11.2, 16], "texture": "#0"},
				"east": {"uv": [8, 15, 16, 16], "texture": "#0"},
				"south": {"uv": [4, 15, 12, 16], "texture": "#0"},
				"west": {"uv": [0, 15, 8, 16], "texture": "#0"},
				"up": {"uv": [0, 8, 8, 16], "texture": "#0"},
				"down": {"uv": [0, 8, 8, 16], "texture": "#0"}
			}
		},
		{
			"from": [6.3, 8, 6.3],
			"to": [9.7, 8.5, 9.7],
			"faces": {
				"north": {"uv": [11, 0, 16, 3], "texture": "#0"},
				"east": {"uv": [11, 0, 16, 3], "texture": "#0"},
				"south": {"uv": [11, 0, 16, 3], "texture": "#0"},
				"west": {"uv": [11, 0, 16, 3], "texture": "#0"},
				"up": {"uv": [16, 5, 11, 0], "texture": "#0"},
				"down": {"uv": [16, 0, 11, 5], "texture": "#0"}
			}
		},
		{
			"from": [5, 2.2, 5],
			"to": [11, 3.2, 11],
			"faces": {
				"north": {"uv": [9.7, 7.4, 15.7, 8.4], "texture": "#0"},
				"east": {"uv": [9.7, 7.4, 15.7, 8.4], "texture": "#0"},
				"south": {"uv": [9.7, 9.4, 15.7, 10.4], "texture": "#0"},
				"west": {"uv": [9.7, 9.4, 15.7, 10.4], "texture": "#0"},
				"up": {"uv": [9.7, 6.4, 15.7, 12.4], "texture": "#0"},
				"down": {"uv": [9.7, 6.4, 15.7, 12.4], "texture": "#0"}
			}
		},
		{
			"from": [7.5, 3.5, 3.5],
			"to": [8.5, 4.5, 4.5],
			"faces": {
				"north": {"uv": [12, 8, 14.2, 10.3], "texture": "#0"},
				"east": {"uv": [12, 9, 13, 10], "texture": "#0"},
				"south": {"uv": [12, 8, 13, 9], "texture": "#0"},
				"west": {"uv": [12, 8, 13, 9], "texture": "#0"},
				"up": {"uv": [12, 8, 13, 9], "texture": "#0"},
				"down": {"uv": [12, 7, 13, 8], "texture": "#0"}
			}
		},
		{
			"from": [9.5, 3.5, 3.5],
			"to": [10.5, 4.5, 4.5],
			"faces": {
				"north": {"uv": [12, 8, 14.2, 10.3], "texture": "#0"},
				"east": {"uv": [12, 9, 13, 10], "texture": "#0"},
				"south": {"uv": [12, 8, 13, 9], "texture": "#0"},
				"west": {"uv": [12, 8, 13, 9], "texture": "#0"},
				"up": {"uv": [12, 8, 13, 9], "texture": "#0"},
				"down": {"uv": [12, 7, 13, 8], "texture": "#0"}
			}
		},
		{
			"from": [5.5, 3.5, 3.5],
			"to": [6.5, 4.5, 4.5],
			"faces": {
				"north": {"uv": [11, 8, 13.2, 10.3], "texture": "#0"},
				"east": {"uv": [11, 8, 12, 9], "texture": "#0"},
				"south": {"uv": [11, 8, 12, 9], "texture": "#0"},
				"west": {"uv": [11, 8, 12, 9], "texture": "#0"},
				"up": {"uv": [11, 8, 12, 9], "texture": "#0"},
				"down": {"uv": [11, 7, 12, 8], "texture": "#0"}
			}
		},
		{
			"from": [3.5, 3.5, 4.5],
			"to": [4.5, 4.5, 11.5],
			"faces": {
				"north": {"uv": [11, 8, 12, 9], "texture": "#0"},
				"east": {"uv": [9.1, 8, 16, 9], "texture": "#0"},
				"south": {"uv": [10, 8, 11, 9], "texture": "#0"},
				"west": {"uv": [9.2, 7, 16, 8], "texture": "#0"},
				"up": {"uv": [10, 6.1, 11, 12.9], "texture": "#0"},
				"down": {"uv": [11, 6.1, 12, 12.9], "texture": "#0"}
			}
		},
		{
			"from": [11.5, 3.5, 4.5],
			"to": [12.5, 4.5, 11.5],
			"faces": {
				"north": {"uv": [10, 7, 11, 8], "texture": "#0"},
				"east": {"uv": [9.2, 8, 16, 9], "texture": "#0"},
				"south": {"uv": [10, 7, 11, 8], "texture": "#0"},
				"west": {"uv": [9.3, 7, 16, 8], "texture": "#0"},
				"up": {"uv": [11, 6.1, 12, 13], "texture": "#0"},
				"down": {"uv": [10, 6.1, 11, 13], "texture": "#0"}
			}
		},
		{
			"from": [4.5, 3.5, 11.5],
			"to": [11.5, 4.5, 12.5],
			"faces": {
				"north": {"uv": [9.2, 7, 16, 8], "texture": "#0"},
				"east": {"uv": [10, 9, 11, 10], "texture": "#0"},
				"south": {"uv": [9.3, 7.9, 16, 9], "texture": "#0"},
				"west": {"uv": [10, 7, 11, 8], "texture": "#0"},
				"up": {"uv": [9.2, 7, 16, 8], "texture": "#0"},
				"down": {"uv": [9.2, 7, 16, 8], "texture": "#0"}
			}
		}
	],
	"display": {
		"thirdperson_righthand": {
			"translation": [1.25, 1, -0.25],
			"scale": [0.75, 0.75, 0.75]
		},
		"thirdperson_lefthand": {
			"rotation": [70, 0, 0],
			"translation": [4, -2, 18],
			"scale": [0.66, 0.66, 0.66]
		},
		"firstperson_lefthand": {
			"translation": [80, -80, -80]
		},
		"ground": {
			"translation": [0, 2.25, 0]
		},
		"gui": {
			"rotation": [-7, 158, 7],
			"translation": [0.75, 3, 0],
			"scale": [1.25, 1.25, 1.25]
		},
		"head": {
			"translation": [0, 19, 0]
		},
		"fixed": {
			"translation": [0, 2.5, 0]
		}
	},
	"groups": [
		{
			"name": "group",
			"origin": [0, 0, 0],
			"color": 0,
			"children": [0, 1, 2, 3, 4, 5]
		},
		6,
		7,
		8,
		9,
		10,
		11,
		12,
		13,
		14,
		15,
		16
	]
}